IndicatorCode,Indicator,ValueType,ParentLocationCode,ParentLocation,Location type,SpatialDimValueCode,Location,Period type,Period,IsLatestYear,Dim1 type,Dim1,Dim1ValueCode,Dim2 type,Dim2,Dim2ValueCode,Dim3 type,Dim3,Dim3ValueCode,DataSourceDimValueCode,DataSource,FactValueNumericPrefix,FactValueNumeric,FactValueUoM,FactValueNumericLowPrefix,FactValueNumericLow,FactValueNumericHighPrefix,FactValueNumericHigh,Value,FactValueTranslationID,FactComments,Language,DateModified
MALARIA_EST_CASES,Estimated number of malaria cases,text,AFR,Africa,Country,DZA,Algeria,Year,2024,true,,,,,,,,,,,,,0,,,,,,0,,,EN,2025-12-19T00:00:00.000Z
MALARIA_EST_CASES,Estimated number of malaria cases,text,AMR,Americas,Country,ARG,Argentina,Year,2024,true,,,,,,,,,,,,,0,,,,,,0,,,EN,2025-12-19T00:00:00.000Z
MALARIA_EST_CASES,Estimated number of malaria cases,text,EUR,Europe,Country,ARM,Armenia,Year,2024,true,,,,,,,,,,,,,0,,,,,,0,,,EN,2025-12-19T00:00:00.000Z
MALARIA_EST_CASES,Estimated number of malaria cases,text,EUR,Europe,Country,AZE,Azerbaijan,Year,2024,true,,,,,,,,,,,,,0,,,,,,0,,,EN,2025-12-19T00:00:00.000Z
MALARIA_EST_CASES,Estimated number of malaria cases,text,AMR,Americas,Country,BLZ,Belize,Year,2024,true,,,,,,,,,,,,,0,,,,,,0,,,EN,2025-12-19T00:00:00.000Z
MALARIA_EST_CASES,Estimated number of malaria cases,text,SEAR,South-East Asia,Country,BTN,Bhutan,Year,2024,true,,,,,,,,,,,,,0,,,,,,0,,,EN,2025-12-19T00:00:00.000Z
MALARIA_EST_CASES,Estimated number of malaria cases,text,WPR,Western Pacific,Country,CHN,China,Year,2024,true,,,,,,,,,,,,,0,,,,,,0,,,EN,2025-12-19T00:00:00.000Z
MALARIA_EST_CASES,Estimated number of malaria cases,text,EMR,Eastern Mediterranean,Country,EGY,Egypt,Year,2024,true,,,,,,,,,,,,,0,,,,,,0,,,EN,2025-12-19T00:00:00.000Z
MALARIA_EST_CASES,Estimated number of malaria cases,text,AMR,Americas,Country,SLV,El Salvador,Year,2024,true,,,,,,,,,,,,,0,,,,,,0,,,EN,2025-12-19T00:00:00.000Z
MALARIA_EST_CASES,Estimated number of malaria cases,text,EUR,Europe,Country,GEO,Georgia,Year,2024,true,,,,,,,,,,,,,0,,,,,,0,,,EN,2025-12-19T00:00:00.000Z
MALARIA_EST_CASES,Estimated number of malaria cases,text,EMR,Eastern Mediterranean,Country,IRQ,Iraq,Year,2024,true,,,,,,,,,,,,,0,,,,,,0,,,EN,2025-12-19T00:00:00.000Z
MALARIA_EST_CASES,Estimated number of malaria cases,text,EUR,Europe,Country,KAZ,Kazakhstan,Year,2024,true,,,,,,,,,,,,,0,,,,,,0,,,EN,2025-12-19T00:00:00.000Z
MALARIA_EST_CASES,Estimated number of malaria cases,text,EUR,Europe,Country,KGZ,Kyrgyzstan,Year,2024,true,,,,,,,,,,,,,0,,,,,,0,,,EN,2025-12-19T00:00:00.000Z
MALARIA_EST_CASES,Estimated number of malaria cases,text,WPR,Western Pacific,Country,MYS,Malaysia,Year,2024,true,,,,,,,,,,,,,0,,,,,,0,,,EN,2025-12-19T00:00:00.000Z
MALARIA_EST_CASES,Estimated number of malaria cases,text,EMR,Eastern Mediterranean,Country,MAR,Morocco,Year,2024,true,,,,,,,,,,,,,0,,,,,,0,,,EN,2025-12-19T00:00:00.000Z
MALARIA_EST_CASES,Estimated number of malaria cases,text,EMR,Eastern Mediterranean,Country,OMN,Oman,Year,2024,true,,,,,,,,,,,,,0,,,,,,0,,,EN,2025-12-19T00:00:00.000Z
MALARIA_EST_CASES,Estimated number of malaria cases,text,AMR,Americas,Country,PRY,Paraguay,Year,2024,true,,,,,,,,,,,,,0,,,,,,0,,,EN,2025-12-19T00:00:00.000Z
MALARIA_EST_CASES,Estimated number of malaria cases,text,EMR,Eastern Mediterranean,Country,SAU,Saudi Arabia,Year,2024,true,,,,,,,,,,,,,0,,,,,,0,,,EN,2025-12-19T00:00:00.000Z
MALARIA_EST_CASES,Estimated number of malaria cases,text,SEAR,South-East Asia,Country,LKA,Sri Lanka,Year,2024,true,,,,,,,,,,,,,0,,,,,,0,,,EN,2025-12-19T00:00:00.000Z
MALARIA_EST_CASES,Estimated number of malaria cases,text,AMR,Americas,Country,SUR,Suriname,Year,2024,true,,,,,,,,,,,,,0,,,,,,0,,,EN,2025-12-19T00:00:00.000Z
MALARIA_EST_CASES,Estimated number of malaria cases,text,EMR,Eastern Mediterranean,Country,SYR,Syrian Arab Republic,Year,2024,true,,,,,,,,,,,,,0,,,,,,0,,,EN,2025-12-19T00:00:00.000Z
MALARIA_EST_CASES,Estimated number of malaria cases,text,EUR,Europe,Country,TUR,Türkiye,Year,2024,true,,,,,,,,,,,,,0,,,,,,0,,,EN,2025-12-19T00:00:00.000Z
MALARIA_EST_CASES,Estimated number of malaria cases,text,EUR,Europe,Country,TJK,Tajikistan,Year,2024,true,,,,,,,,,,,,,0,,,,,,0,,,EN,2025-12-19T00:00:00.000Z
MALARIA_EST_CASES,Estimated number of malaria cases,text,SEAR,South-East Asia,Country,TLS,Timor-Leste,Year,2024,true,,,,,,,,,,,,,0,,,,,,0,,,EN,2025-12-19T00:00:00.000Z
MALARIA_EST_CASES,Estimated number of malaria cases,text,EUR,Europe,Country,TKM,Turkmenistan,Year,2024,true,,,,,,,,,,,,,0,,,,,,0,,,EN,2025-12-19T00:00:00.000Z
MALARIA_EST_CASES,Estimated number of malaria cases,text,EMR,Eastern Mediterranean,Country,ARE,United Arab Emirates,Year,2024,true,,,,,,,,,,,,,0,,,,,,0,,,EN,2025-12-19T00:00:00.000Z
MALARIA_EST_CASES,Estimated number of malaria cases,text,EUR,Europe,Country,UZB,Uzbekistan,Year,2024,true,,,,,,,,,,,,,0,,,,,,0,,,EN,2025-12-19T00:00:00.000Z
MALARIA_EST_CASES,Estimated number of malaria cases,text,AFR,Africa,Country,MYT,Mayotte,Year,2024,true,,,,,,,,,,,,,0,,,0,,0,0 [0-0],,,EN,2025-12-19T00:00:00.000Z
MALARIA_EST_CASES,Estimated number of malaria cases,text,EMR,Eastern Mediterranean,Country,SOM,Somalia,Year,2024,true,,,,,,,,,,,,,1012760,,,542000,,1752000,1 012 760 [542 000-1 752 000],,,EN,2025-12-19T00:00:00.000Z
MALARIA_EST_CASES,Estimated number of malaria cases,text,AFR,Africa,Country,RWA,Rwanda,Year,2024,true,,,,,,,,,,,,,1099728,,,855000,,1354000,1 099 728 [855 000-1 354 000],,,EN,2025-12-19T00:00:00.000Z
MALARIA_EST_CASES,Estimated number of malaria cases,text,EMR,Eastern Mediterranean,Country,YEM,Yemen,Year,2024,true,,,,,,,,,,,,,1362711,,,848000,,2112000,1 362 711 [848 000-2 112 000],,,EN,2025-12-19T00:00:00.000Z
MALARIA_EST_CASES,Estimated number of malaria cases,text,AFR,Africa,Country,COG,Congo,Year,2024,true,,,,,,,,,,,,,1399717,,,827000,,2219000,1 399 717 [827 000-2 219 000],,,EN,2025-12-19T00:00:00.000Z
MALARIA_EST_CASES,Estimated number of malaria cases,text,WPR,Western Pacific,Country,PNG,Papua New Guinea,Year,2024,true,,,,,,,,,,,,,1605117,,,1115000,,2136000,1 605 117 [1 115 000-2 136 000],,,EN,2025-12-19T00:00:00.000Z
MALARIA_EST_CASES,Estimated number of malaria cases,text,AFR,Africa,Country,CAF,Central African Republic,Year,2024,true,,,,,,,,,,,,,1832924,,,900000,,3402000,1 832 924 [900 000-3 402 000],,,EN,2025-12-19T00:00:00.000Z
MALARIA_EST_CASES,Estimated number of malaria cases,text,AFR,Africa,Country,MOZ,Mozambique,Year,2024,true,,,,,,,,,,,,,10219719,,,7732000,,13070000,10 219 719 [7 732 000-13 070 000],,,EN,2025-12-19T00:00:00.000Z
MALARIA_EST_CASES,Estimated number of malaria cases,text,AMR,Americas,Country,PAN,Panama,Year,2024,true,,,,,,,,,,,,,10600,,,,,,10 600,,,EN,2025-12-19T00:00:00.000Z
MALARIA_EST_CASES,Estimated number of malaria cases,text,AMR,Americas,Country,VEN,Venezuela (Bolivarian Republic of),Year,2024,true,,,,,,,,,,,,,110613,,,98000,,128000,110 613 [98 000-128 000],,,EN,2025-12-19T00:00:00.000Z
MALARIA_EST_CASES,Estimated number of malaria cases,text,AFR,Africa,Country,ETH,Ethiopia,Year,2024,true,,,,,,,,,,,,,12436942,,,6876000,,18640000,12 436 942 [6 876 000-18 640 000],,,EN,2025-12-19T00:00:00.000Z
MALARIA_EST_CASES,Estimated number of malaria cases,text,AMR,Americas,Country,DOM,Dominican Republic,Year,2024,true,,,,,,,,,,,,,1203,,,,,,1203,,,EN,2025-12-19T00:00:00.000Z
MALARIA_EST_CASES,Estimated number of malaria cases,text,AFR,Africa,Country,UGA,Uganda,Year,2024,true,,,,,,,,,,,,,13215579,,,7711000,,21340000,13 215 579 [7 711 000-21 340 000],,,EN,2025-12-19T00:00:00.000Z
MALARIA_EST_CASES,Estimated number of malaria cases,text,AFR,Africa,Country,ZWE,Zimbabwe,Year,2024,true,,,,,,,,,,,,,148833,,,89000,,214000,148 833 [89 000-214 000],,,EN,2025-12-19T00:00:00.000Z
MALARIA_EST_CASES,Estimated number of malaria cases,text,SEAR,South-East Asia,Country,BGD,Bangladesh,Year,2024,true,,,,,,,,,,,,,16096,,,14000,,19000,16 096 [14 000-19 000],,,EN,2025-12-19T00:00:00.000Z
MALARIA_EST_CASES,Estimated number of malaria cases,text,AMR,Americas,Country,BRA,Brazil,Year,2024,true,,,,,,,,,,,,,161548,,,145000,,175000,161 548 [145 000-175 000],,,EN,2025-12-19T00:00:00.000Z
MALARIA_EST_CASES,Estimated number of malaria cases,text,AFR,Africa,Country,NAM,Namibia,Year,2024,true,,,,,,,,,,,,,17315,,,14000,,21000,17 315 [14 000-21 000],,,EN,2025-12-19T00:00:00.000Z
MALARIA_EST_CASES,Estimated number of malaria cases,text,AMR,Americas,Country,COL,Colombia,Year,2024,true,,,,,,,,,,,,,177870,,,136000,,223000,177 870 [136 000-223 000],,,EN,2025-12-19T00:00:00.000Z
MALARIA_EST_CASES,Estimated number of malaria cases,text,WPR,Western Pacific,Country,SLB,Solomon Islands,Year,2024,true,,,,,,,,,,,,,181892,,,154000,,218000,181 892 [154 000-218 000],,,EN,2025-12-19T00:00:00.000Z
MALARIA_EST_CASES,Estimated number of malaria cases,text,AFR,Africa,Country,CPV,Cabo Verde,Year,2024,true,,,,,,,,,,,,,19,,,,,,19,,,EN,2025-12-19T00:00:00.000Z
MALARIA_EST_CASES,Estimated number of malaria cases,text,AFR,Africa,Country,SWZ,Eswatini,Year,2024,true,,,,,,,,,,,,,193,,,,,,193,,,EN,2025-12-19T00:00:00.000Z
MALARIA_EST_CASES,Estimated number of malaria cases,text,SEAR,South-East Asia,Country,IND,India,Year,2024,true,,,,,,,,,,,,,2007280,,,1501000,,2603000,2 007 280 [1 501 000-2 603 000],,,EN,2025-12-19T00:00:00.000Z
MALARIA_EST_CASES,Estimated number of malaria cases,text,AFR,Africa,Country,TGO,Togo,Year,2024,true,,,,,,,,,,,,,2371693,,,1583000,,3397000,2 371 693 [1 583 000-3 397 000],,,EN,2025-12-19T00:00:00.000Z
MALARIA_EST_CASES,Estimated number of malaria cases,text,AFR,Africa,Country,SLE,Sierra Leone,Year,2024,true,,,,,,,,,,,,,2442803,,,1327000,,4098000,2 442 803 [1 327 000-4 098 000],,,EN,2025-12-19T00:00:00.000Z
MALARIA_EST_CASES,Estimated number of malaria cases,text,EMR,Eastern Mediterranean,Country,IRN,Iran (Islamic Republic of),Year,2024,true,,,,,,,,,,,,,2034,,,,,,2034,,,EN,2025-12-19T00:00:00.000Z
MALARIA_EST_CASES,Estimated number of malaria cases,text,AFR,Africa,Country,GMB,Gambia,Year,2024,true,,,,,,,,,,,,,208225,,,162000,,259000,208 225 [162 000-259 000],,,EN,2025-12-19T00:00:00.000Z
MALARIA_EST_CASES,Estimated number of malaria cases,text,AMR,Americas,Country,BOL,Bolivia (Plurinational State of),Year,2024,true,,,,,,,,,,,,,21560,,,17000,,26000,21 560 [17 000-26 000],,,EN,2025-12-19T00:00:00.000Z
MALARIA_EST_CASES,Estimated number of malaria cases,text,AMR,Americas,Country,HND,Honduras,Year,2024,true,,,,,,,,,,,,,2292,,,,,,2292,,,EN,2025-12-19T00:00:00.000Z
MALARIA_EST_CASES,Estimated number of malaria cases,text,WPR,Western Pacific,Country,PHL,Philippines,Year,2024,true,,,,,,,,,,,,,23742,,,17000,,32000,23 742 [17 000-32 000],,,EN,2025-12-19T00:00:00.000Z
MALARIA_EST_CASES,Estimated number of malaria cases,text,WPR,Western Pacific,Country,VNM,Viet Nam,Year,2024,true,,,,,,,,,,,,,239,,,,,,239,,,EN,2025-12-19T00:00:00.000Z
MALARIA_EST_CASES,Estimated number of malaria cases,text,AMR,Americas,Country,CRI,Costa Rica,Year,2024,true,,,,,,,,,,,,,240,,,,,,240,,,EN,2025-12-19T00:00:00.000Z
MALARIA_EST_CASES,Estimated number of malaria cases,text,AFR,Africa,Country,GNB,Guinea-Bissau,Year,2024,true,,,,,,,,,,,,,242430,,,67000,,651000,242 430 [67 000-651 000],,,EN,2025-12-19T00:00:00.000Z
MALARIA_EST_CASES,Estimated number of malaria cases,text,AMR,Americas,Country,GUF,French Guiana,Year,2024,true,,,,,,,,,,,,,246,,,,,,246,,,EN,2025-12-19T00:00:00.000Z
MALARIA_EST_CASES,Estimated number of malaria cases,text,AMR,Americas,Country,MEX,Mexico,Year,2024,true,,,,,,,,,,,,,266,,,,,,266,,,EN,2025-12-19T00:00:00.000Z
MALARIA_EST_CASES,Estimated number of malaria cases,text,AMR,Americas,Country,GTM,Guatemala,Year,2024,true,,,,,,,,,,,,,2925,,,,,,2925,,,EN,2025-12-19T00:00:00.000Z
MALARIA_EST_CASES,Estimated number of malaria cases,text,AFR,Africa,Country,SSD,South Sudan,Year,2024,true,,,,,,,,,,,,,3034559,,,1827000,,4663000,3 034 559 [1 827 000-4 663 000],,,EN,2025-12-19T00:00:00.000Z
MALARIA_EST_CASES,Estimated number of malaria cases,text,EMR,Eastern Mediterranean,Country,PAK,Pakistan,Year,2024,true,,,,,,,,,,,,,3154909,,,2498000,,4243000,3 154 909 [2 498 000-4 243 000],,,EN,2025-12-19T00:00:00.000Z
MALARIA_EST_CASES,Estimated number of malaria cases,text,AMR,Americas,Country,GUY,Guyana,Year,2024,true,,,,,,,,,,,,,32197,,,27000,,37000,32 197 [27 000-37 000],,,EN,2025-12-19T00:00:00.000Z
MALARIA_EST_CASES,Estimated number of malaria cases,text,WPR,Western Pacific,Country,KHM,Cambodia,Year,2024,true,,,,,,,,,,,,,322,,,,,,322,,,EN,2025-12-19T00:00:00.000Z
MALARIA_EST_CASES,Estimated number of malaria cases,text,AFR,Africa,Country,BWA,Botswana,Year,2024,true,,,,,,,,,,,,,335,,,260,,470,335 [260-470],,,EN,2025-12-19T00:00:00.000Z
MALARIA_EST_CASES,Estimated number of malaria cases,text,AFR,Africa,Country,COD,Democratic Republic of the Congo,Year,2024,true,,,,,,,,,,,,,35175261,,,26570000,,45560000,35 175 261 [26 570 000-45 560 000],,,EN,2025-12-19T00:00:00.000Z
MALARIA_EST_CASES,Estimated number of malaria cases,text,AFR,Africa,Country,MRT,Mauritania,Year,2024,true,,,,,,,,,,,,,359550,,,170000,,622000,359 550 [170 000-622 000],,,EN,2025-12-19T00:00:00.000Z
MALARIA_EST_CASES,Estimated number of malaria cases,text,AFR,Africa,Country,ERI,Eritrea,Year,2024,true,,,,,,,,,,,,,362132,,,232000,,505000,362 132 [232 000-505 000],,,EN,2025-12-19T00:00:00.000Z
MALARIA_EST_CASES,Estimated number of malaria cases,text,SEAR,South-East Asia,Country,NPL,Nepal,Year,2024,true,,,,,,,,,,,,,37,,,,,,37,,,EN,2025-12-19T00:00:00.000Z
MALARIA_EST_CASES,Estimated number of malaria cases,text,AMR,Americas,Country,ECU,Ecuador,Year,2024,true,,,,,,,,,,,,,380,,,,,,380,,,EN,2025-12-19T00:00:00.000Z
MALARIA_EST_CASES,Estimated number of malaria cases,text,EMR,Eastern Mediterranean,Country,DJI,Djibouti,Year,2024,true,,,,,,,,,,,,,39523,,,,,,39 523,,,EN,2025-12-19T00:00:00.000Z
MALARIA_EST_CASES,Estimated number of malaria cases,text,AFR,Africa,Country,TCD,Chad,Year,2024,true,,,,,,,,,,,,,4138603,,,2442000,,6627000,4 138 603 [2 442 000-6 627 000],,,EN,2025-12-19T00:00:00.000Z
MALARIA_EST_CASES,Estimated number of malaria cases,text,AFR,Africa,Country,KEN,Kenya,Year,2024,true,,,,,,,,,,,,,4185536,,,2105000,,7394000,4 185 536 [2 105 000-7 394 000],,,EN,2025-12-19T00:00:00.000Z
MALARIA_EST_CASES,Estimated number of malaria cases,text,AFR,Africa,Country,GIN,Guinea,Year,2024,true,,,,,,,,,,,,,4221103,,,2923000,,5912000,4 221 103 [2 923 000-5 912 000],,,EN,2025-12-19T00:00:00.000Z
MALARIA_EST_CASES,Estimated number of malaria cases,text,AFR,Africa,Country,BDI,Burundi,Year,2024,true,,,,,,,,,,,,,4423640,,,2641000,,6987000,4 423 640 [2 641 000-6 987 000],,,EN,2025-12-19T00:00:00.000Z
MALARIA_EST_CASES,Estimated number of malaria cases,text,EMR,Eastern Mediterranean,Country,SDN,Sudan,Year,2024,true,,,,,,,,,,,,,4956698,,,2844000,,8055000,4 956 698 [2 844 000-8 055 000],,,EN,2025-12-19T00:00:00.000Z
MALARIA_EST_CASES,Estimated number of malaria cases,text,WPR,Western Pacific,Country,VUT,Vanuatu,Year,2024,true,,,,,,,,,,,,,4014,,,2400,,6300,4014 [2400-6300],,,EN,2025-12-19T00:00:00.000Z
MALARIA_EST_CASES,Estimated number of malaria cases,text,AMR,Americas,Country,PER,Peru,Year,2024,true,,,,,,,,,,,,,43611,,,36000,,52000,43 611 [36 000-52 000],,,EN,2025-12-19T00:00:00.000Z
MALARIA_EST_CASES,Estimated number of malaria cases,text,AFR,Africa,Country,GNQ,Equatorial Guinea,Year,2024,true,,,,,,,,,,,,,430983,,,282000,,632000,430 983 [282 000-632 000],,,EN,2025-12-19T00:00:00.000Z
MALARIA_EST_CASES,Estimated number of malaria cases,text,AFR,Africa,Country,GAB,Gabon,Year,2024,true,,,,,,,,,,,,,474789,,,259000,,795000,474 789 [259 000-795 000],,,EN,2025-12-19T00:00:00.000Z
MALARIA_EST_CASES,Estimated number of malaria cases,text,AFR,Africa,Country,BEN,Benin,Year,2024,true,,,,,,,,,,,,,5123465,,,3296000,,7629000,5 123 465 [3 296 000-7 629 000],,,EN,2025-12-19T00:00:00.000Z
MALARIA_EST_CASES,Estimated number of malaria cases,text,AFR,Africa,Country,ZMB,Zambia,Year,2024,true,,,,,,,,,,,,,5380115,,,4333000,,6652000,5 380 115 [4 333 000-6 652 000],,,EN,2025-12-19T00:00:00.000Z
MALARIA_EST_CASES,Estimated number of malaria cases,text,SEAR,South-East Asia,Country,PRK,Democratic People's Republic of Korea,Year,2024,true,,,,,,,,,,,,,5233,,,,,,5233,,,EN,2025-12-19T00:00:00.000Z
MALARIA_EST_CASES,Estimated number of malaria cases,text,WPR,Western Pacific,Country,LAO,Lao People's Democratic Republic,Year,2024,true,,,,,,,,,,,,,538,,,390,,710,538 [390-710],,,EN,2025-12-19T00:00:00.000Z
MALARIA_EST_CASES,Estimated number of malaria cases,text,AFR,Africa,Country,COM,Comoros,Year,2024,true,,,,,,,,,,,,,54413,,,,,,54 413,,,EN,2025-12-19T00:00:00.000Z
MALARIA_EST_CASES,Estimated number of malaria cases,text,EMR,Eastern Mediterranean,Country,AFG,Afghanistan,Year,2024,true,,,,,,,,,,,,,584876,,,450000,,745000,584 876 [450 000-745 000],,,EN,2025-12-19T00:00:00.000Z
MALARIA_EST_CASES,Estimated number of malaria cases,text,AFR,Africa,Country,MWI,Malawi,Year,2024,true,,,,,,,,,,,,,6378088,,,4143000,,9341000,6 378 088 [4 143 000-9 341 000],,,EN,2025-12-19T00:00:00.000Z
MALARIA_EST_CASES,Estimated number of malaria cases,text,AFR,Africa,Country,GHA,Ghana,Year,2024,true,,,,,,,,,,,,,6739843,,,4669000,,9434000,6 739 843 [4 669 000-9 434 000],,,EN,2025-12-19T00:00:00.000Z
MALARIA_EST_CASES,Estimated number of malaria cases,text,WPR,Western Pacific,Country,IDN,Indonesia,Year,2024,true,,,,,,,,,,,,,631231,,,588000,,685000,631 231 [588 000-685 000],,,EN,2025-12-19T00:00:00.000Z
MALARIA_EST_CASES,Estimated number of malaria cases,text,AMR,Americas,Country,NIC,Nicaragua,Year,2024,true,,,,,,,,,,,,,6352,,,5300,,7500,6352 [5300-7500],,,EN,2025-12-19T00:00:00.000Z
MALARIA_EST_CASES,Estimated number of malaria cases,text,WPR,Western Pacific,Country,KOR,Republic of Korea,Year,2024,true,,,,,,,,,,,,,640,,,,,,640,,,EN,2025-12-19T00:00:00.000Z
MALARIA_EST_CASES,Estimated number of malaria cases,text,AFR,Africa,Country,NGA,Nigeria,Year,2024,true,,,,,,,,,,,,,68466353,,,49100000,,92460000,68 466 353 [49 100 000-92 460 000],,,EN,2025-12-19T00:00:00.000Z
MALARIA_EST_CASES,Estimated number of malaria cases,text,AFR,Africa,Country,SEN,Senegal,Year,2024,true,,,,,,,,,,,,,680515,,,535000,,839000,680 515 [535 000-839 000],,,EN,2025-12-19T00:00:00.000Z
MALARIA_EST_CASES,Estimated number of malaria cases,text,AFR,Africa,Country,CMR,Cameroon,Year,2024,true,,,,,,,,,,,,,7585555,,,5542000,,10180000,7 585 555 [5 542 000-10 180 000],,,EN,2025-12-19T00:00:00.000Z
MALARIA_EST_CASES,Estimated number of malaria cases,text,SEAR,South-East Asia,Country,MMR,Myanmar,Year,2024,true,,,,,,,,,,,,,701778,,,422000,,2943000,701 778 [422 000-2 943 000],,,EN,2025-12-19T00:00:00.000Z
MALARIA_EST_CASES,Estimated number of malaria cases,text,AFR,Africa,Country,STP,Sao Tome and Principe,Year,2024,true,,,,,,,,,,,,,7087,,,,,,7087,,,EN,2025-12-19T00:00:00.000Z
MALARIA_EST_CASES,Estimated number of malaria cases,text,AFR,Africa,Country,ZAF,South Africa,Year,2024,true,,,,,,,,,,,,,735,,,,,,735,,,EN,2025-12-19T00:00:00.000Z
MALARIA_EST_CASES,Estimated number of malaria cases,text,SEAR,South-East Asia,Country,THA,Thailand,Year,2024,true,,,,,,,,,,,,,7878,,,,,,7878,,,EN,2025-12-19T00:00:00.000Z
MALARIA_EST_CASES,Estimated number of malaria cases,text,AFR,Africa,Country,MDG,Madagascar,Year,2024,true,,,,,,,,,,,,,8165311,,,5216000,,11340000,8 165 311 [5 216 000-11 340 000],,,EN,2025-12-19T00:00:00.000Z
MALARIA_EST_CASES,Estimated number of malaria cases,text,AFR,Africa,Country,NER,Niger,Year,2024,true,,,,,,,,,,,,,8248768,,,4791000,,13500000,8 248 768 [4 791 000-13 500 000],,,EN,2025-12-19T00:00:00.000Z
MALARIA_EST_CASES,Estimated number of malaria cases,text,AFR,Africa,Country,BFA,Burkina Faso,Year,2024,true,,,,,,,,,,,,,8324231,,,5507000,,12060000,8 324 231 [5 507 000-12 060 000],,,EN,2025-12-19T00:00:00.000Z
MALARIA_EST_CASES,Estimated number of malaria cases,text,AFR,Africa,Country,MLI,Mali,Year,2024,true,,,,,,,,,,,,,8474969,,,5972000,,12050000,8 474 969 [5 972 000-12 050 000],,,EN,2025-12-19T00:00:00.000Z
MALARIA_EST_CASES,Estimated number of malaria cases,text,AFR,Africa,Country,CIV,Cote d'Ivoire,Year,2024,true,,,,,,,,,,,,,8556747,,,5693000,,12410000,8 556 747 [5 693 000-12 410 000],,,EN,2025-12-19T00:00:00.000Z
MALARIA_EST_CASES,Estimated number of malaria cases,text,AFR,Africa,Country,TZA,United Republic of Tanzania,Year,2024,true,,,,,,,,,,,,,9373891,,,6655000,,12930000,9 373 891 [6 655 000-12 930 000],,,EN,2025-12-19T00:00:00.000Z
MALARIA_EST_CASES,Estimated number of malaria cases,text,AFR,Africa,Country,AGO,Angola,Year,2024,true,,,,,,,,,,,,,9808643,,,6072000,,14860000,9 808 643 [6 072 000-14 860 000],,,EN,2025-12-19T00:00:00.000Z
MALARIA_EST_CASES,Estimated number of malaria cases,text,AMR,Americas,Country,HTI,Haiti,Year,2024,true,,,,,,,,,,,,,91461,,,56000,,143000,91 461 [56 000-143 000],,,EN,2025-12-19T00:00:00.000Z
MALARIA_EST_CASES,Estimated number of malaria cases,text,AFR,Africa,Country,LBR,Liberia,Year,2024,true,,,,,,,,,,,,,967319,,,581000,,1504000,967 319 [581 000-1 504 000],,,EN,2025-12-19T00:00:00.000Z
MALARIA_EST_CASES,Estimated number of malaria cases,text,AFR,Africa,Country,DZA,Algeria,Year,2023,false,,,,,,,,,,,,,0,,,,,,0,,,EN,2025-12-19T00:00:00.000Z
MALARIA_EST_CASES,Estimated number of malaria cases,text,AMR,Americas,Country,ARG,Argentina,Year,2023,false,,,,,,,,,,,,,0,,,,,,0,,,EN,2025-12-19T00:00:00.000Z
MALARIA_EST_CASES,Estimated number of malaria cases,text,EUR,Europe,Country,ARM,Armenia,Year,2023,false,,,,,,,,,,,,,0,,,,,,0,,,EN,2025-12-19T00:00:00.000Z
MALARIA_EST_CASES,Estimated number of malaria cases,text,EUR,Europe,Country,AZE,Azerbaijan,Year,2023,false,,,,,,,,,,,,,0,,,,,,0,,,EN,2025-12-19T00:00:00.000Z
MALARIA_EST_CASES,Estimated number of malaria cases,text,AMR,Americas,Country,BLZ,Belize,Year,2023,false,,,,,,,,,,,,,0,,,,,,0,,,EN,2025-12-19T00:00:00.000Z
MALARIA_EST_CASES,Estimated number of malaria cases,text,SEAR,South-East Asia,Country,BTN,Bhutan,Year,2023,false,,,,,,,,,,,,,0,,,,,,0,,,EN,2025-12-19T00:00:00.000Z
MALARIA_EST_CASES,Estimated number of malaria cases,text,AFR,Africa,Country,CPV,Cabo Verde,Year,2023,false,,,,,,,,,,,,,0,,,,,,0,,,EN,2025-12-19T00:00:00.000Z
MALARIA_EST_CASES,Estimated number of malaria cases,text,WPR,Western Pacific,Country,CHN,China,Year,2023,false,,,,,,,,,,,,,0,,,,,,0,,,EN,2025-12-19T00:00:00.000Z
MALARIA_EST_CASES,Estimated number of malaria cases,text,EMR,Eastern Mediterranean,Country,EGY,Egypt,Year,2023,false,,,,,,,,,,,,,0,,,,,,0,,,EN,2025-12-19T00:00:00.000Z
MALARIA_EST_CASES,Estimated number of malaria cases,text,AMR,Americas,Country,SLV,El Salvador,Year,2023,false,,,,,,,,,,,,,0,,,,,,0,,,EN,2025-12-19T00:00:00.000Z
MALARIA_EST_CASES,Estimated number of malaria cases,text,EUR,Europe,Country,GEO,Georgia,Year,2023,false,,,,,,,,,,,,,0,,,,,,0,,,EN,2025-12-19T00:00:00.000Z
MALARIA_EST_CASES,Estimated number of malaria cases,text,EMR,Eastern Mediterranean,Country,IRQ,Iraq,Year,2023,false,,,,,,,,,,,,,0,,,,,,0,,,EN,2025-12-19T00:00:00.000Z
MALARIA_EST_CASES,Estimated number of malaria cases,text,EUR,Europe,Country,KAZ,Kazakhstan,Year,2023,false,,,,,,,,,,,,,0,,,,,,0,,,EN,2025-12-19T00:00:00.000Z
MALARIA_EST_CASES,Estimated number of malaria cases,text,EUR,Europe,Country,KGZ,Kyrgyzstan,Year,2023,false,,,,,,,,,,,,,0,,,,,,0,,,EN,2025-12-19T00:00:00.000Z
MALARIA_EST_CASES,Estimated number of malaria cases,text,WPR,Western Pacific,Country,MYS,Malaysia,Year,2023,false,,,,,,,,,,,,,0,,,,,,0,,,EN,2025-12-19T00:00:00.000Z
MALARIA_EST_CASES,Estimated number of malaria cases,text,EMR,Eastern Mediterranean,Country,MAR,Morocco,Year,2023,false,,,,,,,,,,,,,0,,,,,,0,,,EN,2025-12-19T00:00:00.000Z
MALARIA_EST_CASES,Estimated number of malaria cases,text,EMR,Eastern Mediterranean,Country,OMN,Oman,Year,2023,false,,,,,,,,,,,,,0,,,,,,0,,,EN,2025-12-19T00:00:00.000Z
MALARIA_EST_CASES,Estimated number of malaria cases,text,AMR,Americas,Country,PRY,Paraguay,Year,2023,false,,,,,,,,,,,,,0,,,,,,0,,,EN,2025-12-19T00:00:00.000Z
MALARIA_EST_CASES,Estimated number of malaria cases,text,EMR,Eastern Mediterranean,Country,SAU,Saudi Arabia,Year,2023,false,,,,,,,,,,,,,0,,,,,,0,,,EN,2025-12-19T00:00:00.000Z
MALARIA_EST_CASES,Estimated number of malaria cases,text,SEAR,South-East Asia,Country,LKA,Sri Lanka,Year,2023,false,,,,,,,,,,,,,0,,,,,,0,,,EN,2025-12-19T00:00:00.000Z
MALARIA_EST_CASES,Estimated number of malaria cases,text,AMR,Americas,Country,SUR,Suriname,Year,2023,false,,,,,,,,,,,,,0,,,,,,0,,,EN,2025-12-19T00:00:00.000Z
MALARIA_EST_CASES,Estimated number of malaria cases,text,EMR,Eastern Mediterranean,Country,SYR,Syrian Arab Republic,Year,2023,false,,,,,,,,,,,,,0,,,,,,0,,,EN,2025-12-19T00:00:00.000Z
MALARIA_EST_CASES,Estimated number of malaria cases,text,EUR,Europe,Country,TUR,Türkiye,Year,2023,false,,,,,,,,,,,,,0,,,,,,0,,,EN,2025-12-19T00:00:00.000Z
MALARIA_EST_CASES,Estimated number of malaria cases,text,EUR,Europe,Country,TJK,Tajikistan,Year,2023,false,,,,,,,,,,,,,0,,,,,,0,,,EN,2025-12-19T00:00:00.000Z
MALARIA_EST_CASES,Estimated number of malaria cases,text,SEAR,South-East Asia,Country,TLS,Timor-Leste,Year,2023,false,,,,,,,,,,,,,0,,,,,,0,,,EN,2025-12-19T00:00:00.000Z
MALARIA_EST_CASES,Estimated number of malaria cases,text,EUR,Europe,Country,TKM,Turkmenistan,Year,2023,false,,,,,,,,,,,,,0,,,,,,0,,,EN,2025-12-19T00:00:00.000Z
MALARIA_EST_CASES,Estimated number of malaria cases,text,EMR,Eastern Mediterranean,Country,ARE,United Arab Emirates,Year,2023,false,,,,,,,,,,,,,0,,,,,,0,,,EN,2025-12-19T00:00:00.000Z
MALARIA_EST_CASES,Estimated number of malaria cases,text,EUR,Europe,Country,UZB,Uzbekistan,Year,2023,false,,,,,,,,,,,,,0,,,,,,0,,,EN,2025-12-19T00:00:00.000Z
MALARIA_EST_CASES,Estimated number of malaria cases,text,AFR,Africa,Country,MYT,Mayotte,Year,2023,false,,,,,,,,,,,,,0,,,0,,0,0 [0-0],,,EN,2025-12-19T00:00:00.000Z
MALARIA_EST_CASES,Estimated number of malaria cases,text,AFR,Africa,Country,COG,Congo,Year,2023,false,,,,,,,,,,,,,1356914,,,792000,,2195000,1 356 914 [792 000-2 195 000],,,EN,2025-12-19T00:00:00.000Z
MALARIA_EST_CASES,Estimated number of malaria cases,text,WPR,Western Pacific,Country,PNG,Papua New Guinea,Year,2023,false,,,,,,,,,,,,,1529373,,,1055000,,2031000,1 529 373 [1 055 000-2 031 000],,,EN,2025-12-19T00:00:00.000Z
MALARIA_EST_CASES,Estimated number of malaria cases,text,AFR,Africa,Country,CAF,Central African Republic,Year,2023,false,,,,,,,,,,,,,1782652,,,855000,,3303000,1 782 652 [855 000-3 303 000],,,EN,2025-12-19T00:00:00.000Z
MALARIA_EST_CASES,Estimated number of malaria cases,text,SEAR,South-East Asia,Country,IND,India,Year,2023,false,,,,,,,,,,,,,1806918,,,1363000,,2274000,1 806 918 [1 363 000-2 274 000],,,EN,2025-12-19T00:00:00.000Z
MALARIA_EST_CASES,Estimated number of malaria cases,text,AFR,Africa,Country,MOZ,Mozambique,Year,2023,false,,,,,,,,,,,,,10208354,,,8124000,,12600000,10 208 354 [8 124 000-12 600 000],,,EN,2025-12-19T00:00:00.000Z
MALARIA_EST_CASES,Estimated number of malaria cases,text,WPR,Western Pacific,Country,LAO,Lao People's Democratic Republic,Year,2023,false,,,,,,,,,,,,,1141,,,830,,1500,1141 [830-1500],,,EN,2025-12-19T00:00:00.000Z
MALARIA_EST_CASES,Estimated number of malaria cases,text,AFR,Africa,Country,UGA,Uganda,Year,2023,false,,,,,,,,,,,,,13019258,,,7586000,,20730000,13 019 258 [7 586 000-20 730 000],,,EN,2025-12-19T00:00:00.000Z
MALARIA_EST_CASES,Estimated number of malaria cases,text,AMR,Americas,Country,BOL,Bolivia (Plurinational State of),Year,2023,false,,,,,,,,,,,,,13940,,,11000,,17000,13 940 [11 000-17 000],,,EN,2025-12-19T00:00:00.000Z
MALARIA_EST_CASES,Estimated number of malaria cases,text,AMR,Americas,Country,VEN,Venezuela (Bolivarian Republic of),Year,2023,false,,,,,,,,,,,,,134811,,,120000,,155000,134 811 [120 000-155 000],,,EN,2025-12-19T00:00:00.000Z
MALARIA_EST_CASES,Estimated number of malaria cases,text,WPR,Western Pacific,Country,KHM,Cambodia,Year,2023,false,,,,,,,,,,,,,1371,,,,,,1371,,,EN,2025-12-19T00:00:00.000Z
MALARIA_EST_CASES,Estimated number of malaria cases,text,AMR,Americas,Country,COL,Colombia,Year,2023,false,,,,,,,,,,,,,146665,,,112000,,184000,146 665 [112 000-184 000],,,EN,2025-12-19T00:00:00.000Z
MALARIA_EST_CASES,Estimated number of malaria cases,text,SEAR,South-East Asia,Country,NPL,Nepal,Year,2023,false,,,,,,,,,,,,,15,,,,,,15,,,EN,2025-12-19T00:00:00.000Z
MALARIA_EST_CASES,Estimated number of malaria cases,text,WPR,Western Pacific,Country,PHL,Philippines,Year,2023,false,,,,,,,,,,,,,15505,,,11000,,21000,15 505 [11 000-21 000],,,EN,2025-12-19T00:00:00.000Z
MALARIA_EST_CASES,Estimated number of malaria cases,text,AMR,Americas,Country,BRA,Brazil,Year,2023,false,,,,,,,,,,,,,163461,,,146000,,177000,163 461 [146 000-177 000],,,EN,2025-12-19T00:00:00.000Z
MALARIA_EST_CASES,Estimated number of malaria cases,text,AMR,Americas,Country,GUF,French Guiana,Year,2023,false,,,,,,,,,,,,,189,,,,,,189,,,EN,2025-12-19T00:00:00.000Z
MALARIA_EST_CASES,Estimated number of malaria cases,text,AFR,Africa,Country,NAM,Namibia,Year,2023,false,,,,,,,,,,,,,19376,,,15000,,24000,19 376 [15 000-24 000],,,EN,2025-12-19T00:00:00.000Z
MALARIA_EST_CASES,Estimated number of malaria cases,text,WPR,Western Pacific,Country,SLB,Solomon Islands,Year,2023,false,,,,,,,,,,,,,190734,,,166000,,225000,190 734 [166 000-225 000],,,EN,2025-12-19T00:00:00.000Z
MALARIA_EST_CASES,Estimated number of malaria cases,text,AFR,Africa,Country,SLE,Sierra Leone,Year,2023,false,,,,,,,,,,,,,2403478,,,1343000,,4010000,2 403 478 [1 343 000-4 010 000],,,EN,2025-12-19T00:00:00.000Z
MALARIA_EST_CASES,Estimated number of malaria cases,text,AFR,Africa,Country,TGO,Togo,Year,2023,false,,,,,,,,,,,,,2463762,,,1791000,,3292000,2 463 762 [1 791 000-3 292 000],,,EN,2025-12-19T00:00:00.000Z
MALARIA_EST_CASES,Estimated number of malaria cases,text,SEAR,South-East Asia,Country,BGD,Bangladesh,Year,2023,false,,,,,,,,,,,,,20376,,,17000,,24000,20 376 [17 000-24 000],,,EN,2025-12-19T00:00:00.000Z
MALARIA_EST_CASES,Estimated number of malaria cases,text,AFR,Africa,Country,COM,Comoros,Year,2023,false,,,,,,,,,,,,,21049,,,,,,21 049,,,EN,2025-12-19T00:00:00.000Z
MALARIA_EST_CASES,Estimated number of malaria cases,text,AFR,Africa,Country,GNB,Guinea-Bissau,Year,2023,false,,,,,,,,,,,,,210626,,,60000,,561000,210 626 [60 000-561 000],,,EN,2025-12-19T00:00:00.000Z
MALARIA_EST_CASES,Estimated number of malaria cases,text,AFR,Africa,Country,MRT,Mauritania,Year,2023,false,,,,,,,,,,,,,215283,,,93000,,405000,215 283 [93 000-405 000],,,EN,2025-12-19T00:00:00.000Z
MALARIA_EST_CASES,Estimated number of malaria cases,text,AFR,Africa,Country,ERI,Eritrea,Year,2023,false,,,,,,,,,,,,,219981,,,141000,,306000,219 981 [141 000-306 000],,,EN,2025-12-19T00:00:00.000Z
MALARIA_EST_CASES,Estimated number of malaria cases,text,AMR,Americas,Country,HTI,Haiti,Year,2023,false,,,,,,,,,,,,,23824,,,16000,,32000,23 824 [16 000-32 000],,,EN,2025-12-19T00:00:00.000Z
MALARIA_EST_CASES,Estimated number of malaria cases,text,AFR,Africa,Country,STP,Sao Tome and Principe,Year,2023,false,,,,,,,,,,,,,2348,,,,,,2348,,,EN,2025-12-19T00:00:00.000Z
MALARIA_EST_CASES,Estimated number of malaria cases,text,AFR,Africa,Country,GMB,Gambia,Year,2023,false,,,,,,,,,,,,,236079,,,184000,,294000,236 079 [184 000-294 000],,,EN,2025-12-19T00:00:00.000Z
MALARIA_EST_CASES,Estimated number of malaria cases,text,EMR,Eastern Mediterranean,Country,IRN,Iran (Islamic Republic of),Year,2023,false,,,,,,,,,,,,,2528,,,,,,2528,,,EN,2025-12-19T00:00:00.000Z
MALARIA_EST_CASES,Estimated number of malaria cases,text,AMR,Americas,Country,DOM,Dominican Republic,Year,2023,false,,,,,,,,,,,,,253,,,,,,253,,,EN,2025-12-19T00:00:00.000Z
MALARIA_EST_CASES,Estimated number of malaria cases,text,AMR,Americas,Country,HND,Honduras,Year,2023,false,,,,,,,,,,,,,2589,,,,,,2589,,,EN,2025-12-19T00:00:00.000Z
MALARIA_EST_CASES,Estimated number of malaria cases,text,AMR,Americas,Country,PER,Peru,Year,2023,false,,,,,,,,,,,,,29089,,,24000,,35000,29 089 [24 000-35 000],,,EN,2025-12-19T00:00:00.000Z
MALARIA_EST_CASES,Estimated number of malaria cases,text,AFR,Africa,Country,SSD,South Sudan,Year,2023,false,,,,,,,,,,,,,3042333,,,1920000,,4537000,3 042 333 [1 920 000-4 537 000],,,EN,2025-12-19T00:00:00.000Z
MALARIA_EST_CASES,Estimated number of malaria cases,text,AFR,Africa,Country,TCD,Chad,Year,2023,false,,,,,,,,,,,,,3919362,,,2332000,,6177000,3 919 362 [2 332 000-6 177 000],,,EN,2025-12-19T00:00:00.000Z
MALARIA_EST_CASES,Estimated number of malaria cases,text,AMR,Americas,Country,GTM,Guatemala,Year,2023,false,,,,,,,,,,,,,3046,,,,,,3046,,,EN,2025-12-19T00:00:00.000Z
MALARIA_EST_CASES,Estimated number of malaria cases,text,SEAR,South-East Asia,Country,PRK,Democratic People's Republic of Korea,Year,2023,false,,,,,,,,,,,,,3160,,,,,,3160,,,EN,2025-12-19T00:00:00.000Z
MALARIA_EST_CASES,Estimated number of malaria cases,text,AFR,Africa,Country,COD,Democratic Republic of the Congo,Year,2023,false,,,,,,,,,,,,,34412847,,,26070000,,44480000,34 412 847 [26 070 000-44 480 000],,,EN,2025-12-19T00:00:00.000Z
MALARIA_EST_CASES,Estimated number of malaria cases,text,AMR,Americas,Country,GUY,Guyana,Year,2023,false,,,,,,,,,,,,,35255,,,30000,,41000,35 255 [30 000-41 000],,,EN,2025-12-19T00:00:00.000Z
MALARIA_EST_CASES,Estimated number of malaria cases,text,WPR,Western Pacific,Country,VNM,Viet Nam,Year,2023,false,,,,,,,,,,,,,373,,,,,,373,,,EN,2025-12-19T00:00:00.000Z
MALARIA_EST_CASES,Estimated number of malaria cases,text,EMR,Eastern Mediterranean,Country,DJI,Djibouti,Year,2023,false,,,,,,,,,,,,,38944,,,,,,38 944,,,EN,2025-12-19T00:00:00.000Z
MALARIA_EST_CASES,Estimated number of malaria cases,text,AFR,Africa,Country,KEN,Kenya,Year,2023,false,,,,,,,,,,,,,4082575,,,2065000,,7352000,4 082 575 [2 065 000-7 352 000],,,EN,2025-12-19T00:00:00.000Z
MALARIA_EST_CASES,Estimated number of malaria cases,text,AFR,Africa,Country,GIN,Guinea,Year,2023,false,,,,,,,,,,,,,4112792,,,2882000,,5647000,4 112 792 [2 882 000-5 647 000],,,EN,2025-12-19T00:00:00.000Z
MALARIA_EST_CASES,Estimated number of malaria cases,text,EMR,Eastern Mediterranean,Country,PAK,Pakistan,Year,2023,false,,,,,,,,,,,,,4284621,,,3391000,,5719000,4 284 621 [3 391 000-5 719 000],,,EN,2025-12-19T00:00:00.000Z
MALARIA_EST_CASES,Estimated number of malaria cases,text,AFR,Africa,Country,BDI,Burundi,Year,2023,false,,,,,,,,,,,,,4425102,,,2836000,,6678000,4 425 102 [2 836 000-6 678 000],,,EN,2025-12-19T00:00:00.000Z
MALARIA_EST_CASES,Estimated number of malaria cases,text,EMR,Eastern Mediterranean,Country,SDN,Sudan,Year,2023,false,,,,,,,,,,,,,4882840,,,2872000,,7807000,4 882 840 [2 872 000-7 807 000],,,EN,2025-12-19T00:00:00.000Z
MALARIA_EST_CASES,Estimated number of malaria cases,text,EMR,Eastern Mediterranean,Country,AFG,Afghanistan,Year,2023,false,,,,,,,,,,,,,424307,,,326000,,539000,424 307 [326 000-539 000],,,EN,2025-12-19T00:00:00.000Z
MALARIA_EST_CASES,Estimated number of malaria cases,text,AFR,Africa,Country,GNQ,Equatorial Guinea,Year,2023,false,,,,,,,,,,,,,424586,,,273000,,629000,424 586 [273 000-629 000],,,EN,2025-12-19T00:00:00.000Z
MALARIA_EST_CASES,Estimated number of malaria cases,text,AMR,Americas,Country,MEX,Mexico,Year,2023,false,,,,,,,,,,,,,44,,,,,,44,,,EN,2025-12-19T00:00:00.000Z
MALARIA_EST_CASES,Estimated number of malaria cases,text,AFR,Africa,Country,GAB,Gabon,Year,2023,false,,,,,,,,,,,,,475347,,,299000,,715000,475 347 [299 000-715 000],,,EN,2025-12-19T00:00:00.000Z
MALARIA_EST_CASES,Estimated number of malaria cases,text,AFR,Africa,Country,BEN,Benin,Year,2023,false,,,,,,,,,,,,,5097786,,,3435000,,7287000,5 097 786 [3 435 000-7 287 000],,,EN,2025-12-19T00:00:00.000Z
MALARIA_EST_CASES,Estimated number of malaria cases,text,AFR,Africa,Country,ZMB,Zambia,Year,2023,false,,,,,,,,,,,,,5224073,,,4214000,,6398000,5 224 073 [4 214 000-6 398 000],,,EN,2025-12-19T00:00:00.000Z
MALARIA_EST_CASES,Estimated number of malaria cases,text,WPR,Western Pacific,Country,IDN,Indonesia,Year,2023,false,,,,,,,,,,,,,510209,,,476000,,553000,510 209 [476 000-553 000],,,EN,2025-12-19T00:00:00.000Z
MALARIA_EST_CASES,Estimated number of malaria cases,text,AFR,Africa,Country,ZAF,South Africa,Year,2023,false,,,,,,,,,,,,,5291,,,,,,5291,,,EN,2025-12-19T00:00:00.000Z
MALARIA_EST_CASES,Estimated number of malaria cases,text,AMR,Americas,Country,CRI,Costa Rica,Year,2023,false,,,,,,,,,,,,,543,,,,,,543,,,EN,2025-12-19T00:00:00.000Z
MALARIA_EST_CASES,Estimated number of malaria cases,text,WPR,Western Pacific,Country,VUT,Vanuatu,Year,2023,false,,,,,,,,,,,,,5748,,,3400,,9100,5748 [3400-9100],,,EN,2025-12-19T00:00:00.000Z
MALARIA_EST_CASES,Estimated number of malaria cases,text,AFR,Africa,Country,SWZ,Eswatini,Year,2023,false,,,,,,,,,,,,,597,,,,,,597,,,EN,2025-12-19T00:00:00.000Z
MALARIA_EST_CASES,Estimated number of malaria cases,text,AFR,Africa,Country,MWI,Malawi,Year,2023,false,,,,,,,,,,,,,6141690,,,4196000,,8638000,6 141 690 [4 196 000-8 638 000],,,EN,2025-12-19T00:00:00.000Z
MALARIA_EST_CASES,Estimated number of malaria cases,text,AFR,Africa,Country,MDG,Madagascar,Year,2023,false,,,,,,,,,,,,,6239945,,,3991000,,8713000,6 239 945 [3 991 000-8 713 000],,,EN,2025-12-19T00:00:00.000Z
MALARIA_EST_CASES,Estimated number of malaria cases,text,AFR,Africa,Country,GHA,Ghana,Year,2023,false,,,,,,,,,,,,,6585886,,,4871000,,8693000,6 585 886 [4 871 000-8 693 000],,,EN,2025-12-19T00:00:00.000Z
MALARIA_EST_CASES,Estimated number of malaria cases,text,AMR,Americas,Country,ECU,Ecuador,Year,2023,false,,,,,,,,,,,,,604,,,,,,604,,,EN,2025-12-19T00:00:00.000Z
MALARIA_EST_CASES,Estimated number of malaria cases,text,AFR,Africa,Country,SEN,Senegal,Year,2023,false,,,,,,,,,,,,,627067,,,444000,,891000,627 067 [444 000-891 000],,,EN,2025-12-19T00:00:00.000Z
MALARIA_EST_CASES,Estimated number of malaria cases,text,AFR,Africa,Country,ZWE,Zimbabwe,Year,2023,false,,,,,,,,,,,,,635589,,,380000,,909000,635 589 [380 000-909 000],,,EN,2025-12-19T00:00:00.000Z
MALARIA_EST_CASES,Estimated number of malaria cases,text,WPR,Western Pacific,Country,KOR,Republic of Korea,Year,2023,false,,,,,,,,,,,,,662,,,,,,662,,,EN,2025-12-19T00:00:00.000Z
MALARIA_EST_CASES,Estimated number of malaria cases,text,AFR,Africa,Country,NGA,Nigeria,Year,2023,false,,,,,,,,,,,,,68136453,,,49140000,,92560000,68 136 453 [49 140 000-92 560 000],,,EN,2025-12-19T00:00:00.000Z
MALARIA_EST_CASES,Estimated number of malaria cases,text,AFR,Africa,Country,CMR,Cameroon,Year,2023,false,,,,,,,,,,,,,7350770,,,5639000,,9446000,7 350 770 [5 639 000-9 446 000],,,EN,2025-12-19T00:00:00.000Z
MALARIA_EST_CASES,Estimated number of malaria cases,text,AFR,Africa,Country,NER,Niger,Year,2023,false,,,,,,,,,,,,,7982516,,,4603000,,12960000,7 982 516 [4 603 000-12 960 000],,,EN,2025-12-19T00:00:00.000Z
MALARIA_EST_CASES,Estimated number of malaria cases,text,AFR,Africa,Country,RWA,Rwanda,Year,2023,false,,,,,,,,,,,,,748570,,,583000,,921000,748 570 [583 000-921 000],,,EN,2025-12-19T00:00:00.000Z
MALARIA_EST_CASES,Estimated number of malaria cases,text,AFR,Africa,Country,BWA,Botswana,Year,2023,false,,,,,,,,,,,,,775,,,590,,1100,775 [590-1100],,,EN,2025-12-19T00:00:00.000Z
MALARIA_EST_CASES,Estimated number of malaria cases,text,AFR,Africa,Country,BFA,Burkina Faso,Year,2023,false,,,,,,,,,,,,,8139355,,,5382000,,11700000,8 139 355 [5 382 000-11 700 000],,,EN,2025-12-19T00:00:00.000Z
MALARIA_EST_CASES,Estimated number of malaria cases,text,AFR,Africa,Country,MLI,Mali,Year,2023,false,,,,,,,,,,,,,8229337,,,5808000,,11700000,8 229 337 [5 808 000-11 700 000],,,EN,2025-12-19T00:00:00.000Z
MALARIA_EST_CASES,Estimated number of malaria cases,text,AFR,Africa,Country,CIV,Cote d'Ivoire,Year,2023,false,,,,,,,,,,,,,8391487,,,5790000,,11770000,8 391 487 [5 790 000-11 770 000],,,EN,2025-12-19T00:00:00.000Z
MALARIA_EST_CASES,Estimated number of malaria cases,text,SEAR,South-East Asia,Country,MMR,Myanmar,Year,2023,false,,,,,,,,,,,,,847232,,,510000,,3702000,847 232 [510 000-3 702 000],,,EN,2025-12-19T00:00:00.000Z
MALARIA_EST_CASES,Estimated number of malaria cases,text,AMR,Americas,Country,NIC,Nicaragua,Year,2023,false,,,,,,,,,,,,,8505,,,7100,,10000,8505 [7100-10 000],,,EN,2025-12-19T00:00:00.000Z
MALARIA_EST_CASES,Estimated number of malaria cases,text,AFR,Africa,Country,TZA,United Republic of Tanzania,Year,2023,false,,,,,,,,,,,,,9223258,,,6723000,,12410000,9 223 258 [6 723 000-12 410 000],,,EN,2025-12-19T00:00:00.000Z
MALARIA_EST_CASES,Estimated number of malaria cases,text,AFR,Africa,Country,AGO,Angola,Year,2023,false,,,,,,,,,,,,,9388568,,,5790000,,14530000,9 388 568 [5 790 000-14 530 000],,,EN,2025-12-19T00:00:00.000Z
MALARIA_EST_CASES,Estimated number of malaria cases,text,AFR,Africa,Country,ETH,Ethiopia,Year,2023,false,,,,,,,,,,,,,9559569,,,5281000,,14360000,9 559 569 [5 281 000-14 360 000],,,EN,2025-12-19T00:00:00.000Z
MALARIA_EST_CASES,Estimated number of malaria cases,text,SEAR,South-East Asia,Country,THA,Thailand,Year,2023,false,,,,,,,,,,,,,9169,,,,,,9169,,,EN,2025-12-19T00:00:00.000Z
MALARIA_EST_CASES,Estimated number of malaria cases,text,AMR,Americas,Country,PAN,Panama,Year,2023,false,,,,,,,,,,,,,9485,,,,,,9485,,,EN,2025-12-19T00:00:00.000Z
MALARIA_EST_CASES,Estimated number of malaria cases,text,AFR,Africa,Country,LBR,Liberia,Year,2023,false,,,,,,,,,,,,,985017,,,674000,,1390000,985 017 [674 000-1 390 000],,,EN,2025-12-19T00:00:00.000Z
MALARIA_EST_CASES,Estimated number of malaria cases,text,EMR,Eastern Mediterranean,Country,YEM,Yemen,Year,2023,false,,,,,,,,,,,,,985137,,,611000,,1520000,985 137 [611 000-1 520 000],,,EN,2025-12-19T00:00:00.000Z
MALARIA_EST_CASES,Estimated number of malaria cases,text,EMR,Eastern Mediterranean,Country,SOM,Somalia,Year,2023,false,,,,,,,,,,,,,998249,,,551000,,1685000,998 249 [551 000-1 685 000],,,EN,2025-12-19T00:00:00.000Z
MALARIA_EST_CASES,Estimated number of malaria cases,text,AFR,Africa,Country,DZA,Algeria,Year,2022,false,,,,,,,,,,,,,0,,,,,,0,,,EN,2025-12-19T00:00:00.000Z
MALARIA_EST_CASES,Estimated number of malaria cases,text,AMR,Americas,Country,ARG,Argentina,Year,2022,false,,,,,,,,,,,,,0,,,,,,0,,,EN,2025-12-19T00:00:00.000Z
MALARIA_EST_CASES,Estimated number of malaria cases,text,EUR,Europe,Country,ARM,Armenia,Year,2022,false,,,,,,,,,,,,,0,,,,,,0,,,EN,2025-12-19T00:00:00.000Z
MALARIA_EST_CASES,Estimated number of malaria cases,text,EUR,Europe,Country,AZE,Azerbaijan,Year,2022,false,,,,,,,,,,,,,0,,,,,,0,,,EN,2025-12-19T00:00:00.000Z
MALARIA_EST_CASES,Estimated number of malaria cases,text,AMR,Americas,Country,BLZ,Belize,Year,2022,false,,,,,,,,,,,,,0,,,,,,0,,,EN,2025-12-19T00:00:00.000Z
MALARIA_EST_CASES,Estimated number of malaria cases,text,SEAR,South-East Asia,Country,BTN,Bhutan,Year,2022,false,,,,,,,,,,,,,0,,,,,,0,,,EN,2025-12-19T00:00:00.000Z
MALARIA_EST_CASES,Estimated number of malaria cases,text,AFR,Africa,Country,CPV,Cabo Verde,Year,2022,false,,,,,,,,,,,,,0,,,,,,0,,,EN,2025-12-19T00:00:00.000Z
MALARIA_EST_CASES,Estimated number of malaria cases,text,WPR,Western Pacific,Country,CHN,China,Year,2022,false,,,,,,,,,,,,,0,,,,,,0,,,EN,2025-12-19T00:00:00.000Z
MALARIA_EST_CASES,Estimated number of malaria cases,text,EMR,Eastern Mediterranean,Country,EGY,Egypt,Year,2022,false,,,,,,,,,,,,,0,,,,,,0,,,EN,2025-12-19T00:00:00.000Z
MALARIA_EST_CASES,Estimated number of malaria cases,text,AMR,Americas,Country,SLV,El Salvador,Year,2022,false,,,,,,,,,,,,,0,,,,,,0,,,EN,2025-12-19T00:00:00.000Z
MALARIA_EST_CASES,Estimated number of malaria cases,text,EUR,Europe,Country,GEO,Georgia,Year,2022,false,,,,,,,,,,,,,0,,,,,,0,,,EN,2025-12-19T00:00:00.000Z
MALARIA_EST_CASES,Estimated number of malaria cases,text,EMR,Eastern Mediterranean,Country,IRQ,Iraq,Year,2022,false,,,,,,,,,,,,,0,,,,,,0,,,EN,2025-12-19T00:00:00.000Z
MALARIA_EST_CASES,Estimated number of malaria cases,text,EUR,Europe,Country,KAZ,Kazakhstan,Year,2022,false,,,,,,,,,,,,,0,,,,,,0,,,EN,2025-12-19T00:00:00.000Z
MALARIA_EST_CASES,Estimated number of malaria cases,text,EUR,Europe,Country,KGZ,Kyrgyzstan,Year,2022,false,,,,,,,,,,,,,0,,,,,,0,,,EN,2025-12-19T00:00:00.000Z
MALARIA_EST_CASES,Estimated number of malaria cases,text,WPR,Western Pacific,Country,MYS,Malaysia,Year,2022,false,,,,,,,,,,,,,0,,,,,,0,,,EN,2025-12-19T00:00:00.000Z
MALARIA_EST_CASES,Estimated number of malaria cases,text,EMR,Eastern Mediterranean,Country,MAR,Morocco,Year,2022,false,,,,,,,,,,,,,0,,,,,,0,,,EN,2025-12-19T00:00:00.000Z
MALARIA_EST_CASES,Estimated number of malaria cases,text,EMR,Eastern Mediterranean,Country,OMN,Oman,Year,2022,false,,,,,,,,,,,,,0,,,,,,0,,,EN,2025-12-19T00:00:00.000Z
MALARIA_EST_CASES,Estimated number of malaria cases,text,AMR,Americas,Country,PRY,Paraguay,Year,2022,false,,,,,,,,,,,,,0,,,,,,0,,,EN,2025-12-19T00:00:00.000Z
MALARIA_EST_CASES,Estimated number of malaria cases,text,EMR,Eastern Mediterranean,Country,SAU,Saudi Arabia,Year,2022,false,,,,,,,,,,,,,0,,,,,,0,,,EN,2025-12-19T00:00:00.000Z
MALARIA_EST_CASES,Estimated number of malaria cases,text,SEAR,South-East Asia,Country,LKA,Sri Lanka,Year,2022,false,,,,,,,,,,,,,0,,,,,,0,,,EN,2025-12-19T00:00:00.000Z
MALARIA_EST_CASES,Estimated number of malaria cases,text,AMR,Americas,Country,SUR,Suriname,Year,2022,false,,,,,,,,,,,,,0,,,,,,0,,,EN,2025-12-19T00:00:00.000Z
MALARIA_EST_CASES,Estimated number of malaria cases,text,EMR,Eastern Mediterranean,Country,SYR,Syrian Arab Republic,Year,2022,false,,,,,,,,,,,,,0,,,,,,0,,,EN,2025-12-19T00:00:00.000Z
MALARIA_EST_CASES,Estimated number of malaria cases,text,EUR,Europe,Country,TUR,Türkiye,Year,2022,false,,,,,,,,,,,,,0,,,,,,0,,,EN,2025-12-19T00:00:00.000Z
MALARIA_EST_CASES,Estimated number of malaria cases,text,EUR,Europe,Country,TJK,Tajikistan,Year,2022,false,,,,,,,,,,,,,0,,,,,,0,,,EN,2025-12-19T00:00:00.000Z
MALARIA_EST_CASES,Estimated number of malaria cases,text,SEAR,South-East Asia,Country,TLS,Timor-Leste,Year,2022,false,,,,,,,,,,,,,0,,,,,,0,,,EN,2025-12-19T00:00:00.000Z
MALARIA_EST_CASES,Estimated number of malaria cases,text,EUR,Europe,Country,TKM,Turkmenistan,Year,2022,false,,,,,,,,,,,,,0,,,,,,0,,,EN,2025-12-19T00:00:00.000Z
MALARIA_EST_CASES,Estimated number of malaria cases,text,EMR,Eastern Mediterranean,Country,ARE,United Arab Emirates,Year,2022,false,,,,,,,,,,,,,0,,,,,,0,,,EN,2025-12-19T00:00:00.000Z
MALARIA_EST_CASES,Estimated number of malaria cases,text,EUR,Europe,Country,UZB,Uzbekistan,Year,2022,false,,,,,,,,,,,,,0,,,,,,0,,,EN,2025-12-19T00:00:00.000Z
MALARIA_EST_CASES,Estimated number of malaria cases,text,AFR,Africa,Country,MYT,Mayotte,Year,2022,false,,,,,,,,,,,,,0,,,0,,0,0 [0-0],,,EN,2025-12-19T00:00:00.000Z
MALARIA_EST_CASES,Estimated number of malaria cases,text,AFR,Africa,Country,RWA,Rwanda,Year,2022,false,,,,,,,,,,,,,1168150,,,908000,,1441000,1 168 150 [908 000-1 441 000],,,EN,2025-12-19T00:00:00.000Z
MALARIA_EST_CASES,Estimated number of malaria cases,text,AFR,Africa,Country,COG,Congo,Year,2022,false,,,,,,,,,,,,,1330862,,,771000,,2191000,1 330 862 [771 000-2 191 000],,,EN,2025-12-19T00:00:00.000Z
MALARIA_EST_CASES,Estimated number of malaria cases,text,WPR,Western Pacific,Country,PNG,Papua New Guinea,Year,2022,false,,,,,,,,,,,,,1660032,,,1149000,,2202000,1 660 032 [1 149 000-2 202 000],,,EN,2025-12-19T00:00:00.000Z
MALARIA_EST_CASES,Estimated number of malaria cases,text,AFR,Africa,Country,CAF,Central African Republic,Year,2022,false,,,,,,,,,,,,,1807257,,,865000,,3374000,1 807 257 [865 000-3 374 000],,,EN,2025-12-19T00:00:00.000Z
MALARIA_EST_CASES,Estimated number of malaria cases,text,SEAR,South-East Asia,Country,IND,India,Year,2022,false,,,,,,,,,,,,,1861830,,,1494000,,2283000,1 861 830 [1 494 000-2 283 000],,,EN,2025-12-19T00:00:00.000Z
MALARIA_EST_CASES,Estimated number of malaria cases,text,AMR,Americas,Country,COL,Colombia,Year,2022,false,,,,,,,,,,,,,101685,,,77000,,127000,101 685 [77 000-127 000],,,EN,2025-12-19T00:00:00.000Z
MALARIA_EST_CASES,Estimated number of malaria cases,text,AFR,Africa,Country,UGA,Uganda,Year,2022,false,,,,,,,,,,,,,12612787,,,7571000,,19770000,12 612 787 [7 571 000-19 770 000],,,EN,2025-12-19T00:00:00.000Z
MALARIA_EST_CASES,Estimated number of malaria cases,text,AMR,Americas,Country,BOL,Bolivia (Plurinational State of),Year,2022,false,,,,,,,,,,,,,13987,,,11000,,17000,13 987 [11 000-17 000],,,EN,2025-12-19T00:00:00.000Z
MALARIA_EST_CASES,Estimated number of malaria cases,text,AMR,Americas,Country,ECU,Ecuador,Year,2022,false,,,,,,,,,,,,,1348,,,,,,1348,,,EN,2025-12-19T00:00:00.000Z
MALARIA_EST_CASES,Estimated number of malaria cases,text,AMR,Americas,Country,BRA,Brazil,Year,2022,false,,,,,,,,,,,,,137150,,,132000,,146000,137 150 [132 000-146 000],,,EN,2025-12-19T00:00:00.000Z
MALARIA_EST_CASES,Estimated number of malaria cases,text,AFR,Africa,Country,ERI,Eritrea,Year,2022,false,,,,,,,,,,,,,139422,,,90000,,194000,139 422 [90 000-194 000],,,EN,2025-12-19T00:00:00.000Z
MALARIA_EST_CASES,Estimated number of malaria cases,text,EMR,Eastern Mediterranean,Country,IRN,Iran (Islamic Republic of),Year,2022,false,,,,,,,,,,,,,1439,,,,,,1439,,,EN,2025-12-19T00:00:00.000Z
MALARIA_EST_CASES,Estimated number of malaria cases,text,AMR,Americas,Country,VEN,Venezuela (Bolivarian Republic of),Year,2022,false,,,,,,,,,,,,,154089,,,137000,,178000,154 089 [137 000-178 000],,,EN,2025-12-19T00:00:00.000Z
MALARIA_EST_CASES,Estimated number of malaria cases,text,AFR,Africa,Country,NAM,Namibia,Year,2022,false,,,,,,,,,,,,,16923,,,13000,,21000,16 923 [13 000-21 000],,,EN,2025-12-19T00:00:00.000Z
MALARIA_EST_CASES,Estimated number of malaria cases,text,AMR,Americas,Country,MEX,Mexico,Year,2022,false,,,,,,,,,,,,,160,,,,,,160,,,EN,2025-12-19T00:00:00.000Z
MALARIA_EST_CASES,Estimated number of malaria cases,text,WPR,Western Pacific,Country,SLB,Solomon Islands,Year,2022,false,,,,,,,,,,,,,163117,,,138000,,195000,163 117 [138 000-195 000],,,EN,2025-12-19T00:00:00.000Z
MALARIA_EST_CASES,Estimated number of malaria cases,text,AMR,Americas,Country,GTM,Guatemala,Year,2022,false,,,,,,,,,,,,,1856,,,,,,1856,,,EN,2025-12-19T00:00:00.000Z
MALARIA_EST_CASES,Estimated number of malaria cases,text,AFR,Africa,Country,SLE,Sierra Leone,Year,2022,false,,,,,,,,,,,,,2468061,,,1423000,,3987000,2 468 061 [1 423 000-3 987 000],,,EN,2025-12-19T00:00:00.000Z
MALARIA_EST_CASES,Estimated number of malaria cases,text,AFR,Africa,Country,TGO,Togo,Year,2022,false,,,,,,,,,,,,,2532312,,,1833000,,3376000,2 532 312 [1 833 000-3 376 000],,,EN,2025-12-19T00:00:00.000Z
MALARIA_EST_CASES,Estimated number of malaria cases,text,EMR,Eastern Mediterranean,Country,PAK,Pakistan,Year,2022,false,,,,,,,,,,,,,2655514,,,2093000,,3569000,2 655 514 [2 093 000-3 569 000],,,EN,2025-12-19T00:00:00.000Z
MALARIA_EST_CASES,Estimated number of malaria cases,text,AMR,Americas,Country,NIC,Nicaragua,Year,2022,false,,,,,,,,,,,,,20400,,,17000,,24000,20 400 [17 000-24 000],,,EN,2025-12-19T00:00:00.000Z
MALARIA_EST_CASES,Estimated number of malaria cases,text,AFR,Africa,Country,COM,Comoros,Year,2022,false,,,,,,,,,,,,,20675,,,,,,20 675,,,EN,2025-12-19T00:00:00.000Z
MALARIA_EST_CASES,Estimated number of malaria cases,text,AFR,Africa,Country,ZAF,South Africa,Year,2022,false,,,,,,,,,,,,,2043,,,,,,2043,,,EN,2025-12-19T00:00:00.000Z
MALARIA_EST_CASES,Estimated number of malaria cases,text,AFR,Africa,Country,GNB,Guinea-Bissau,Year,2022,false,,,,,,,,,,,,,205524,,,64000,,488000,205 524 [64 000-488 000],,,EN,2025-12-19T00:00:00.000Z
MALARIA_EST_CASES,Estimated number of malaria cases,text,AMR,Americas,Country,GUF,French Guiana,Year,2022,false,,,,,,,,,,,,,21,,,,,,21,,,EN,2025-12-19T00:00:00.000Z
MALARIA_EST_CASES,Estimated number of malaria cases,text,SEAR,South-East Asia,Country,PRK,Democratic People's Republic of Korea,Year,2022,false,,,,,,,,,,,,,2136,,,,,,2136,,,EN,2025-12-19T00:00:00.000Z
MALARIA_EST_CASES,Estimated number of malaria cases,text,AFR,Africa,Country,SWZ,Eswatini,Year,2022,false,,,,,,,,,,,,,214,,,,,,214,,,EN,2025-12-19T00:00:00.000Z
MALARIA_EST_CASES,Estimated number of malaria cases,text,SEAR,South-East Asia,Country,BGD,Bangladesh,Year,2022,false,,,,,,,,,,,,,22451,,,19000,,26000,22 451 [19 000-26 000],,,EN,2025-12-19T00:00:00.000Z
MALARIA_EST_CASES,Estimated number of malaria cases,text,AFR,Africa,Country,GMB,Gambia,Year,2022,false,,,,,,,,,,,,,251831,,,196000,,314000,251 831 [196 000-314 000],,,EN,2025-12-19T00:00:00.000Z
MALARIA_EST_CASES,Estimated number of malaria cases,text,AMR,Americas,Country,HTI,Haiti,Year,2022,false,,,,,,,,,,,,,26231,,,17000,,36000,26 231 [17 000-36 000],,,EN,2025-12-19T00:00:00.000Z
MALARIA_EST_CASES,Estimated number of malaria cases,text,AMR,Americas,Country,GUY,Guyana,Year,2022,false,,,,,,,,,,,,,26478,,,22000,,31000,26 478 [22 000-31 000],,,EN,2025-12-19T00:00:00.000Z
MALARIA_EST_CASES,Estimated number of malaria cases,text,WPR,Western Pacific,Country,VUT,Vanuatu,Year,2022,false,,,,,,,,,,,,,2700,,,1700,,4200,2700 [1700-4200],,,EN,2025-12-19T00:00:00.000Z
MALARIA_EST_CASES,Estimated number of malaria cases,text,AFR,Africa,Country,MRT,Mauritania,Year,2022,false,,,,,,,,,,,,,280579,,,124000,,526000,280 579 [124 000-526 000],,,EN,2025-12-19T00:00:00.000Z
MALARIA_EST_CASES,Estimated number of malaria cases,text,EMR,Eastern Mediterranean,Country,AFG,Afghanistan,Year,2022,false,,,,,,,,,,,,,287835,,,222000,,366000,287 835 [222 000-366 000],,,EN,2025-12-19T00:00:00.000Z
MALARIA_EST_CASES,Estimated number of malaria cases,text,AFR,Africa,Country,SSD,South Sudan,Year,2022,false,,,,,,,,,,,,,3028440,,,1953000,,4504000,3 028 440 [1 953 000-4 504 000],,,EN,2025-12-19T00:00:00.000Z
MALARIA_EST_CASES,Estimated number of malaria cases,text,EMR,Eastern Mediterranean,Country,SDN,Sudan,Year,2022,false,,,,,,,,,,,,,3556777,,,2037000,,5799000,3 556 777 [2 037 000-5 799 000],,,EN,2025-12-19T00:00:00.000Z
MALARIA_EST_CASES,Estimated number of malaria cases,text,AFR,Africa,Country,MDG,Madagascar,Year,2022,false,,,,,,,,,,,,,3563507,,,2279000,,4946000,3 563 507 [2 279 000-4 946 000],,,EN,2025-12-19T00:00:00.000Z
MALARIA_EST_CASES,Estimated number of malaria cases,text,AFR,Africa,Country,TCD,Chad,Year,2022,false,,,,,,,,,,,,,3816638,,,2263000,,6029000,3 816 638 [2 263 000-6 029 000],,,EN,2025-12-19T00:00:00.000Z
MALARIA_EST_CASES,Estimated number of malaria cases,text,AMR,Americas,Country,DOM,Dominican Republic,Year,2022,false,,,,,,,,,,,,,320,,,,,,320,,,EN,2025-12-19T00:00:00.000Z
MALARIA_EST_CASES,Estimated number of malaria cases,text,AFR,Africa,Country,COD,Democratic Republic of the Congo,Year,2022,false,,,,,,,,,,,,,33580334,,,25340000,,43240000,33 580 334 [25 340 000-43 240 000],,,EN,2025-12-19T00:00:00.000Z
MALARIA_EST_CASES,Estimated number of malaria cases,text,AMR,Americas,Country,PER,Peru,Year,2022,false,,,,,,,,,,,,,35740,,,29000,,42000,35 740 [29 000-42 000],,,EN,2025-12-19T00:00:00.000Z
MALARIA_EST_CASES,Estimated number of malaria cases,text,AMR,Americas,Country,HND,Honduras,Year,2022,false,,,,,,,,,,,,,3534,,,,,,3534,,,EN,2025-12-19T00:00:00.000Z
MALARIA_EST_CASES,Estimated number of malaria cases,text,SEAR,South-East Asia,Country,NPL,Nepal,Year,2022,false,,,,,,,,,,,,,36,,,,,,36,,,EN,2025-12-19T00:00:00.000Z
MALARIA_EST_CASES,Estimated number of malaria cases,text,AFR,Africa,Country,ZWE,Zimbabwe,Year,2022,false,,,,,,,,,,,,,365695,,,220000,,523000,365 695 [220 000-523 000],,,EN,2025-12-19T00:00:00.000Z
MALARIA_EST_CASES,Estimated number of malaria cases,text,WPR,Western Pacific,Country,LAO,Lao People's Democratic Republic,Year,2022,false,,,,,,,,,,,,,3713,,,2700,,4900,3713 [2700-4900],,,EN,2025-12-19T00:00:00.000Z
MALARIA_EST_CASES,Estimated number of malaria cases,text,WPR,Western Pacific,Country,KOR,Republic of Korea,Year,2022,false,,,,,,,,,,,,,382,,,,,,382,,,EN,2025-12-19T00:00:00.000Z
MALARIA_EST_CASES,Estimated number of malaria cases,text,AFR,Africa,Country,STP,Sao Tome and Principe,Year,2022,false,,,,,,,,,,,,,3970,,,,,,3970,,,EN,2025-12-19T00:00:00.000Z
MALARIA_EST_CASES,Estimated number of malaria cases,text,AFR,Africa,Country,GIN,Guinea,Year,2022,false,,,,,,,,,,,,,4015495,,,3011000,,5258000,4 015 495 [3 011 000-5 258 000],,,EN,2025-12-19T00:00:00.000Z
MALARIA_EST_CASES,Estimated number of malaria cases,text,AFR,Africa,Country,KEN,Kenya,Year,2022,false,,,,,,,,,,,,,4453797,,,2410000,,7599000,4 453 797 [2 410 000-7 599 000],,,EN,2025-12-19T00:00:00.000Z
MALARIA_EST_CASES,Estimated number of malaria cases,text,AFR,Africa,Country,BDI,Burundi,Year,2022,false,,,,,,,,,,,,,4559934,,,2993000,,6652000,4 559 934 [2 993 000-6 652 000],,,EN,2025-12-19T00:00:00.000Z
MALARIA_EST_CASES,Estimated number of malaria cases,text,AFR,Africa,Country,ZMB,Zambia,Year,2022,false,,,,,,,,,,,,,4959659,,,4015000,,6061000,4 959 659 [4 015 000-6 061 000],,,EN,2025-12-19T00:00:00.000Z
MALARIA_EST_CASES,Estimated number of malaria cases,text,EMR,Eastern Mediterranean,Country,DJI,Djibouti,Year,2022,false,,,,,,,,,,,,,40648,,,,,,40 648,,,EN,2025-12-19T00:00:00.000Z
MALARIA_EST_CASES,Estimated number of malaria cases,text,WPR,Western Pacific,Country,KHM,Cambodia,Year,2022,false,,,,,,,,,,,,,4047,,,,,,4047,,,EN,2025-12-19T00:00:00.000Z
MALARIA_EST_CASES,Estimated number of malaria cases,text,AMR,Americas,Country,CRI,Costa Rica,Year,2022,false,,,,,,,,,,,,,406,,,,,,406,,,EN,2025-12-19T00:00:00.000Z
MALARIA_EST_CASES,Estimated number of malaria cases,text,WPR,Western Pacific,Country,VNM,Viet Nam,Year,2022,false,,,,,,,,,,,,,412,,,,,,412,,,EN,2025-12-19T00:00:00.000Z
MALARIA_EST_CASES,Estimated number of malaria cases,text,AFR,Africa,Country,GNQ,Equatorial Guinea,Year,2022,false,,,,,,,,,,,,,428458,,,279000,,623000,428 458 [279 000-623 000],,,EN,2025-12-19T00:00:00.000Z
MALARIA_EST_CASES,Estimated number of malaria cases,text,AFR,Africa,Country,GAB,Gabon,Year,2022,false,,,,,,,,,,,,,458643,,,311000,,654000,458 643 [311 000-654 000],,,EN,2025-12-19T00:00:00.000Z
MALARIA_EST_CASES,Estimated number of malaria cases,text,AMR,Americas,Country,PAN,Panama,Year,2022,false,,,,,,,,,,,,,4746,,,,,,4746,,,EN,2025-12-19T00:00:00.000Z
MALARIA_EST_CASES,Estimated number of malaria cases,text,AFR,Africa,Country,ETH,Ethiopia,Year,2022,false,,,,,,,,,,,,,5106067,,,2833000,,7622000,5 106 067 [2 833 000-7 622 000],,,EN,2025-12-19T00:00:00.000Z
MALARIA_EST_CASES,Estimated number of malaria cases,text,AFR,Africa,Country,BEN,Benin,Year,2022,false,,,,,,,,,,,,,5181843,,,3663000,,7173000,5 181 843 [3 663 000-7 173 000],,,EN,2025-12-19T00:00:00.000Z
MALARIA_EST_CASES,Estimated number of malaria cases,text,AFR,Africa,Country,MWI,Malawi,Year,2022,false,,,,,,,,,,,,,5872451,,,4121000,,8127000,5 872 451 [4 121 000-8 127 000],,,EN,2025-12-19T00:00:00.000Z
MALARIA_EST_CASES,Estimated number of malaria cases,text,AFR,Africa,Country,BWA,Botswana,Year,2022,false,,,,,,,,,,,,,549,,,420,,780,549 [420-780],,,EN,2025-12-19T00:00:00.000Z
MALARIA_EST_CASES,Estimated number of malaria cases,text,WPR,Western Pacific,Country,IDN,Indonesia,Year,2022,false,,,,,,,,,,,,,555037,,,518000,,603000,555 037 [518 000-603 000],,,EN,2025-12-19T00:00:00.000Z
MALARIA_EST_CASES,Estimated number of malaria cases,text,SEAR,South-East Asia,Country,MMR,Myanmar,Year,2022,false,,,,,,,,,,,,,585710,,,352000,,2509000,585 710 [352 000-2 509 000],,,EN,2025-12-19T00:00:00.000Z
MALARIA_EST_CASES,Estimated number of malaria cases,text,AFR,Africa,Country,GHA,Ghana,Year,2022,false,,,,,,,,,,,,,6987387,,,5255000,,9127000,6 987 387 [5 255 000-9 127 000],,,EN,2025-12-19T00:00:00.000Z
MALARIA_EST_CASES,Estimated number of malaria cases,text,SEAR,South-East Asia,Country,THA,Thailand,Year,2022,false,,,,,,,,,,,,,6262,,,,,,6262,,,EN,2025-12-19T00:00:00.000Z
MALARIA_EST_CASES,Estimated number of malaria cases,text,AFR,Africa,Country,NGA,Nigeria,Year,2022,false,,,,,,,,,,,,,66721582,,,48080000,,89900000,66 721 582 [48 080 000-89 900 000],,,EN,2025-12-19T00:00:00.000Z
MALARIA_EST_CASES,Estimated number of malaria cases,text,AFR,Africa,Country,SEN,Senegal,Year,2022,false,,,,,,,,,,,,,672507,,,531000,,826000,672 507 [531 000-826 000],,,EN,2025-12-19T00:00:00.000Z
MALARIA_EST_CASES,Estimated number of malaria cases,text,AFR,Africa,Country,CMR,Cameroon,Year,2022,false,,,,,,,,,,,,,7323632,,,5654000,,9311000,7 323 632 [5 654 000-9 311 000],,,EN,2025-12-19T00:00:00.000Z
MALARIA_EST_CASES,Estimated number of malaria cases,text,AFR,Africa,Country,NER,Niger,Year,2022,false,,,,,,,,,,,,,7723787,,,4490000,,12400000,7 723 787 [4 490 000-12 400 000],,,EN,2025-12-19T00:00:00.000Z
MALARIA_EST_CASES,Estimated number of malaria cases,text,AFR,Africa,Country,MLI,Mali,Year,2022,false,,,,,,,,,,,,,7988199,,,5627000,,11360000,7 988 199 [5 627 000-11 360 000],,,EN,2025-12-19T00:00:00.000Z
MALARIA_EST_CASES,Estimated number of malaria cases,text,AFR,Africa,Country,BFA,Burkina Faso,Year,2022,false,,,,,,,,,,,,,8019213,,,5348000,,11590000,8 019 213 [5 348 000-11 590 000],,,EN,2025-12-19T00:00:00.000Z
MALARIA_EST_CASES,Estimated number of malaria cases,text,AFR,Africa,Country,CIV,Cote d'Ivoire,Year,2022,false,,,,,,,,,,,,,8536996,,,6226000,,11420000,8 536 996 [6 226 000-11 420 000],,,EN,2025-12-19T00:00:00.000Z
MALARIA_EST_CASES,Estimated number of malaria cases,text,AFR,Africa,Country,TZA,United Republic of Tanzania,Year,2022,false,,,,,,,,,,,,,8567395,,,6322000,,11440000,8 567 395 [6 322 000-11 440 000],,,EN,2025-12-19T00:00:00.000Z
MALARIA_EST_CASES,Estimated number of malaria cases,text,WPR,Western Pacific,Country,PHL,Philippines,Year,2022,false,,,,,,,,,,,,,8160,,,5700,,11000,8160 [5700-11 000],,,EN,2025-12-19T00:00:00.000Z
MALARIA_EST_CASES,Estimated number of malaria cases,text,AFR,Africa,Country,AGO,Angola,Year,2022,false,,,,,,,,,,,,,9268350,,,5751000,,14010000,9 268 350 [5 751 000-14 010 000],,,EN,2025-12-19T00:00:00.000Z
MALARIA_EST_CASES,Estimated number of malaria cases,text,AFR,Africa,Country,MOZ,Mozambique,Year,2022,false,,,,,,,,,,,,,9943874,,,7982000,,12240000,9 943 874 [7 982 000-12 240 000],,,EN,2025-12-19T00:00:00.000Z
MALARIA_EST_CASES,Estimated number of malaria cases,text,EMR,Eastern Mediterranean,Country,YEM,Yemen,Year,2022,false,,,,,,,,,,,,,960462,,,599000,,1491000,960 462 [599 000-1 491 000],,,EN,2025-12-19T00:00:00.000Z
MALARIA_EST_CASES,Estimated number of malaria cases,text,EMR,Eastern Mediterranean,Country,SOM,Somalia,Year,2022,false,,,,,,,,,,,,,973282,,,551000,,1605000,973 282 [551 000-1 605 000],,,EN,2025-12-19T00:00:00.000Z
MALARIA_EST_CASES,Estimated number of malaria cases,text,AFR,Africa,Country,LBR,Liberia,Year,2022,false,,,,,,,,,,,,,976816,,,702000,,1332000,976 816 [702 000-1 332 000],,,EN,2025-12-19T00:00:00.000Z
MALARIA_EST_CASES,Estimated number of malaria cases,text,AFR,Africa,Country,DZA,Algeria,Year,2021,false,,,,,,,,,,,,,0,,,,,,0,,,EN,2025-12-19T00:00:00.000Z
MALARIA_EST_CASES,Estimated number of malaria cases,text,AMR,Americas,Country,ARG,Argentina,Year,2021,false,,,,,,,,,,,,,0,,,,,,0,,,EN,2025-12-19T00:00:00.000Z
MALARIA_EST_CASES,Estimated number of malaria cases,text,EUR,Europe,Country,ARM,Armenia,Year,2021,false,,,,,,,,,,,,,0,,,,,,0,,,EN,2025-12-19T00:00:00.000Z
MALARIA_EST_CASES,Estimated number of malaria cases,text,EUR,Europe,Country,AZE,Azerbaijan,Year,2021,false,,,,,,,,,,,,,0,,,,,,0,,,EN,2025-12-19T00:00:00.000Z
MALARIA_EST_CASES,Estimated number of malaria cases,text,AMR,Americas,Country,BLZ,Belize,Year,2021,false,,,,,,,,,,,,,0,,,,,,0,,,EN,2025-12-19T00:00:00.000Z
MALARIA_EST_CASES,Estimated number of malaria cases,text,AFR,Africa,Country,CPV,Cabo Verde,Year,2021,false,,,,,,,,,,,,,0,,,,,,0,,,EN,2025-12-19T00:00:00.000Z
MALARIA_EST_CASES,Estimated number of malaria cases,text,WPR,Western Pacific,Country,CHN,China,Year,2021,false,,,,,,,,,,,,,0,,,,,,0,,,EN,2025-12-19T00:00:00.000Z
MALARIA_EST_CASES,Estimated number of malaria cases,text,EMR,Eastern Mediterranean,Country,EGY,Egypt,Year,2021,false,,,,,,,,,,,,,0,,,,,,0,,,EN,2025-12-19T00:00:00.000Z
MALARIA_EST_CASES,Estimated number of malaria cases,text,AMR,Americas,Country,SLV,El Salvador,Year,2021,false,,,,,,,,,,,,,0,,,,,,0,,,EN,2025-12-19T00:00:00.000Z
MALARIA_EST_CASES,Estimated number of malaria cases,text,EUR,Europe,Country,GEO,Georgia,Year,2021,false,,,,,,,,,,,,,0,,,,,,0,,,EN,2025-12-19T00:00:00.000Z
MALARIA_EST_CASES,Estimated number of malaria cases,text,EMR,Eastern Mediterranean,Country,IRN,Iran (Islamic Republic of),Year,2021,false,,,,,,,,,,,,,0,,,,,,0,,,EN,2025-12-19T00:00:00.000Z
MALARIA_EST_CASES,Estimated number of malaria cases,text,EMR,Eastern Mediterranean,Country,IRQ,Iraq,Year,2021,false,,,,,,,,,,,,,0,,,,,,0,,,EN,2025-12-19T00:00:00.000Z
MALARIA_EST_CASES,Estimated number of malaria cases,text,EUR,Europe,Country,KAZ,Kazakhstan,Year,2021,false,,,,,,,,,,,,,0,,,,,,0,,,EN,2025-12-19T00:00:00.000Z
MALARIA_EST_CASES,Estimated number of malaria cases,text,EUR,Europe,Country,KGZ,Kyrgyzstan,Year,2021,false,,,,,,,,,,,,,0,,,,,,0,,,EN,2025-12-19T00:00:00.000Z
MALARIA_EST_CASES,Estimated number of malaria cases,text,WPR,Western Pacific,Country,MYS,Malaysia,Year,2021,false,,,,,,,,,,,,,0,,,,,,0,,,EN,2025-12-19T00:00:00.000Z
MALARIA_EST_CASES,Estimated number of malaria cases,text,AFR,Africa,Country,MUS,Mauritius,Year,2021,true,,,,,,,,,,,,,0,,,,,,0,,,EN,2025-12-19T00:00:00.000Z
MALARIA_EST_CASES,Estimated number of malaria cases,text,EMR,Eastern Mediterranean,Country,MAR,Morocco,Year,2021,false,,,,,,,,,,,,,0,,,,,,0,,,EN,2025-12-19T00:00:00.000Z
MALARIA_EST_CASES,Estimated number of malaria cases,text,EMR,Eastern Mediterranean,Country,OMN,Oman,Year,2021,false,,,,,,,,,,,,,0,,,,,,0,,,EN,2025-12-19T00:00:00.000Z
MALARIA_EST_CASES,Estimated number of malaria cases,text,AMR,Americas,Country,PRY,Paraguay,Year,2021,false,,,,,,,,,,,,,0,,,,,,0,,,EN,2025-12-19T00:00:00.000Z
MALARIA_EST_CASES,Estimated number of malaria cases,text,EMR,Eastern Mediterranean,Country,SAU,Saudi Arabia,Year,2021,false,,,,,,,,,,,,,0,,,,,,0,,,EN,2025-12-19T00:00:00.000Z
MALARIA_EST_CASES,Estimated number of malaria cases,text,SEAR,South-East Asia,Country,LKA,Sri Lanka,Year,2021,false,,,,,,,,,,,,,0,,,,,,0,,,EN,2025-12-19T00:00:00.000Z
MALARIA_EST_CASES,Estimated number of malaria cases,text,EMR,Eastern Mediterranean,Country,SYR,Syrian Arab Republic,Year,2021,false,,,,,,,,,,,,,0,,,,,,0,,,EN,2025-12-19T00:00:00.000Z
MALARIA_EST_CASES,Estimated number of malaria cases,text,EUR,Europe,Country,TUR,Türkiye,Year,2021,false,,,,,,,,,,,,,0,,,,,,0,,,EN,2025-12-19T00:00:00.000Z
MALARIA_EST_CASES,Estimated number of malaria cases,text,EUR,Europe,Country,TJK,Tajikistan,Year,2021,false,,,,,,,,,,,,,0,,,,,,0,,,EN,2025-12-19T00:00:00.000Z
MALARIA_EST_CASES,Estimated number of malaria cases,text,SEAR,South-East Asia,Country,TLS,Timor-Leste,Year,2021,false,,,,,,,,,,,,,0,,,,,,0,,,EN,2025-12-19T00:00:00.000Z
MALARIA_EST_CASES,Estimated number of malaria cases,text,EUR,Europe,Country,TKM,Turkmenistan,Year,2021,false,,,,,,,,,,,,,0,,,,,,0,,,EN,2025-12-19T00:00:00.000Z
MALARIA_EST_CASES,Estimated number of malaria cases,text,EMR,Eastern Mediterranean,Country,ARE,United Arab Emirates,Year,2021,false,,,,,,,,,,,,,0,,,,,,0,,,EN,2025-12-19T00:00:00.000Z
MALARIA_EST_CASES,Estimated number of malaria cases,text,EUR,Europe,Country,UZB,Uzbekistan,Year,2021,false,,,,,,,,,,,,,0,,,,,,0,,,EN,2025-12-19T00:00:00.000Z
MALARIA_EST_CASES,Estimated number of malaria cases,text,AFR,Africa,Country,MYT,Mayotte,Year,2021,false,,,,,,,,,,,,,0,,,0,,0,0 [0-0],,,EN,2025-12-19T00:00:00.000Z
MALARIA_EST_CASES,Estimated number of malaria cases,text,EMR,Eastern Mediterranean,Country,YEM,Yemen,Year,2021,false,,,,,,,,,,,,,1057919,,,671000,,1606000,1 057 919 [671 000-1 606 000],,,EN,2025-12-19T00:00:00.000Z
MALARIA_EST_CASES,Estimated number of malaria cases,text,AFR,Africa,Country,LBR,Liberia,Year,2021,false,,,,,,,,,,,,,1136357,,,799000,,1594000,1 136 357 [799 000-1 594 000],,,EN,2025-12-19T00:00:00.000Z
MALARIA_EST_CASES,Estimated number of malaria cases,text,WPR,Western Pacific,Country,PNG,Papua New Guinea,Year,2021,false,,,,,,,,,,,,,1237112,,,856000,,1646000,1 237 112 [856 000-1 646 000],,,EN,2025-12-19T00:00:00.000Z
MALARIA_EST_CASES,Estimated number of malaria cases,text,AFR,Africa,Country,COG,Congo,Year,2021,false,,,,,,,,,,,,,1367104,,,799000,,2164000,1 367 104 [799 000-2 164 000],,,EN,2025-12-19T00:00:00.000Z
MALARIA_EST_CASES,Estimated number of malaria cases,text,AFR,Africa,Country,RWA,Rwanda,Year,2021,false,,,,,,,,,,,,,1585741,,,1232000,,1956000,1 585 741 [1 232 000-1 956 000],,,EN,2025-12-19T00:00:00.000Z
MALARIA_EST_CASES,Estimated number of malaria cases,text,AFR,Africa,Country,CAF,Central African Republic,Year,2021,false,,,,,,,,,,,,,1862097,,,891000,,3533000,1 862 097 [891 000-3 533 000],,,EN,2025-12-19T00:00:00.000Z
MALARIA_EST_CASES,Estimated number of malaria cases,text,AFR,Africa,Country,COM,Comoros,Year,2021,false,,,,,,,,,,,,,10537,,,,,,10 537,,,EN,2025-12-19T00:00:00.000Z
MALARIA_EST_CASES,Estimated number of malaria cases,text,WPR,Western Pacific,Country,PHL,Philippines,Year,2021,false,,,,,,,,,,,,,10606,,,7500,,14000,10 606 [7500-14 000],,,EN,2025-12-19T00:00:00.000Z
MALARIA_EST_CASES,Estimated number of malaria cases,text,AMR,Americas,Country,COL,Colombia,Year,2021,false,,,,,,,,,,,,,103472,,,79000,,129000,103 472 [79 000-129 000],,,EN,2025-12-19T00:00:00.000Z
MALARIA_EST_CASES,Estimated number of malaria cases,text,AFR,Africa,Country,BWA,Botswana,Year,2021,false,,,,,,,,,,,,,1072,,,820,,1500,1072 [820-1500],,,EN,2025-12-19T00:00:00.000Z
MALARIA_EST_CASES,Estimated number of malaria cases,text,AFR,Africa,Country,UGA,Uganda,Year,2021,false,,,,,,,,,,,,,12332244,,,8404000,,17460000,12 332 244 [8 404 000-17 460 000],,,EN,2025-12-19T00:00:00.000Z
MALARIA_EST_CASES,Estimated number of malaria cases,text,AFR,Africa,Country,MRT,Mauritania,Year,2021,false,,,,,,,,,,,,,124274,,,56000,,229000,124 274 [56 000-229 000],,,EN,2025-12-19T00:00:00.000Z
MALARIA_EST_CASES,Estimated number of malaria cases,text,AMR,Americas,Country,GTM,Guatemala,Year,2021,false,,,,,,,,,,,,,1273,,,,,,1273,,,EN,2025-12-19T00:00:00.000Z
MALARIA_EST_CASES,Estimated number of malaria cases,text,AMR,Americas,Country,BOL,Bolivia (Plurinational State of),Year,2021,false,,,,,,,,,,,,,13476,,,11000,,17000,13 476 [11 000-17 000],,,EN,2025-12-19T00:00:00.000Z
MALARIA_EST_CASES,Estimated number of malaria cases,text,AMR,Americas,Country,BRA,Brazil,Year,2021,false,,,,,,,,,,,,,147804,,,142000,,158000,147 804 [142 000-158 000],,,EN,2025-12-19T00:00:00.000Z
MALARIA_EST_CASES,Estimated number of malaria cases,text,AMR,Americas,Country,HND,Honduras,Year,2021,false,,,,,,,,,,,,,1524,,,,,,1524,,,EN,2025-12-19T00:00:00.000Z
MALARIA_EST_CASES,Estimated number of malaria cases,text,WPR,Western Pacific,Country,SLB,Solomon Islands,Year,2021,false,,,,,,,,,,,,,154113,,,127000,,188000,154 113 [127 000-188 000],,,EN,2025-12-19T00:00:00.000Z
MALARIA_EST_CASES,Estimated number of malaria cases,text,AFR,Africa,Country,GMB,Gambia,Year,2021,false,,,,,,,,,,,,,160958,,,125000,,201000,160 958 [125 000-201 000],,,EN,2025-12-19T00:00:00.000Z
MALARIA_EST_CASES,Estimated number of malaria cases,text,AMR,Americas,Country,CRI,Costa Rica,Year,2021,false,,,,,,,,,,,,,189,,,,,,189,,,EN,2025-12-19T00:00:00.000Z
MALARIA_EST_CASES,Estimated number of malaria cases,text,EMR,Eastern Mediterranean,Country,AFG,Afghanistan,Year,2021,false,,,,,,,,,,,,,193232,,,149000,,245000,193 232 [149 000-245 000],,,EN,2025-12-19T00:00:00.000Z
MALARIA_EST_CASES,Estimated number of malaria cases,text,AFR,Africa,Country,SLE,Sierra Leone,Year,2021,false,,,,,,,,,,,,,2475463,,,1435000,,3976000,2 475 463 [1 435 000-3 976 000],,,EN,2025-12-19T00:00:00.000Z
MALARIA_EST_CASES,Estimated number of malaria cases,text,AFR,Africa,Country,TGO,Togo,Year,2021,false,,,,,,,,,,,,,2481567,,,1817000,,3357000,2 481 567 [1 817 000-3 357 000],,,EN,2025-12-19T00:00:00.000Z
MALARIA_EST_CASES,Estimated number of malaria cases,text,AFR,Africa,Country,GNB,Guinea-Bissau,Year,2021,false,,,,,,,,,,,,,203232,,,75000,,452000,203 232 [75 000-452 000],,,EN,2025-12-19T00:00:00.000Z
MALARIA_EST_CASES,Estimated number of malaria cases,text,AMR,Americas,Country,VEN,Venezuela (Bolivarian Republic of),Year,2021,false,,,,,,,,,,,,,204424,,,182000,,236000,204 424 [182 000-236 000],,,EN,2025-12-19T00:00:00.000Z
MALARIA_EST_CASES,Estimated number of malaria cases,text,AFR,Africa,Country,NAM,Namibia,Year,2021,false,,,,,,,,,,,,,21322,,,17000,,26000,21 322 [17 000-26 000],,,EN,2025-12-19T00:00:00.000Z
MALARIA_EST_CASES,Estimated number of malaria cases,text,AMR,Americas,Country,ECU,Ecuador,Year,2021,false,,,,,,,,,,,,,2175,,,,,,2175,,,EN,2025-12-19T00:00:00.000Z
MALARIA_EST_CASES,Estimated number of malaria cases,text,AMR,Americas,Country,SUR,Suriname,Year,2021,false,,,,,,,,,,,,,22,,,,,,22,,,EN,2025-12-19T00:00:00.000Z
MALARIA_EST_CASES,Estimated number of malaria cases,text,AMR,Americas,Country,HTI,Haiti,Year,2021,false,,,,,,,,,,,,,22546,,,14000,,35000,22 546 [14 000-35 000],,,EN,2025-12-19T00:00:00.000Z
MALARIA_EST_CASES,Estimated number of malaria cases,text,AMR,Americas,Country,PER,Peru,Year,2021,false,,,,,,,,,,,,,23250,,,19000,,28000,23 250 [19 000-28 000],,,EN,2025-12-19T00:00:00.000Z
MALARIA_EST_CASES,Estimated number of malaria cases,text,SEAR,South-East Asia,Country,PRK,Democratic People's Republic of Korea,Year,2021,false,,,,,,,,,,,,,2357,,,,,,2357,,,EN,2025-12-19T00:00:00.000Z
MALARIA_EST_CASES,Estimated number of malaria cases,text,AMR,Americas,Country,MEX,Mexico,Year,2021,false,,,,,,,,,,,,,242,,,,,,242,,,EN,2025-12-19T00:00:00.000Z
MALARIA_EST_CASES,Estimated number of malaria cases,text,SEAR,South-East Asia,Country,THA,Thailand,Year,2021,false,,,,,,,,,,,,,2426,,,,,,2426,,,EN,2025-12-19T00:00:00.000Z
MALARIA_EST_CASES,Estimated number of malaria cases,text,AMR,Americas,Country,GUY,Guyana,Year,2021,false,,,,,,,,,,,,,25713,,,22000,,30000,25 713 [22 000-30 000],,,EN,2025-12-19T00:00:00.000Z
MALARIA_EST_CASES,Estimated number of malaria cases,text,AFR,Africa,Country,STP,Sao Tome and Principe,Year,2021,false,,,,,,,,,,,,,2719,,,,,,2719,,,EN,2025-12-19T00:00:00.000Z
MALARIA_EST_CASES,Estimated number of malaria cases,text,WPR,Western Pacific,Country,KOR,Republic of Korea,Year,2021,false,,,,,,,,,,,,,274,,,,,,274,,,EN,2025-12-19T00:00:00.000Z
MALARIA_EST_CASES,Estimated number of malaria cases,text,AMR,Americas,Country,DOM,Dominican Republic,Year,2021,false,,,,,,,,,,,,,284,,,,,,284,,,EN,2025-12-19T00:00:00.000Z
MALARIA_EST_CASES,Estimated number of malaria cases,text,AMR,Americas,Country,NIC,Nicaragua,Year,2021,false,,,,,,,,,,,,,29457,,,24000,,35000,29 457 [24 000-35 000],,,EN,2025-12-19T00:00:00.000Z
MALARIA_EST_CASES,Estimated number of malaria cases,text,SEAR,South-East Asia,Country,MMR,Myanmar,Year,2021,false,,,,,,,,,,,,,292853,,,177000,,1238000,292 853 [177 000-1 238 000],,,EN,2025-12-19T00:00:00.000Z
MALARIA_EST_CASES,Estimated number of malaria cases,text,AFR,Africa,Country,ZAF,South Africa,Year,2021,false,,,,,,,,,,,,,2972,,,,,,2972,,,EN,2025-12-19T00:00:00.000Z
MALARIA_EST_CASES,Estimated number of malaria cases,text,AFR,Africa,Country,SSD,South Sudan,Year,2021,false,,,,,,,,,,,,,3007878,,,1940000,,4474000,3 007 878 [1 940 000-4 474 000],,,EN,2025-12-19T00:00:00.000Z
MALARIA_EST_CASES,Estimated number of malaria cases,text,SEAR,South-East Asia,Country,IND,India,Year,2021,false,,,,,,,,,,,,,3297335,,,1884000,,4784000,3 297 335 [1 884 000-4 784 000],,,EN,2025-12-19T00:00:00.000Z
MALARIA_EST_CASES,Estimated number of malaria cases,text,EMR,Eastern Mediterranean,Country,SDN,Sudan,Year,2021,false,,,,,,,,,,,,,3382106,,,1956000,,5462000,3 382 106 [1 956 000-5 462 000],,,EN,2025-12-19T00:00:00.000Z
MALARIA_EST_CASES,Estimated number of malaria cases,text,AFR,Africa,Country,TCD,Chad,Year,2021,false,,,,,,,,,,,,,3643929,,,2210000,,5610000,3 643 929 [2 210 000-5 610 000],,,EN,2025-12-19T00:00:00.000Z
MALARIA_EST_CASES,Estimated number of malaria cases,text,AFR,Africa,Country,ETH,Ethiopia,Year,2021,false,,,,,,,,,,,,,3783896,,,2097000,,5647000,3 783 896 [2 097 000-5 647 000],,,EN,2025-12-19T00:00:00.000Z
MALARIA_EST_CASES,Estimated number of malaria cases,text,SEAR,South-East Asia,Country,NPL,Nepal,Year,2021,false,,,,,,,,,,,,,32,,,,,,32,,,EN,2025-12-19T00:00:00.000Z
MALARIA_EST_CASES,Estimated number of malaria cases,text,AFR,Africa,Country,COD,Democratic Republic of the Congo,Year,2021,false,,,,,,,,,,,,,33515984,,,25730000,,43200000,33 515 984 [25 730 000-43 200 000],,,EN,2025-12-19T00:00:00.000Z
MALARIA_EST_CASES,Estimated number of malaria cases,text,AFR,Africa,Country,ZWE,Zimbabwe,Year,2021,false,,,,,,,,,,,,,342543,,,203000,,491000,342 543 [203 000-491 000],,,EN,2025-12-19T00:00:00.000Z
MALARIA_EST_CASES,Estimated number of malaria cases,text,WPR,Western Pacific,Country,VNM,Viet Nam,Year,2021,false,,,,,,,,,,,,,377,,,,,,377,,,EN,2025-12-19T00:00:00.000Z
MALARIA_EST_CASES,Estimated number of malaria cases,text,AFR,Africa,Country,GIN,Guinea,Year,2021,false,,,,,,,,,,,,,4036996,,,3121000,,5159000,4 036 996 [3 121 000-5 159 000],,,EN,2025-12-19T00:00:00.000Z
MALARIA_EST_CASES,Estimated number of malaria cases,text,AFR,Africa,Country,BDI,Burundi,Year,2021,false,,,,,,,,,,,,,4537471,,,3206000,,6270000,4 537 471 [3 206 000-6 270 000],,,EN,2025-12-19T00:00:00.000Z
MALARIA_EST_CASES,Estimated number of malaria cases,text,AFR,Africa,Country,KEN,Kenya,Year,2021,false,,,,,,,,,,,,,4719850,,,3105000,,6911000,4 719 850 [3 105 000-6 911 000],,,EN,2025-12-19T00:00:00.000Z
MALARIA_EST_CASES,Estimated number of malaria cases,text,AFR,Africa,Country,ZMB,Zambia,Year,2021,false,,,,,,,,,,,,,4724078,,,3819000,,5794000,4 724 078 [3 819 000-5 794 000],,,EN,2025-12-19T00:00:00.000Z
MALARIA_EST_CASES,Estimated number of malaria cases,text,AFR,Africa,Country,MDG,Madagascar,Year,2021,false,,,,,,,,,,,,,4938471,,,3156000,,6852000,4 938 471 [3 156 000-6 852 000],,,EN,2025-12-19T00:00:00.000Z
MALARIA_EST_CASES,Estimated number of malaria cases,text,AMR,Americas,Country,PAN,Panama,Year,2021,false,,,,,,,,,,,,,4165,,,,,,4165,,,EN,2025-12-19T00:00:00.000Z
MALARIA_EST_CASES,Estimated number of malaria cases,text,AFR,Africa,Country,GNQ,Equatorial Guinea,Year,2021,false,,,,,,,,,,,,,421362,,,278000,,606000,421 362 [278 000-606 000],,,EN,2025-12-19T00:00:00.000Z
MALARIA_EST_CASES,Estimated number of malaria cases,text,WPR,Western Pacific,Country,IDN,Indonesia,Year,2021,false,,,,,,,,,,,,,430908,,,400000,,467000,430 908 [400 000-467 000],,,EN,2025-12-19T00:00:00.000Z
MALARIA_EST_CASES,Estimated number of malaria cases,text,WPR,Western Pacific,Country,KHM,Cambodia,Year,2021,false,,,,,,,,,,,,,4382,,,,,,4382,,,EN,2025-12-19T00:00:00.000Z
MALARIA_EST_CASES,Estimated number of malaria cases,text,AFR,Africa,Country,GAB,Gabon,Year,2021,false,,,,,,,,,,,,,449657,,,325000,,602000,449 657 [325 000-602 000],,,EN,2025-12-19T00:00:00.000Z
MALARIA_EST_CASES,Estimated number of malaria cases,text,AFR,Africa,Country,BEN,Benin,Year,2021,false,,,,,,,,,,,,,5072961,,,3719000,,6736000,5 072 961 [3 719 000-6 736 000],,,EN,2025-12-19T00:00:00.000Z
MALARIA_EST_CASES,Estimated number of malaria cases,text,AFR,Africa,Country,MWI,Malawi,Year,2021,false,,,,,,,,,,,,,5623024,,,3886000,,7924000,5 623 024 [3 886 000-7 924 000],,,EN,2025-12-19T00:00:00.000Z
MALARIA_EST_CASES,Estimated number of malaria cases,text,AFR,Africa,Country,SWZ,Eswatini,Year,2021,false,,,,,,,,,,,,,505,,,,,,505,,,EN,2025-12-19T00:00:00.000Z
MALARIA_EST_CASES,Estimated number of malaria cases,text,EMR,Eastern Mediterranean,Country,PAK,Pakistan,Year,2021,false,,,,,,,,,,,,,505836,,,401000,,678000,505 836 [401 000-678 000],,,EN,2025-12-19T00:00:00.000Z
MALARIA_EST_CASES,Estimated number of malaria cases,text,EMR,Eastern Mediterranean,Country,DJI,Djibouti,Year,2021,false,,,,,,,,,,,,,58916,,,,,,58 916,,,EN,2025-12-19T00:00:00.000Z
MALARIA_EST_CASES,Estimated number of malaria cases,text,AFR,Africa,Country,GHA,Ghana,Year,2021,false,,,,,,,,,,,,,6909085,,,5232000,,8993000,6 909 085 [5 232 000-8 993 000],,,EN,2025-12-19T00:00:00.000Z
MALARIA_EST_CASES,Estimated number of malaria cases,text,WPR,Western Pacific,Country,LAO,Lao People's Democratic Republic,Year,2021,false,,,,,,,,,,,,,6403,,,4600,,8500,6403 [4600-8500],,,EN,2025-12-19T00:00:00.000Z
MALARIA_EST_CASES,Estimated number of malaria cases,text,AFR,Africa,Country,NGA,Nigeria,Year,2021,false,,,,,,,,,,,,,65399501,,,47520000,,89000000,65 399 501 [47 520 000-89 000 000],,,EN,2025-12-19T00:00:00.000Z
MALARIA_EST_CASES,Estimated number of malaria cases,text,AFR,Africa,Country,CMR,Cameroon,Year,2021,false,,,,,,,,,,,,,7284817,,,5581000,,9316000,7 284 817 [5 581 000-9 316 000],,,EN,2025-12-19T00:00:00.000Z
MALARIA_EST_CASES,Estimated number of malaria cases,text,AFR,Africa,Country,NER,Niger,Year,2021,false,,,,,,,,,,,,,7452978,,,4283000,,12050000,7 452 978 [4 283 000-12 050 000],,,EN,2025-12-19T00:00:00.000Z
MALARIA_EST_CASES,Estimated number of malaria cases,text,AFR,Africa,Country,MLI,Mali,Year,2021,false,,,,,,,,,,,,,7744735,,,5463000,,11010000,7 744 735 [5 463 000-11 010 000],,,EN,2025-12-19T00:00:00.000Z
MALARIA_EST_CASES,Estimated number of malaria cases,text,AFR,Africa,Country,SEN,Senegal,Year,2021,false,,,,,,,,,,,,,720754,,,569000,,880000,720 754 [569 000-880 000],,,EN,2025-12-19T00:00:00.000Z
MALARIA_EST_CASES,Estimated number of malaria cases,text,WPR,Western Pacific,Country,VUT,Vanuatu,Year,2021,false,,,,,,,,,,,,,738,,,470,,1100,738 [470-1100],,,EN,2025-12-19T00:00:00.000Z
MALARIA_EST_CASES,Estimated number of malaria cases,text,AMR,Americas,Country,GUF,French Guiana,Year,2021,false,,,,,,,,,,,,,74,,,,,,74,,,EN,2025-12-19T00:00:00.000Z
MALARIA_EST_CASES,Estimated number of malaria cases,text,AFR,Africa,Country,BFA,Burkina Faso,Year,2021,false,,,,,,,,,,,,,8326915,,,5527000,,12050000,8 326 915 [5 527 000-12 050 000],,,EN,2025-12-19T00:00:00.000Z
MALARIA_EST_CASES,Estimated number of malaria cases,text,AFR,Africa,Country,TZA,United Republic of Tanzania,Year,2021,false,,,,,,,,,,,,,8377141,,,6113000,,11210000,8 377 141 [6 113 000-11 210 000],,,EN,2025-12-19T00:00:00.000Z
MALARIA_EST_CASES,Estimated number of malaria cases,text,AFR,Africa,Country,CIV,Cote d'Ivoire,Year,2021,false,,,,,,,,,,,,,8407016,,,6458000,,10850000,8 407 016 [6 458 000-10 850 000],,,EN,2025-12-19T00:00:00.000Z
MALARIA_EST_CASES,Estimated number of malaria cases,text,AFR,Africa,Country,AGO,Angola,Year,2021,false,,,,,,,,,,,,,8930365,,,5854000,,12960000,8 930 365 [5 854 000-12 960 000],,,EN,2025-12-19T00:00:00.000Z
MALARIA_EST_CASES,Estimated number of malaria cases,text,SEAR,South-East Asia,Country,BGD,Bangladesh,Year,2021,false,,,,,,,,,,,,,8974,,,7600,,10000,8974 [7600-10 000],,,EN,2025-12-19T00:00:00.000Z
MALARIA_EST_CASES,Estimated number of malaria cases,text,SEAR,South-East Asia,Country,BTN,Bhutan,Year,2021,false,,,,,,,,,,,,,9,,,,,,9,,,EN,2025-12-19T00:00:00.000Z
MALARIA_EST_CASES,Estimated number of malaria cases,text,AFR,Africa,Country,MOZ,Mozambique,Year,2021,false,,,,,,,,,,,,,9907099,,,7892000,,12370000,9 907 099 [7 892 000-12 370 000],,,EN,2025-12-19T00:00:00.000Z
MALARIA_EST_CASES,Estimated number of malaria cases,text,AFR,Africa,Country,ERI,Eritrea,Year,2021,false,,,,,,,,,,,,,92938,,,60000,,129000,92 938 [60 000-129 000],,,EN,2025-12-19T00:00:00.000Z
MALARIA_EST_CASES,Estimated number of malaria cases,text,EMR,Eastern Mediterranean,Country,SOM,Somalia,Year,2021,false,,,,,,,,,,,,,955984,,,601000,,1437000,955 984 [601 000-1 437 000],,,EN,2025-12-19T00:00:00.000Z
MALARIA_EST_CASES,Estimated number of malaria cases,text,AFR,Africa,Country,DZA,Algeria,Year,2020,false,,,,,,,,,,,,,0,,,,,,0,,,EN,2025-12-19T00:00:00.000Z
MALARIA_EST_CASES,Estimated number of malaria cases,text,AMR,Americas,Country,ARG,Argentina,Year,2020,false,,,,,,,,,,,,,0,,,,,,0,,,EN,2025-12-19T00:00:00.000Z
MALARIA_EST_CASES,Estimated number of malaria cases,text,EUR,Europe,Country,ARM,Armenia,Year,2020,false,,,,,,,,,,,,,0,,,,,,0,,,EN,2025-12-19T00:00:00.000Z
MALARIA_EST_CASES,Estimated number of malaria cases,text,EUR,Europe,Country,AZE,Azerbaijan,Year,2020,false,,,,,,,,,,,,,0,,,,,,0,,,EN,2025-12-19T00:00:00.000Z
MALARIA_EST_CASES,Estimated number of malaria cases,text,AMR,Americas,Country,BLZ,Belize,Year,2020,false,,,,,,,,,,,,,0,,,,,,0,,,EN,2025-12-19T00:00:00.000Z
MALARIA_EST_CASES,Estimated number of malaria cases,text,AFR,Africa,Country,CPV,Cabo Verde,Year,2020,false,,,,,,,,,,,,,0,,,,,,0,,,EN,2025-12-19T00:00:00.000Z
MALARIA_EST_CASES,Estimated number of malaria cases,text,WPR,Western Pacific,Country,CHN,China,Year,2020,false,,,,,,,,,,,,,0,,,,,,0,,,EN,2025-12-19T00:00:00.000Z
MALARIA_EST_CASES,Estimated number of malaria cases,text,EMR,Eastern Mediterranean,Country,EGY,Egypt,Year,2020,false,,,,,,,,,,,,,0,,,,,,0,,,EN,2025-12-19T00:00:00.000Z
MALARIA_EST_CASES,Estimated number of malaria cases,text,AMR,Americas,Country,SLV,El Salvador,Year,2020,false,,,,,,,,,,,,,0,,,,,,0,,,EN,2025-12-19T00:00:00.000Z
MALARIA_EST_CASES,Estimated number of malaria cases,text,EUR,Europe,Country,GEO,Georgia,Year,2020,false,,,,,,,,,,,,,0,,,,,,0,,,EN,2025-12-19T00:00:00.000Z
MALARIA_EST_CASES,Estimated number of malaria cases,text,EMR,Eastern Mediterranean,Country,IRN,Iran (Islamic Republic of),Year,2020,false,,,,,,,,,,,,,0,,,,,,0,,,EN,2025-12-19T00:00:00.000Z
MALARIA_EST_CASES,Estimated number of malaria cases,text,EMR,Eastern Mediterranean,Country,IRQ,Iraq,Year,2020,false,,,,,,,,,,,,,0,,,,,,0,,,EN,2025-12-19T00:00:00.000Z
MALARIA_EST_CASES,Estimated number of malaria cases,text,EUR,Europe,Country,KAZ,Kazakhstan,Year,2020,false,,,,,,,,,,,,,0,,,,,,0,,,EN,2025-12-19T00:00:00.000Z
MALARIA_EST_CASES,Estimated number of malaria cases,text,EUR,Europe,Country,KGZ,Kyrgyzstan,Year,2020,false,,,,,,,,,,,,,0,,,,,,0,,,EN,2025-12-19T00:00:00.000Z
MALARIA_EST_CASES,Estimated number of malaria cases,text,WPR,Western Pacific,Country,MYS,Malaysia,Year,2020,false,,,,,,,,,,,,,0,,,,,,0,,,EN,2025-12-19T00:00:00.000Z
MALARIA_EST_CASES,Estimated number of malaria cases,text,EMR,Eastern Mediterranean,Country,MAR,Morocco,Year,2020,false,,,,,,,,,,,,,0,,,,,,0,,,EN,2025-12-19T00:00:00.000Z
MALARIA_EST_CASES,Estimated number of malaria cases,text,EMR,Eastern Mediterranean,Country,OMN,Oman,Year,2020,false,,,,,,,,,,,,,0,,,,,,0,,,EN,2025-12-19T00:00:00.000Z
MALARIA_EST_CASES,Estimated number of malaria cases,text,AMR,Americas,Country,PRY,Paraguay,Year,2020,false,,,,,,,,,,,,,0,,,,,,0,,,EN,2025-12-19T00:00:00.000Z
MALARIA_EST_CASES,Estimated number of malaria cases,text,SEAR,South-East Asia,Country,LKA,Sri Lanka,Year,2020,false,,,,,,,,,,,,,0,,,,,,0,,,EN,2025-12-19T00:00:00.000Z
MALARIA_EST_CASES,Estimated number of malaria cases,text,EMR,Eastern Mediterranean,Country,SYR,Syrian Arab Republic,Year,2020,false,,,,,,,,,,,,,0,,,,,,0,,,EN,2025-12-19T00:00:00.000Z
MALARIA_EST_CASES,Estimated number of malaria cases,text,EUR,Europe,Country,TUR,Türkiye,Year,2020,false,,,,,,,,,,,,,0,,,,,,0,,,EN,2025-12-19T00:00:00.000Z
MALARIA_EST_CASES,Estimated number of malaria cases,text,EUR,Europe,Country,TJK,Tajikistan,Year,2020,false,,,,,,,,,,,,,0,,,,,,0,,,EN,2025-12-19T00:00:00.000Z
MALARIA_EST_CASES,Estimated number of malaria cases,text,EUR,Europe,Country,TKM,Turkmenistan,Year,2020,false,,,,,,,,,,,,,0,,,,,,0,,,EN,2025-12-19T00:00:00.000Z
MALARIA_EST_CASES,Estimated number of malaria cases,text,EMR,Eastern Mediterranean,Country,ARE,United Arab Emirates,Year,2020,false,,,,,,,,,,,,,0,,,,,,0,,,EN,2025-12-19T00:00:00.000Z
MALARIA_EST_CASES,Estimated number of malaria cases,text,EUR,Europe,Country,UZB,Uzbekistan,Year,2020,false,,,,,,,,,,,,,0,,,,,,0,,,EN,2025-12-19T00:00:00.000Z
MALARIA_EST_CASES,Estimated number of malaria cases,text,AFR,Africa,Country,ZWE,Zimbabwe,Year,2020,false,,,,,,,,,,,,,1152901,,,692000,,1662000,1 152 901 [692 000-1 662 000],,,EN,2025-12-19T00:00:00.000Z
MALARIA_EST_CASES,Estimated number of malaria cases,text,AFR,Africa,Country,COG,Congo,Year,2020,false,,,,,,,,,,,,,1385505,,,829000,,2187000,1 385 505 [829 000-2 187 000],,,EN,2025-12-19T00:00:00.000Z
MALARIA_EST_CASES,Estimated number of malaria cases,text,AFR,Africa,Country,LBR,Liberia,Year,2020,false,,,,,,,,,,,,,1426019,,,930000,,2089000,1 426 019 [930 000-2 089 000],,,EN,2025-12-19T00:00:00.000Z
MALARIA_EST_CASES,Estimated number of malaria cases,text,WPR,Western Pacific,Country,PNG,Papua New Guinea,Year,2020,false,,,,,,,,,,,,,1470120,,,1011000,,1975000,1 470 120 [1 011 000-1 975 000],,,EN,2025-12-19T00:00:00.000Z
MALARIA_EST_CASES,Estimated number of malaria cases,text,AFR,Africa,Country,CAF,Central African Republic,Year,2020,false,,,,,,,,,,,,,1890435,,,929000,,3492000,1 890 435 [929 000-3 492 000],,,EN,2025-12-19T00:00:00.000Z
MALARIA_EST_CASES,Estimated number of malaria cases,text,WPR,Western Pacific,Country,KHM,Cambodia,Year,2020,false,,,,,,,,,,,,,11157,,,10000,,12000,11 157 [10 000-12 000],,,EN,2025-12-19T00:00:00.000Z
MALARIA_EST_CASES,Estimated number of malaria cases,text,AFR,Africa,Country,UGA,Uganda,Year,2020,false,,,,,,,,,,,,,11366057,,,8768000,,14510000,11 366 057 [8 768 000-14 510 000],,,EN,2025-12-19T00:00:00.000Z
MALARIA_EST_CASES,Estimated number of malaria cases,text,AMR,Americas,Country,HND,Honduras,Year,2020,false,,,,,,,,,,,,,1125,,,860,,1400,1125 [860-1400],,,EN,2025-12-19T00:00:00.000Z
MALARIA_EST_CASES,Estimated number of malaria cases,text,AMR,Americas,Country,COL,Colombia,Year,2020,false,,,,,,,,,,,,,113807,,,86000,,143000,113 807 [86 000-143 000],,,EN,2025-12-19T00:00:00.000Z
MALARIA_EST_CASES,Estimated number of malaria cases,text,WPR,Western Pacific,Country,VUT,Vanuatu,Year,2020,false,,,,,,,,,,,,,1130,,,740,,1700,1130 [740-1700],,,EN,2025-12-19T00:00:00.000Z
MALARIA_EST_CASES,Estimated number of malaria cases,text,WPR,Western Pacific,Country,SLB,Solomon Islands,Year,2020,false,,,,,,,,,,,,,114019,,,99000,,135000,114 019 [99 000-135 000],,,EN,2025-12-19T00:00:00.000Z
MALARIA_EST_CASES,Estimated number of malaria cases,text,AMR,Americas,Country,GTM,Guatemala,Year,2020,false,,,,,,,,,,,,,1240,,,1100,,1400,1240 [1100-1400],,,EN,2025-12-19T00:00:00.000Z
MALARIA_EST_CASES,Estimated number of malaria cases,text,AMR,Americas,Country,SUR,Suriname,Year,2020,false,,,,,,,,,,,,,147,,,,,,147,,,EN,2025-12-19T00:00:00.000Z
MALARIA_EST_CASES,Estimated number of malaria cases,text,WPR,Western Pacific,Country,PHL,Philippines,Year,2020,false,,,,,,,,,,,,,15088,,,11000,,20000,15 088 [11 000-20 000],,,EN,2025-12-19T00:00:00.000Z
MALARIA_EST_CASES,Estimated number of malaria cases,text,AFR,Africa,Country,ERI,Eritrea,Year,2020,false,,,,,,,,,,,,,158889,,,103000,,221000,158 889 [103 000-221 000],,,EN,2025-12-19T00:00:00.000Z
MALARIA_EST_CASES,Estimated number of malaria cases,text,AMR,Americas,Country,BOL,Bolivia (Plurinational State of),Year,2020,false,,,,,,,,,,,,,16506,,,13000,,20000,16 506 [13 000-20 000],,,EN,2025-12-19T00:00:00.000Z
MALARIA_EST_CASES,Estimated number of malaria cases,text,AMR,Americas,Country,GUF,French Guiana,Year,2020,false,,,,,,,,,,,,,164,,,150,,190,164 [150-190],,,EN,2025-12-19T00:00:00.000Z
MALARIA_EST_CASES,Estimated number of malaria cases,text,WPR,Western Pacific,Country,VNM,Viet Nam,Year,2020,false,,,,,,,,,,,,,1657,,,1500,,1800,1657 [1500-1800],,,EN,2025-12-19T00:00:00.000Z
MALARIA_EST_CASES,Estimated number of malaria cases,text,AMR,Americas,Country,BRA,Brazil,Year,2020,false,,,,,,,,,,,,,167113,,,150000,,181000,167 113 [150 000-181 000],,,EN,2025-12-19T00:00:00.000Z
MALARIA_EST_CASES,Estimated number of malaria cases,text,AFR,Africa,Country,BWA,Botswana,Year,2020,false,,,,,,,,,,,,,1778,,,1200,,2700,1778 [1200-2700],,,EN,2025-12-19T00:00:00.000Z
MALARIA_EST_CASES,Estimated number of malaria cases,text,SEAR,South-East Asia,Country,PRK,Democratic People's Republic of Korea,Year,2020,false,,,,,,,,,,,,,1819,,,,,,1819,,,EN,2025-12-19T00:00:00.000Z
MALARIA_EST_CASES,Estimated number of malaria cases,text,AFR,Africa,Country,GNB,Guinea-Bissau,Year,2020,false,,,,,,,,,,,,,191604,,,69000,,420000,191 604 [69 000-420 000],,,EN,2025-12-19T00:00:00.000Z
MALARIA_EST_CASES,Estimated number of malaria cases,text,AFR,Africa,Country,STP,Sao Tome and Principe,Year,2020,false,,,,,,,,,,,,,1933,,,,,,1933,,,EN,2025-12-19T00:00:00.000Z
MALARIA_EST_CASES,Estimated number of malaria cases,text,AMR,Americas,Country,ECU,Ecuador,Year,2020,false,,,,,,,,,,,,,1934,,,,,,1934,,,EN,2025-12-19T00:00:00.000Z
MALARIA_EST_CASES,Estimated number of malaria cases,text,AFR,Africa,Country,MYT,Mayotte,Year,2020,false,,,,,,,,,,,,,2,,,2,,2,2 [2-2],,,EN,2025-12-19T00:00:00.000Z
MALARIA_EST_CASES,Estimated number of malaria cases,text,AFR,Africa,Country,TGO,Togo,Year,2020,false,,,,,,,,,,,,,2461528,,,1771000,,3348000,2 461 528 [1 771 000-3 348 000],,,EN,2025-12-19T00:00:00.000Z
MALARIA_EST_CASES,Estimated number of malaria cases,text,AFR,Africa,Country,SLE,Sierra Leone,Year,2020,false,,,,,,,,,,,,,2477507,,,1410000,,4037000,2 477 507 [1 410 000-4 037 000],,,EN,2025-12-19T00:00:00.000Z
MALARIA_EST_CASES,Estimated number of malaria cases,text,AFR,Africa,Country,RWA,Rwanda,Year,2020,false,,,,,,,,,,,,,2784545,,,2164000,,3430000,2 784 545 [2 164 000-3 430 000],,,EN,2025-12-19T00:00:00.000Z
MALARIA_EST_CASES,Estimated number of malaria cases,text,AFR,Africa,Country,NAM,Namibia,Year,2020,false,,,,,,,,,,,,,20197,,,16000,,25000,20 197 [16 000-25 000],,,EN,2025-12-19T00:00:00.000Z
MALARIA_EST_CASES,Estimated number of malaria cases,text,AMR,Americas,Country,PAN,Panama,Year,2020,false,,,,,,,,,,,,,2051,,,2000,,2200,2051 [2000-2200],,,EN,2025-12-19T00:00:00.000Z
MALARIA_EST_CASES,Estimated number of malaria cases,text,AFR,Africa,Country,GMB,Gambia,Year,2020,false,,,,,,,,,,,,,210897,,,147000,,304000,210 897 [147 000-304 000],,,EN,2025-12-19T00:00:00.000Z
MALARIA_EST_CASES,Estimated number of malaria cases,text,SEAR,South-East Asia,Country,BTN,Bhutan,Year,2020,false,,,,,,,,,,,,,22,,,,,,22,,,EN,2025-12-19T00:00:00.000Z
MALARIA_EST_CASES,Estimated number of malaria cases,text,AMR,Americas,Country,GUY,Guyana,Year,2020,false,,,,,,,,,,,,,22093,,,19000,,26000,22 093 [19 000-26 000],,,EN,2025-12-19T00:00:00.000Z
MALARIA_EST_CASES,Estimated number of malaria cases,text,AMR,Americas,Country,VEN,Venezuela (Bolivarian Republic of),Year,2020,false,,,,,,,,,,,,,223067,,,199000,,256000,223 067 [199 000-256 000],,,EN,2025-12-19T00:00:00.000Z
MALARIA_EST_CASES,Estimated number of malaria cases,text,AFR,Africa,Country,SWZ,Eswatini,Year,2020,false,,,,,,,,,,,,,233,,,,,,233,,,EN,2025-12-19T00:00:00.000Z
MALARIA_EST_CASES,Estimated number of malaria cases,text,EMR,Eastern Mediterranean,Country,AFG,Afghanistan,Year,2020,false,,,,,,,,,,,,,253150,,,195000,,321000,253 150 [195 000-321 000],,,EN,2025-12-19T00:00:00.000Z
MALARIA_EST_CASES,Estimated number of malaria cases,text,AMR,Americas,Country,PER,Peru,Year,2020,false,,,,,,,,,,,,,29745,,,22000,,42000,29 745 [22 000-42 000],,,EN,2025-12-19T00:00:00.000Z
MALARIA_EST_CASES,Estimated number of malaria cases,text,AFR,Africa,Country,MRT,Mauritania,Year,2020,false,,,,,,,,,,,,,294897,,,98000,,606000,294 897 [98 000-606 000],,,EN,2025-12-19T00:00:00.000Z
MALARIA_EST_CASES,Estimated number of malaria cases,text,SEAR,South-East Asia,Country,TLS,Timor-Leste,Year,2020,false,,,,,,,,,,,,,3,,,,,,3,,,EN,2025-12-19T00:00:00.000Z
MALARIA_EST_CASES,Estimated number of malaria cases,text,AFR,Africa,Country,SSD,South Sudan,Year,2020,false,,,,,,,,,,,,,3012729,,,1963000,,4503000,3 012 729 [1 963 000-4 503 000],,,EN,2025-12-19T00:00:00.000Z
MALARIA_EST_CASES,Estimated number of malaria cases,text,EMR,Eastern Mediterranean,Country,SDN,Sudan,Year,2020,false,,,,,,,,,,,,,3076729,,,1717000,,5065000,3 076 729 [1 717 000-5 065 000],,,EN,2025-12-19T00:00:00.000Z
MALARIA_EST_CASES,Estimated number of malaria cases,text,SEAR,South-East Asia,Country,IND,India,Year,2020,false,,,,,,,,,,,,,3318911,,,2061000,,4625000,3 318 911 [2 061 000-4 625 000],,,EN,2025-12-19T00:00:00.000Z
MALARIA_EST_CASES,Estimated number of malaria cases,text,AFR,Africa,Country,TCD,Chad,Year,2020,false,,,,,,,,,,,,,3556154,,,2160000,,5523000,3 556 154 [2 160 000-5 523 000],,,EN,2025-12-19T00:00:00.000Z
MALARIA_EST_CASES,Estimated number of malaria cases,text,SEAR,South-East Asia,Country,THA,Thailand,Year,2020,false,,,,,,,,,,,,,3123,,,,,,3123,,,EN,2025-12-19T00:00:00.000Z
MALARIA_EST_CASES,Estimated number of malaria cases,text,AMR,Americas,Country,NIC,Nicaragua,Year,2020,false,,,,,,,,,,,,,32469,,,27000,,39000,32 469 [27 000-39 000],,,EN,2025-12-19T00:00:00.000Z
MALARIA_EST_CASES,Estimated number of malaria cases,text,AFR,Africa,Country,COD,Democratic Republic of the Congo,Year,2020,false,,,,,,,,,,,,,32532899,,,24840000,,41830000,32 532 899 [24 840 000-41 830 000],,,EN,2025-12-19T00:00:00.000Z
MALARIA_EST_CASES,Estimated number of malaria cases,text,AMR,Americas,Country,MEX,Mexico,Year,2020,false,,,,,,,,,,,,,356,,,,,,356,,,EN,2025-12-19T00:00:00.000Z
MALARIA_EST_CASES,Estimated number of malaria cases,text,WPR,Western Pacific,Country,KOR,Republic of Korea,Year,2020,false,,,,,,,,,,,,,356,,,,,,356,,,EN,2025-12-19T00:00:00.000Z
MALARIA_EST_CASES,Estimated number of malaria cases,text,AMR,Americas,Country,HTI,Haiti,Year,2020,false,,,,,,,,,,,,,38093,,,25000,,51000,38 093 [25 000-51 000],,,EN,2025-12-19T00:00:00.000Z
MALARIA_EST_CASES,Estimated number of malaria cases,text,AFR,Africa,Country,MDG,Madagascar,Year,2020,false,,,,,,,,,,,,,4016745,,,2668000,,5489000,4 016 745 [2 668 000-5 489 000],,,EN,2025-12-19T00:00:00.000Z
MALARIA_EST_CASES,Estimated number of malaria cases,text,AFR,Africa,Country,GIN,Guinea,Year,2020,false,,,,,,,,,,,,,4077448,,,2921000,,5553000,4 077 448 [2 921 000-5 553 000],,,EN,2025-12-19T00:00:00.000Z
MALARIA_EST_CASES,Estimated number of malaria cases,text,AFR,Africa,Country,ETH,Ethiopia,Year,2020,false,,,,,,,,,,,,,4227742,,,2359000,,6346000,4 227 742 [2 359 000-6 346 000],,,EN,2025-12-19T00:00:00.000Z
MALARIA_EST_CASES,Estimated number of malaria cases,text,AFR,Africa,Country,BDI,Burundi,Year,2020,false,,,,,,,,,,,,,4354589,,,3275000,,5649000,4 354 589 [3 275 000-5 649 000],,,EN,2025-12-19T00:00:00.000Z
MALARIA_EST_CASES,Estimated number of malaria cases,text,AFR,Africa,Country,KEN,Kenya,Year,2020,false,,,,,,,,,,,,,4438409,,,3331000,,5776000,4 438 409 [3 331 000-5 776 000],,,EN,2025-12-19T00:00:00.000Z
MALARIA_EST_CASES,Estimated number of malaria cases,text,AFR,Africa,Country,ZMB,Zambia,Year,2020,false,,,,,,,,,,,,,4464614,,,3543000,,5550000,4 464 614 [3 543 000-5 550 000],,,EN,2025-12-19T00:00:00.000Z
MALARIA_EST_CASES,Estimated number of malaria cases,text,AFR,Africa,Country,BEN,Benin,Year,2020,false,,,,,,,,,,,,,4927525,,,3675000,,6420000,4 927 525 [3 675 000-6 420 000],,,EN,2025-12-19T00:00:00.000Z
MALARIA_EST_CASES,Estimated number of malaria cases,text,AFR,Africa,Country,GNQ,Equatorial Guinea,Year,2020,false,,,,,,,,,,,,,419332,,,283000,,600000,419 332 [283 000-600 000],,,EN,2025-12-19T00:00:00.000Z
MALARIA_EST_CASES,Estimated number of malaria cases,text,AFR,Africa,Country,ZAF,South Africa,Year,2020,false,,,,,,,,,,,,,4463,,,,,,4463,,,EN,2025-12-19T00:00:00.000Z
MALARIA_EST_CASES,Estimated number of malaria cases,text,AFR,Africa,Country,GAB,Gabon,Year,2020,false,,,,,,,,,,,,,449585,,,336000,,589000,449 585 [336 000-589 000],,,EN,2025-12-19T00:00:00.000Z
MALARIA_EST_CASES,Estimated number of malaria cases,text,AFR,Africa,Country,COM,Comoros,Year,2020,false,,,,,,,,,,,,,4546,,,,,,4546,,,EN,2025-12-19T00:00:00.000Z
MALARIA_EST_CASES,Estimated number of malaria cases,text,AFR,Africa,Country,MWI,Malawi,Year,2020,false,,,,,,,,,,,,,5528376,,,3619000,,8007000,5 528 376 [3 619 000-8 007 000],,,EN,2025-12-19T00:00:00.000Z
MALARIA_EST_CASES,Estimated number of malaria cases,text,WPR,Western Pacific,Country,IDN,Indonesia,Year,2020,false,,,,,,,,,,,,,530261,,,487000,,580000,530 261 [487 000-580 000],,,EN,2025-12-19T00:00:00.000Z
MALARIA_EST_CASES,Estimated number of malaria cases,text,EMR,Eastern Mediterranean,Country,PAK,Pakistan,Year,2020,false,,,,,,,,,,,,,542938,,,430000,,725000,542 938 [430 000-725 000],,,EN,2025-12-19T00:00:00.000Z
MALARIA_EST_CASES,Estimated number of malaria cases,text,WPR,Western Pacific,Country,LAO,Lao People's Democratic Republic,Year,2020,false,,,,,,,,,,,,,5674,,,4100,,7500,5674 [4100-7500],,,EN,2025-12-19T00:00:00.000Z
MALARIA_EST_CASES,Estimated number of malaria cases,text,AFR,Africa,Country,SEN,Senegal,Year,2020,false,,,,,,,,,,,,,597453,,,472000,,729000,597 453 [472 000-729 000],,,EN,2025-12-19T00:00:00.000Z
MALARIA_EST_CASES,Estimated number of malaria cases,text,AFR,Africa,Country,CMR,Cameroon,Year,2020,false,,,,,,,,,,,,,6940869,,,5191000,,9065000,6 940 869 [5 191 000-9 065 000],,,EN,2025-12-19T00:00:00.000Z
MALARIA_EST_CASES,Estimated number of malaria cases,text,AFR,Africa,Country,NGA,Nigeria,Year,2020,false,,,,,,,,,,,,,65133759,,,46800000,,88650000,65 133 759 [46 800 000-88 650 000],,,EN,2025-12-19T00:00:00.000Z
MALARIA_EST_CASES,Estimated number of malaria cases,text,AFR,Africa,Country,GHA,Ghana,Year,2020,false,,,,,,,,,,,,,7003408,,,5361000,,9019000,7 003 408 [5 361 000-9 019 000],,,EN,2025-12-19T00:00:00.000Z
MALARIA_EST_CASES,Estimated number of malaria cases,text,AFR,Africa,Country,TZA,United Republic of Tanzania,Year,2020,false,,,,,,,,,,,,,7520952,,,5444000,,10070000,7 520 952 [5 444 000-10 070 000],,,EN,2025-12-19T00:00:00.000Z
MALARIA_EST_CASES,Estimated number of malaria cases,text,AFR,Africa,Country,MLI,Mali,Year,2020,false,,,,,,,,,,,,,7586538,,,5354000,,10780000,7 586 538 [5 354 000-10 780 000],,,EN,2025-12-19T00:00:00.000Z
MALARIA_EST_CASES,Estimated number of malaria cases,text,AFR,Africa,Country,NER,Niger,Year,2020,false,,,,,,,,,,,,,7845383,,,4583000,,12750000,7 845 383 [4 583 000-12 750 000],,,EN,2025-12-19T00:00:00.000Z
MALARIA_EST_CASES,Estimated number of malaria cases,text,EMR,Eastern Mediterranean,Country,DJI,Djibouti,Year,2020,false,,,,,,,,,,,,,73535,,,,,,73 535,,,EN,2025-12-19T00:00:00.000Z
MALARIA_EST_CASES,Estimated number of malaria cases,text,SEAR,South-East Asia,Country,BGD,Bangladesh,Year,2020,false,,,,,,,,,,,,,7545,,,6400,,8700,7545 [6400-8700],,,EN,2025-12-19T00:00:00.000Z
MALARIA_EST_CASES,Estimated number of malaria cases,text,AFR,Africa,Country,BFA,Burkina Faso,Year,2020,false,,,,,,,,,,,,,8122685,,,5375000,,11720000,8 122 685 [5 375 000-11 720 000],,,EN,2025-12-19T00:00:00.000Z
MALARIA_EST_CASES,Estimated number of malaria cases,text,AFR,Africa,Country,AGO,Angola,Year,2020,false,,,,,,,,,,,,,8179791,,,5141000,,12210000,8 179 791 [5 141 000-12 210 000],,,EN,2025-12-19T00:00:00.000Z
MALARIA_EST_CASES,Estimated number of malaria cases,text,AFR,Africa,Country,CIV,Cote d'Ivoire,Year,2020,false,,,,,,,,,,,,,8549253,,,6414000,,11130000,8 549 253 [6 414 000-11 130 000],,,EN,2025-12-19T00:00:00.000Z
MALARIA_EST_CASES,Estimated number of malaria cases,text,SEAR,South-East Asia,Country,MMR,Myanmar,Year,2020,false,,,,,,,,,,,,,82134,,,67000,,99000,82 134 [67 000-99 000],,,EN,2025-12-19T00:00:00.000Z
MALARIA_EST_CASES,Estimated number of malaria cases,text,EMR,Eastern Mediterranean,Country,SAU,Saudi Arabia,Year,2020,false,,,,,,,,,,,,,83,,,,,,83,,,EN,2025-12-19T00:00:00.000Z
MALARIA_EST_CASES,Estimated number of malaria cases,text,EMR,Eastern Mediterranean,Country,YEM,Yemen,Year,2020,false,,,,,,,,,,,,,848385,,,547000,,1286000,848 385 [547 000-1 286 000],,,EN,2025-12-19T00:00:00.000Z
MALARIA_EST_CASES,Estimated number of malaria cases,text,AFR,Africa,Country,MOZ,Mozambique,Year,2020,false,,,,,,,,,,,,,9870873,,,7755000,,12400000,9 870 873 [7 755 000-12 400 000],,,EN,2025-12-19T00:00:00.000Z
MALARIA_EST_CASES,Estimated number of malaria cases,text,AMR,Americas,Country,CRI,Costa Rica,Year,2020,false,,,,,,,,,,,,,90,,,,,,90,,,EN,2025-12-19T00:00:00.000Z
MALARIA_EST_CASES,Estimated number of malaria cases,text,SEAR,South-East Asia,Country,NPL,Nepal,Year,2020,false,,,,,,,,,,,,,91,,,77,,110,91 [77-110],,,EN,2025-12-19T00:00:00.000Z
MALARIA_EST_CASES,Estimated number of malaria cases,text,EMR,Eastern Mediterranean,Country,SOM,Somalia,Year,2020,false,,,,,,,,,,,,,940793,,,636000,,1331000,940 793 [636 000-1 331 000],,,EN,2025-12-19T00:00:00.000Z
MALARIA_EST_CASES,Estimated number of malaria cases,text,AMR,Americas,Country,DOM,Dominican Republic,Year,2020,false,,,,,,,,,,,,,977,,,860,,1100,977 [860-1100],,,EN,2025-12-19T00:00:00.000Z
MALARIA_EST_CASES,Estimated number of malaria cases,text,AFR,Africa,Country,DZA,Algeria,Year,2019,false,,,,,,,,,,,,,0,,,,,,0,,,EN,2025-12-19T00:00:00.000Z
MALARIA_EST_CASES,Estimated number of malaria cases,text,AMR,Americas,Country,ARG,Argentina,Year,2019,false,,,,,,,,,,,,,0,,,,,,0,,,EN,2025-12-19T00:00:00.000Z
MALARIA_EST_CASES,Estimated number of malaria cases,text,EUR,Europe,Country,ARM,Armenia,Year,2019,false,,,,,,,,,,,,,0,,,,,,0,,,EN,2025-12-19T00:00:00.000Z
MALARIA_EST_CASES,Estimated number of malaria cases,text,EUR,Europe,Country,AZE,Azerbaijan,Year,2019,false,,,,,,,,,,,,,0,,,,,,0,,,EN,2025-12-19T00:00:00.000Z
MALARIA_EST_CASES,Estimated number of malaria cases,text,AMR,Americas,Country,BLZ,Belize,Year,2019,false,,,,,,,,,,,,,0,,,,,,0,,,EN,2025-12-19T00:00:00.000Z
MALARIA_EST_CASES,Estimated number of malaria cases,text,AFR,Africa,Country,CPV,Cabo Verde,Year,2019,false,,,,,,,,,,,,,0,,,,,,0,,,EN,2025-12-19T00:00:00.000Z
MALARIA_EST_CASES,Estimated number of malaria cases,text,WPR,Western Pacific,Country,CHN,China,Year,2019,false,,,,,,,,,,,,,0,,,,,,0,,,EN,2025-12-19T00:00:00.000Z
MALARIA_EST_CASES,Estimated number of malaria cases,text,EMR,Eastern Mediterranean,Country,EGY,Egypt,Year,2019,false,,,,,,,,,,,,,0,,,,,,0,,,EN,2025-12-19T00:00:00.000Z
MALARIA_EST_CASES,Estimated number of malaria cases,text,AMR,Americas,Country,SLV,El Salvador,Year,2019,false,,,,,,,,,,,,,0,,,,,,0,,,EN,2025-12-19T00:00:00.000Z
MALARIA_EST_CASES,Estimated number of malaria cases,text,EUR,Europe,Country,GEO,Georgia,Year,2019,false,,,,,,,,,,,,,0,,,,,,0,,,EN,2025-12-19T00:00:00.000Z
MALARIA_EST_CASES,Estimated number of malaria cases,text,EMR,Eastern Mediterranean,Country,IRN,Iran (Islamic Republic of),Year,2019,false,,,,,,,,,,,,,0,,,,,,0,,,EN,2025-12-19T00:00:00.000Z
MALARIA_EST_CASES,Estimated number of malaria cases,text,EMR,Eastern Mediterranean,Country,IRQ,Iraq,Year,2019,false,,,,,,,,,,,,,0,,,,,,0,,,EN,2025-12-19T00:00:00.000Z
MALARIA_EST_CASES,Estimated number of malaria cases,text,EUR,Europe,Country,KAZ,Kazakhstan,Year,2019,false,,,,,,,,,,,,,0,,,,,,0,,,EN,2025-12-19T00:00:00.000Z
MALARIA_EST_CASES,Estimated number of malaria cases,text,EUR,Europe,Country,KGZ,Kyrgyzstan,Year,2019,false,,,,,,,,,,,,,0,,,,,,0,,,EN,2025-12-19T00:00:00.000Z
MALARIA_EST_CASES,Estimated number of malaria cases,text,WPR,Western Pacific,Country,MYS,Malaysia,Year,2019,false,,,,,,,,,,,,,0,,,,,,0,,,EN,2025-12-19T00:00:00.000Z
MALARIA_EST_CASES,Estimated number of malaria cases,text,EMR,Eastern Mediterranean,Country,MAR,Morocco,Year,2019,false,,,,,,,,,,,,,0,,,,,,0,,,EN,2025-12-19T00:00:00.000Z
MALARIA_EST_CASES,Estimated number of malaria cases,text,EMR,Eastern Mediterranean,Country,OMN,Oman,Year,2019,false,,,,,,,,,,,,,0,,,,,,0,,,EN,2025-12-19T00:00:00.000Z
MALARIA_EST_CASES,Estimated number of malaria cases,text,AMR,Americas,Country,PRY,Paraguay,Year,2019,false,,,,,,,,,,,,,0,,,,,,0,,,EN,2025-12-19T00:00:00.000Z
MALARIA_EST_CASES,Estimated number of malaria cases,text,SEAR,South-East Asia,Country,LKA,Sri Lanka,Year,2019,false,,,,,,,,,,,,,0,,,,,,0,,,EN,2025-12-19T00:00:00.000Z
MALARIA_EST_CASES,Estimated number of malaria cases,text,EMR,Eastern Mediterranean,Country,SYR,Syrian Arab Republic,Year,2019,false,,,,,,,,,,,,,0,,,,,,0,,,EN,2025-12-19T00:00:00.000Z
MALARIA_EST_CASES,Estimated number of malaria cases,text,EUR,Europe,Country,TUR,Türkiye,Year,2019,false,,,,,,,,,,,,,0,,,,,,0,,,EN,2025-12-19T00:00:00.000Z
MALARIA_EST_CASES,Estimated number of malaria cases,text,EUR,Europe,Country,TJK,Tajikistan,Year,2019,false,,,,,,,,,,,,,0,,,,,,0,,,EN,2025-12-19T00:00:00.000Z
MALARIA_EST_CASES,Estimated number of malaria cases,text,SEAR,South-East Asia,Country,TLS,Timor-Leste,Year,2019,false,,,,,,,,,,,,,0,,,,,,0,,,EN,2025-12-19T00:00:00.000Z
MALARIA_EST_CASES,Estimated number of malaria cases,text,EUR,Europe,Country,TKM,Turkmenistan,Year,2019,false,,,,,,,,,,,,,0,,,,,,0,,,EN,2025-12-19T00:00:00.000Z
MALARIA_EST_CASES,Estimated number of malaria cases,text,EMR,Eastern Mediterranean,Country,ARE,United Arab Emirates,Year,2019,false,,,,,,,,,,,,,0,,,,,,0,,,EN,2025-12-19T00:00:00.000Z
MALARIA_EST_CASES,Estimated number of malaria cases,text,EUR,Europe,Country,UZB,Uzbekistan,Year,2019,false,,,,,,,,,,,,,0,,,,,,0,,,EN,2025-12-19T00:00:00.000Z
MALARIA_EST_CASES,Estimated number of malaria cases,text,WPR,Western Pacific,Country,PNG,Papua New Guinea,Year,2019,false,,,,,,,,,,,,,1346175,,,914000,,1835000,1 346 175 [914 000-1 835 000],,,EN,2025-12-19T00:00:00.000Z
MALARIA_EST_CASES,Estimated number of malaria cases,text,AFR,Africa,Country,COG,Congo,Year,2019,false,,,,,,,,,,,,,1381360,,,838000,,2153000,1 381 360 [838 000-2 153 000],,,EN,2025-12-19T00:00:00.000Z
MALARIA_EST_CASES,Estimated number of malaria cases,text,AFR,Africa,Country,LBR,Liberia,Year,2019,false,,,,,,,,,,,,,1517147,,,990000,,2207000,1 517 147 [990 000-2 207 000],,,EN,2025-12-19T00:00:00.000Z
MALARIA_EST_CASES,Estimated number of malaria cases,text,AFR,Africa,Country,CAF,Central African Republic,Year,2019,false,,,,,,,,,,,,,1895269,,,954000,,3410000,1 895 269 [954 000-3 410 000],,,EN,2025-12-19T00:00:00.000Z
MALARIA_EST_CASES,Estimated number of malaria cases,text,WPR,Western Pacific,Country,LAO,Lao People's Democratic Republic,Year,2019,false,,,,,,,,,,,,,10541,,,7600,,14000,10 541 [7600-14 000],,,EN,2025-12-19T00:00:00.000Z
MALARIA_EST_CASES,Estimated number of malaria cases,text,AFR,Africa,Country,UGA,Uganda,Year,2019,false,,,,,,,,,,,,,10785343,,,8479000,,13510000,10 785 343 [8 479 000-13 510 000],,,EN,2025-12-19T00:00:00.000Z
MALARIA_EST_CASES,Estimated number of malaria cases,text,AMR,Americas,Country,SUR,Suriname,Year,2019,false,,,,,,,,,,,,,104,,,,,,104,,,EN,2025-12-19T00:00:00.000Z
MALARIA_EST_CASES,Estimated number of malaria cases,text,AFR,Africa,Country,GMB,Gambia,Year,2019,false,,,,,,,,,,,,,109975,,,86000,,137000,109 975 [86 000-137 000],,,EN,2025-12-19T00:00:00.000Z
MALARIA_EST_CASES,Estimated number of malaria cases,text,AMR,Americas,Country,BOL,Bolivia (Plurinational State of),Year,2019,false,,,,,,,,,,,,,12654,,,9900,,16000,12 654 [9900-16 000],,,EN,2025-12-19T00:00:00.000Z
MALARIA_EST_CASES,Estimated number of malaria cases,text,AMR,Americas,Country,COL,Colombia,Year,2019,false,,,,,,,,,,,,,123297,,,92000,,158000,123 297 [92 000-158 000],,,EN,2025-12-19T00:00:00.000Z
MALARIA_EST_CASES,Estimated number of malaria cases,text,WPR,Western Pacific,Country,VUT,Vanuatu,Year,2019,false,,,,,,,,,,,,,1262,,,840,,1900,1262 [840-1900],,,EN,2025-12-19T00:00:00.000Z
MALARIA_EST_CASES,Estimated number of malaria cases,text,WPR,Western Pacific,Country,PHL,Philippines,Year,2019,false,,,,,,,,,,,,,13536,,,9600,,18000,13 536 [9600-18 000],,,EN,2025-12-19T00:00:00.000Z
MALARIA_EST_CASES,Estimated number of malaria cases,text,WPR,Western Pacific,Country,SLB,Solomon Islands,Year,2019,false,,,,,,,,,,,,,141113,,,109000,,191000,141 113 [109 000-191 000],,,EN,2025-12-19T00:00:00.000Z
MALARIA_EST_CASES,Estimated number of malaria cases,text,AMR,Americas,Country,DOM,Dominican Republic,Year,2019,false,,,,,,,,,,,,,1528,,,1300,,1700,1528 [1300-1700],,,EN,2025-12-19T00:00:00.000Z
MALARIA_EST_CASES,Estimated number of malaria cases,text,AMR,Americas,Country,NIC,Nicaragua,Year,2019,false,,,,,,,,,,,,,16717,,,14000,,20000,16 717 [14 000-20 000],,,EN,2025-12-19T00:00:00.000Z
MALARIA_EST_CASES,Estimated number of malaria cases,text,AFR,Africa,Country,COM,Comoros,Year,2019,false,,,,,,,,,,,,,17599,,,,,,17 599,,,EN,2025-12-19T00:00:00.000Z
MALARIA_EST_CASES,Estimated number of malaria cases,text,AMR,Americas,Country,HTI,Haiti,Year,2019,false,,,,,,,,,,,,,17703,,,12000,,24000,17 703 [12 000-24 000],,,EN,2025-12-19T00:00:00.000Z
MALARIA_EST_CASES,Estimated number of malaria cases,text,AFR,Africa,Country,GNB,Guinea-Bissau,Year,2019,false,,,,,,,,,,,,,171396,,,61000,,392000,171 396 [61 000-392 000],,,EN,2025-12-19T00:00:00.000Z
MALARIA_EST_CASES,Estimated number of malaria cases,text,SEAR,South-East Asia,Country,NPL,Nepal,Year,2019,false,,,,,,,,,,,,,176,,,150,,210,176 [150-210],,,EN,2025-12-19T00:00:00.000Z
MALARIA_EST_CASES,Estimated number of malaria cases,text,AMR,Americas,Country,BRA,Brazil,Year,2019,false,,,,,,,,,,,,,178650,,,160000,,193000,178 650 [160 000-193 000],,,EN,2025-12-19T00:00:00.000Z
MALARIA_EST_CASES,Estimated number of malaria cases,text,AMR,Americas,Country,ECU,Ecuador,Year,2019,false,,,,,,,,,,,,,1803,,,,,,1803,,,EN,2025-12-19T00:00:00.000Z
MALARIA_EST_CASES,Estimated number of malaria cases,text,AMR,Americas,Country,PAN,Panama,Year,2019,false,,,,,,,,,,,,,1850,,,1800,,2000,1850 [1800-2000],,,EN,2025-12-19T00:00:00.000Z
MALARIA_EST_CASES,Estimated number of malaria cases,text,SEAR,South-East Asia,Country,PRK,Democratic People's Republic of Korea,Year,2019,false,,,,,,,,,,,,,1869,,,,,,1869,,,EN,2025-12-19T00:00:00.000Z
MALARIA_EST_CASES,Estimated number of malaria cases,text,SEAR,South-East Asia,Country,BTN,Bhutan,Year,2019,false,,,,,,,,,,,,,2,,,,,,2,,,EN,2025-12-19T00:00:00.000Z
MALARIA_EST_CASES,Estimated number of malaria cases,text,AFR,Africa,Country,MDG,Madagascar,Year,2019,false,,,,,,,,,,,,,2024097,,,1383000,,2718000,2 024 097 [1 383 000-2 718 000],,,EN,2025-12-19T00:00:00.000Z
MALARIA_EST_CASES,Estimated number of malaria cases,text,AFR,Africa,Country,TGO,Togo,Year,2019,false,,,,,,,,,,,,,2454104,,,1799000,,3272000,2 454 104 [1 799 000-3 272 000],,,EN,2025-12-19T00:00:00.000Z
MALARIA_EST_CASES,Estimated number of malaria cases,text,AFR,Africa,Country,SLE,Sierra Leone,Year,2019,false,,,,,,,,,,,,,2488781,,,1507000,,3899000,2 488 781 [1 507 000-3 899 000],,,EN,2025-12-19T00:00:00.000Z
MALARIA_EST_CASES,Estimated number of malaria cases,text,AFR,Africa,Country,ETH,Ethiopia,Year,2019,false,,,,,,,,,,,,,2645193,,,1468000,,3938000,2 645 193 [1 468 000-3 938 000],,,EN,2025-12-19T00:00:00.000Z
MALARIA_EST_CASES,Estimated number of malaria cases,text,EMR,Eastern Mediterranean,Country,SDN,Sudan,Year,2019,false,,,,,,,,,,,,,2877034,,,1714000,,4650000,2 877 034 [1 714 000-4 650 000],,,EN,2025-12-19T00:00:00.000Z
MALARIA_EST_CASES,Estimated number of malaria cases,text,AFR,Africa,Country,SSD,South Sudan,Year,2019,false,,,,,,,,,,,,,2980388,,,1973000,,4343000,2 980 388 [1 973 000-4 343 000],,,EN,2025-12-19T00:00:00.000Z
MALARIA_EST_CASES,Estimated number of malaria cases,text,AFR,Africa,Country,ERI,Eritrea,Year,2019,false,,,,,,,,,,,,,200382,,,128000,,279000,200 382 [128 000-279 000],,,EN,2025-12-19T00:00:00.000Z
MALARIA_EST_CASES,Estimated number of malaria cases,text,SEAR,South-East Asia,Country,BGD,Bangladesh,Year,2019,false,,,,,,,,,,,,,21202,,,18000,,25000,21 202 [18 000-25 000],,,EN,2025-12-19T00:00:00.000Z
MALARIA_EST_CASES,Estimated number of malaria cases,text,AMR,Americas,Country,GTM,Guatemala,Year,2019,false,,,,,,,,,,,,,2425,,,2200,,2800,2425 [2200-2800],,,EN,2025-12-19T00:00:00.000Z
MALARIA_EST_CASES,Estimated number of malaria cases,text,AFR,Africa,Country,STP,Sao Tome and Principe,Year,2019,false,,,,,,,,,,,,,2447,,,,,,2447,,,EN,2025-12-19T00:00:00.000Z
MALARIA_EST_CASES,Estimated number of malaria cases,text,AMR,Americas,Country,GUF,French Guiana,Year,2019,false,,,,,,,,,,,,,248,,,220,,280,248 [220-280],,,EN,2025-12-19T00:00:00.000Z
MALARIA_EST_CASES,Estimated number of malaria cases,text,AFR,Africa,Country,SWZ,Eswatini,Year,2019,false,,,,,,,,,,,,,252,,,,,,252,,,EN,2025-12-19T00:00:00.000Z
MALARIA_EST_CASES,Estimated number of malaria cases,text,AFR,Africa,Country,BWA,Botswana,Year,2019,false,,,,,,,,,,,,,259,,,200,,360,259 [200-360],,,EN,2025-12-19T00:00:00.000Z
MALARIA_EST_CASES,Estimated number of malaria cases,text,AMR,Americas,Country,GUY,Guyana,Year,2019,false,,,,,,,,,,,,,26050,,,22000,,30000,26 050 [22 000-30 000],,,EN,2025-12-19T00:00:00.000Z
MALARIA_EST_CASES,Estimated number of malaria cases,text,AFR,Africa,Country,MRT,Mauritania,Year,2019,false,,,,,,,,,,,,,269007,,,95000,,546000,269 007 [95 000-546 000],,,EN,2025-12-19T00:00:00.000Z
MALARIA_EST_CASES,Estimated number of malaria cases,text,AFR,Africa,Country,TCD,Chad,Year,2019,false,,,,,,,,,,,,,3584673,,,2257000,,5405000,3 584 673 [2 257 000-5 405 000],,,EN,2025-12-19T00:00:00.000Z
MALARIA_EST_CASES,Estimated number of malaria cases,text,AFR,Africa,Country,KEN,Kenya,Year,2019,false,,,,,,,,,,,,,3669775,,,2707000,,4822000,3 669 775 [2 707 000-4 822 000],,,EN,2025-12-19T00:00:00.000Z
MALARIA_EST_CASES,Estimated number of malaria cases,text,SEAR,South-East Asia,Country,IND,India,Year,2019,false,,,,,,,,,,,,,3691018,,,2378000,,5059000,3 691 018 [2 378 000-5 059 000],,,EN,2025-12-19T00:00:00.000Z
MALARIA_EST_CASES,Estimated number of malaria cases,text,AFR,Africa,Country,COD,Democratic Republic of the Congo,Year,2019,false,,,,,,,,,,,,,31580724,,,24500000,,40160000,31 580 724 [24 500 000-40 160 000],,,EN,2025-12-19T00:00:00.000Z
MALARIA_EST_CASES,Estimated number of malaria cases,text,WPR,Western Pacific,Country,KHM,Cambodia,Year,2019,false,,,,,,,,,,,,,36061,,,33000,,39000,36 061 [33 000-39 000],,,EN,2025-12-19T00:00:00.000Z
MALARIA_EST_CASES,Estimated number of malaria cases,text,EMR,Eastern Mediterranean,Country,SAU,Saudi Arabia,Year,2019,false,,,,,,,,,,,,,38,,,,,,38,,,EN,2025-12-19T00:00:00.000Z
MALARIA_EST_CASES,Estimated number of malaria cases,text,WPR,Western Pacific,Country,VNM,Viet Nam,Year,2019,false,,,,,,,,,,,,,3856,,,3600,,4300,3856 [3600-4300],,,EN,2025-12-19T00:00:00.000Z
MALARIA_EST_CASES,Estimated number of malaria cases,text,AFR,Africa,Country,MYT,Mayotte,Year,2019,false,,,,,,,,,,,,,4,,,4,,4,4 [4-4],,,EN,2025-12-19T00:00:00.000Z
MALARIA_EST_CASES,Estimated number of malaria cases,text,AFR,Africa,Country,ZMB,Zambia,Year,2019,false,,,,,,,,,,,,,4144367,,,3249000,,5181000,4 144 367 [3 249 000-5 181 000],,,EN,2025-12-19T00:00:00.000Z
MALARIA_EST_CASES,Estimated number of malaria cases,text,AFR,Africa,Country,GIN,Guinea,Year,2019,false,,,,,,,,,,,,,4186659,,,2905000,,5877000,4 186 659 [2 905 000-5 877 000],,,EN,2025-12-19T00:00:00.000Z
MALARIA_EST_CASES,Estimated number of malaria cases,text,AFR,Africa,Country,BDI,Burundi,Year,2019,false,,,,,,,,,,,,,4231527,,,3289000,,5397000,4 231 527 [3 289 000-5 397 000],,,EN,2025-12-19T00:00:00.000Z
MALARIA_EST_CASES,Estimated number of malaria cases,text,AFR,Africa,Country,RWA,Rwanda,Year,2019,false,,,,,,,,,,,,,4923219,,,3827000,,6069000,4 923 219 [3 827 000-6 069 000],,,EN,2025-12-19T00:00:00.000Z
MALARIA_EST_CASES,Estimated number of malaria cases,text,SEAR,South-East Asia,Country,THA,Thailand,Year,2019,false,,,,,,,,,,,,,4063,,,,,,4063,,,EN,2025-12-19T00:00:00.000Z
MALARIA_EST_CASES,Estimated number of malaria cases,text,AFR,Africa,Country,GNQ,Equatorial Guinea,Year,2019,false,,,,,,,,,,,,,413201,,,280000,,596000,413 201 [280 000-596 000],,,EN,2025-12-19T00:00:00.000Z
MALARIA_EST_CASES,Estimated number of malaria cases,text,EMR,Eastern Mediterranean,Country,AFG,Afghanistan,Year,2019,false,,,,,,,,,,,,,413480,,,319000,,525000,413 480 [319 000-525 000],,,EN,2025-12-19T00:00:00.000Z
MALARIA_EST_CASES,Estimated number of malaria cases,text,AFR,Africa,Country,GAB,Gabon,Year,2019,false,,,,,,,,,,,,,432488,,,322000,,570000,432 488 [322 000-570 000],,,EN,2025-12-19T00:00:00.000Z
MALARIA_EST_CASES,Estimated number of malaria cases,text,AMR,Americas,Country,PER,Peru,Year,2019,false,,,,,,,,,,,,,45729,,,33000,,64000,45 729 [33 000-64 000],,,EN,2025-12-19T00:00:00.000Z
MALARIA_EST_CASES,Estimated number of malaria cases,text,AMR,Americas,Country,HND,Honduras,Year,2019,false,,,,,,,,,,,,,455,,,350,,570,455 [350-570],,,EN,2025-12-19T00:00:00.000Z
MALARIA_EST_CASES,Estimated number of malaria cases,text,AMR,Americas,Country,VEN,Venezuela (Bolivarian Republic of),Year,2019,false,,,,,,,,,,,,,466830,,,415000,,539000,466 830 [415 000-539 000],,,EN,2025-12-19T00:00:00.000Z
MALARIA_EST_CASES,Estimated number of malaria cases,text,AFR,Africa,Country,ZAF,South Africa,Year,2019,false,,,,,,,,,,,,,4821,,,,,,4821,,,EN,2025-12-19T00:00:00.000Z
MALARIA_EST_CASES,Estimated number of malaria cases,text,WPR,Western Pacific,Country,KOR,Republic of Korea,Year,2019,false,,,,,,,,,,,,,485,,,,,,485,,,EN,2025-12-19T00:00:00.000Z
MALARIA_EST_CASES,Estimated number of malaria cases,text,EMR,Eastern Mediterranean,Country,DJI,Djibouti,Year,2019,false,,,,,,,,,,,,,49402,,,,,,49 402,,,EN,2025-12-19T00:00:00.000Z
MALARIA_EST_CASES,Estimated number of malaria cases,text,AFR,Africa,Country,BEN,Benin,Year,2019,false,,,,,,,,,,,,,5089580,,,3915000,,6507000,5 089 580 [3 915 000-6 507 000],,,EN,2025-12-19T00:00:00.000Z
MALARIA_EST_CASES,Estimated number of malaria cases,text,AFR,Africa,Country,MWI,Malawi,Year,2019,false,,,,,,,,,,,,,5332690,,,3520000,,7695000,5 332 690 [3 520 000-7 695 000],,,EN,2025-12-19T00:00:00.000Z
MALARIA_EST_CASES,Estimated number of malaria cases,text,WPR,Western Pacific,Country,IDN,Indonesia,Year,2019,false,,,,,,,,,,,,,533736,,,490000,,583000,533 736 [490 000-583 000],,,EN,2025-12-19T00:00:00.000Z
MALARIA_EST_CASES,Estimated number of malaria cases,text,AFR,Africa,Country,NAM,Namibia,Year,2019,false,,,,,,,,,,,,,5705,,,4000,,8100,5705 [4000-8100],,,EN,2025-12-19T00:00:00.000Z
MALARIA_EST_CASES,Estimated number of malaria cases,text,AFR,Africa,Country,CMR,Cameroon,Year,2019,false,,,,,,,,,,,,,6209127,,,4690000,,8088000,6 209 127 [4 690 000-8 088 000],,,EN,2025-12-19T00:00:00.000Z
MALARIA_EST_CASES,Estimated number of malaria cases,text,AFR,Africa,Country,GHA,Ghana,Year,2019,false,,,,,,,,,,,,,6729077,,,5140000,,8690000,6 729 077 [5 140 000-8 690 000],,,EN,2025-12-19T00:00:00.000Z
MALARIA_EST_CASES,Estimated number of malaria cases,text,AFR,Africa,Country,MLI,Mali,Year,2019,false,,,,,,,,,,,,,6863255,,,4844000,,9742000,6 863 255 [4 844 000-9 742 000],,,EN,2025-12-19T00:00:00.000Z
MALARIA_EST_CASES,Estimated number of malaria cases,text,AFR,Africa,Country,TZA,United Republic of Tanzania,Year,2019,false,,,,,,,,,,,,,6869755,,,4993000,,9224000,6 869 755 [4 993 000-9 224 000],,,EN,2025-12-19T00:00:00.000Z
MALARIA_EST_CASES,Estimated number of malaria cases,text,AFR,Africa,Country,NGA,Nigeria,Year,2019,false,,,,,,,,,,,,,61379283,,,47440000,,78810000,61 379 283 [47 440 000-78 810 000],,,EN,2025-12-19T00:00:00.000Z
MALARIA_EST_CASES,Estimated number of malaria cases,text,AMR,Americas,Country,MEX,Mexico,Year,2019,false,,,,,,,,,,,,,619,,,,,,619,,,EN,2025-12-19T00:00:00.000Z
MALARIA_EST_CASES,Estimated number of malaria cases,text,EMR,Eastern Mediterranean,Country,PAK,Pakistan,Year,2019,false,,,,,,,,,,,,,640475,,,507000,,854000,640 475 [507 000-854 000],,,EN,2025-12-19T00:00:00.000Z
MALARIA_EST_CASES,Estimated number of malaria cases,text,AFR,Africa,Country,SEN,Senegal,Year,2019,false,,,,,,,,,,,,,672221,,,455000,,908000,672 221 [455 000-908 000],,,EN,2025-12-19T00:00:00.000Z
MALARIA_EST_CASES,Estimated number of malaria cases,text,AFR,Africa,Country,BFA,Burkina Faso,Year,2019,false,,,,,,,,,,,,,7472680,,,5064000,,10750000,7 472 680 [5 064 000-10 750 000],,,EN,2025-12-19T00:00:00.000Z
MALARIA_EST_CASES,Estimated number of malaria cases,text,AFR,Africa,Country,NER,Niger,Year,2019,false,,,,,,,,,,,,,7631511,,,4731000,,11760000,7 631 511 [4 731 000-11 760 000],,,EN,2025-12-19T00:00:00.000Z
MALARIA_EST_CASES,Estimated number of malaria cases,text,AFR,Africa,Country,AGO,Angola,Year,2019,false,,,,,,,,,,,,,7870619,,,5185000,,11400000,7 870 619 [5 185 000-11 400 000],,,EN,2025-12-19T00:00:00.000Z
MALARIA_EST_CASES,Estimated number of malaria cases,text,SEAR,South-East Asia,Country,MMR,Myanmar,Year,2019,false,,,,,,,,,,,,,78326,,,64000,,95000,78 326 [64 000-95 000],,,EN,2025-12-19T00:00:00.000Z
MALARIA_EST_CASES,Estimated number of malaria cases,text,AFR,Africa,Country,ZWE,Zimbabwe,Year,2019,false,,,,,,,,,,,,,782740,,,470000,,1124000,782 740 [470 000-1 124 000],,,EN,2025-12-19T00:00:00.000Z
MALARIA_EST_CASES,Estimated number of malaria cases,text,AFR,Africa,Country,CIV,Cote d'Ivoire,Year,2019,false,,,,,,,,,,,,,8253903,,,5950000,,11140000,8 253 903 [5 950 000-11 140 000],,,EN,2025-12-19T00:00:00.000Z
MALARIA_EST_CASES,Estimated number of malaria cases,text,EMR,Eastern Mediterranean,Country,YEM,Yemen,Year,2019,false,,,,,,,,,,,,,873605,,,572000,,1313000,873 605 [572 000-1 313 000],,,EN,2025-12-19T00:00:00.000Z
MALARIA_EST_CASES,Estimated number of malaria cases,text,AFR,Africa,Country,MOZ,Mozambique,Year,2019,false,,,,,,,,,,,,,9681576,,,7643000,,12080000,9 681 576 [7 643 000-12 080 000],,,EN,2025-12-19T00:00:00.000Z
MALARIA_EST_CASES,Estimated number of malaria cases,text,EMR,Eastern Mediterranean,Country,SOM,Somalia,Year,2019,false,,,,,,,,,,,,,908129,,,607000,,1302000,908 129 [607 000-1 302 000],,,EN,2025-12-19T00:00:00.000Z
MALARIA_EST_CASES,Estimated number of malaria cases,text,AMR,Americas,Country,CRI,Costa Rica,Year,2019,false,,,,,,,,,,,,,95,,,,,,95,,,EN,2025-12-19T00:00:00.000Z
MALARIA_EST_CASES,Estimated number of malaria cases,text,AFR,Africa,Country,DZA,Algeria,Year,2018,false,,,,,,,,,,,,,0,,,,,,0,,,EN,2025-12-19T00:00:00.000Z
MALARIA_EST_CASES,Estimated number of malaria cases,text,AMR,Americas,Country,ARG,Argentina,Year,2018,false,,,,,,,,,,,,,0,,,,,,0,,,EN,2025-12-19T00:00:00.000Z
MALARIA_EST_CASES,Estimated number of malaria cases,text,EUR,Europe,Country,ARM,Armenia,Year,2018,false,,,,,,,,,,,,,0,,,,,,0,,,EN,2025-12-19T00:00:00.000Z
MALARIA_EST_CASES,Estimated number of malaria cases,text,EUR,Europe,Country,AZE,Azerbaijan,Year,2018,false,,,,,,,,,,,,,0,,,,,,0,,,EN,2025-12-19T00:00:00.000Z
MALARIA_EST_CASES,Estimated number of malaria cases,text,WPR,Western Pacific,Country,CHN,China,Year,2018,false,,,,,,,,,,,,,0,,,,,,0,,,EN,2025-12-19T00:00:00.000Z
MALARIA_EST_CASES,Estimated number of malaria cases,text,EMR,Eastern Mediterranean,Country,EGY,Egypt,Year,2018,false,,,,,,,,,,,,,0,,,,,,0,,,EN,2025-12-19T00:00:00.000Z
MALARIA_EST_CASES,Estimated number of malaria cases,text,AMR,Americas,Country,SLV,El Salvador,Year,2018,false,,,,,,,,,,,,,0,,,,,,0,,,EN,2025-12-19T00:00:00.000Z
MALARIA_EST_CASES,Estimated number of malaria cases,text,EUR,Europe,Country,GEO,Georgia,Year,2018,false,,,,,,,,,,,,,0,,,,,,0,,,EN,2025-12-19T00:00:00.000Z
MALARIA_EST_CASES,Estimated number of malaria cases,text,EMR,Eastern Mediterranean,Country,IRN,Iran (Islamic Republic of),Year,2018,false,,,,,,,,,,,,,0,,,,,,0,,,EN,2025-12-19T00:00:00.000Z
MALARIA_EST_CASES,Estimated number of malaria cases,text,EMR,Eastern Mediterranean,Country,IRQ,Iraq,Year,2018,false,,,,,,,,,,,,,0,,,,,,0,,,EN,2025-12-19T00:00:00.000Z
MALARIA_EST_CASES,Estimated number of malaria cases,text,EUR,Europe,Country,KAZ,Kazakhstan,Year,2018,false,,,,,,,,,,,,,0,,,,,,0,,,EN,2025-12-19T00:00:00.000Z
MALARIA_EST_CASES,Estimated number of malaria cases,text,EUR,Europe,Country,KGZ,Kyrgyzstan,Year,2018,false,,,,,,,,,,,,,0,,,,,,0,,,EN,2025-12-19T00:00:00.000Z
MALARIA_EST_CASES,Estimated number of malaria cases,text,WPR,Western Pacific,Country,MYS,Malaysia,Year,2018,false,,,,,,,,,,,,,0,,,,,,0,,,EN,2025-12-19T00:00:00.000Z
MALARIA_EST_CASES,Estimated number of malaria cases,text,EMR,Eastern Mediterranean,Country,MAR,Morocco,Year,2018,false,,,,,,,,,,,,,0,,,,,,0,,,EN,2025-12-19T00:00:00.000Z
MALARIA_EST_CASES,Estimated number of malaria cases,text,EMR,Eastern Mediterranean,Country,OMN,Oman,Year,2018,false,,,,,,,,,,,,,0,,,,,,0,,,EN,2025-12-19T00:00:00.000Z
MALARIA_EST_CASES,Estimated number of malaria cases,text,AMR,Americas,Country,PRY,Paraguay,Year,2018,false,,,,,,,,,,,,,0,,,,,,0,,,EN,2025-12-19T00:00:00.000Z
MALARIA_EST_CASES,Estimated number of malaria cases,text,SEAR,South-East Asia,Country,LKA,Sri Lanka,Year,2018,false,,,,,,,,,,,,,0,,,,,,0,,,EN,2025-12-19T00:00:00.000Z
MALARIA_EST_CASES,Estimated number of malaria cases,text,EMR,Eastern Mediterranean,Country,SYR,Syrian Arab Republic,Year,2018,false,,,,,,,,,,,,,0,,,,,,0,,,EN,2025-12-19T00:00:00.000Z
MALARIA_EST_CASES,Estimated number of malaria cases,text,EUR,Europe,Country,TUR,Türkiye,Year,2018,false,,,,,,,,,,,,,0,,,,,,0,,,EN,2025-12-19T00:00:00.000Z
MALARIA_EST_CASES,Estimated number of malaria cases,text,EUR,Europe,Country,TJK,Tajikistan,Year,2018,false,,,,,,,,,,,,,0,,,,,,0,,,EN,2025-12-19T00:00:00.000Z
MALARIA_EST_CASES,Estimated number of malaria cases,text,SEAR,South-East Asia,Country,TLS,Timor-Leste,Year,2018,false,,,,,,,,,,,,,0,,,,,,0,,,EN,2025-12-19T00:00:00.000Z
MALARIA_EST_CASES,Estimated number of malaria cases,text,EUR,Europe,Country,TKM,Turkmenistan,Year,2018,false,,,,,,,,,,,,,0,,,,,,0,,,EN,2025-12-19T00:00:00.000Z
MALARIA_EST_CASES,Estimated number of malaria cases,text,EMR,Eastern Mediterranean,Country,ARE,United Arab Emirates,Year,2018,false,,,,,,,,,,,,,0,,,,,,0,,,EN,2025-12-19T00:00:00.000Z
MALARIA_EST_CASES,Estimated number of malaria cases,text,EUR,Europe,Country,UZB,Uzbekistan,Year,2018,false,,,,,,,,,,,,,0,,,,,,0,,,EN,2025-12-19T00:00:00.000Z
MALARIA_EST_CASES,Estimated number of malaria cases,text,AFR,Africa,Country,SEN,Senegal,Year,2018,false,,,,,,,,,,,,,1047659,,,729000,,1402000,1 047 659 [729 000-1 402 000],,,EN,2025-12-19T00:00:00.000Z
MALARIA_EST_CASES,Estimated number of malaria cases,text,WPR,Western Pacific,Country,PNG,Papua New Guinea,Year,2018,false,,,,,,,,,,,,,1301773,,,850000,,1845000,1 301 773 [850 000-1 845 000],,,EN,2025-12-19T00:00:00.000Z
MALARIA_EST_CASES,Estimated number of malaria cases,text,AFR,Africa,Country,COG,Congo,Year,2018,false,,,,,,,,,,,,,1369527,,,852000,,2088000,1 369 527 [852 000-2 088 000],,,EN,2025-12-19T00:00:00.000Z
MALARIA_EST_CASES,Estimated number of malaria cases,text,AFR,Africa,Country,LBR,Liberia,Year,2018,false,,,,,,,,,,,,,1639596,,,1202000,,2206000,1 639 596 [1 202 000-2 206 000],,,EN,2025-12-19T00:00:00.000Z
MALARIA_EST_CASES,Estimated number of malaria cases,text,AFR,Africa,Country,CAF,Central African Republic,Year,2018,false,,,,,,,,,,,,,1879556,,,980000,,3350000,1 879 556 [980 000-3 350 000],,,EN,2025-12-19T00:00:00.000Z
MALARIA_EST_CASES,Estimated number of malaria cases,text,AFR,Africa,Country,MDG,Madagascar,Year,2018,false,,,,,,,,,,,,,1975799,,,1397000,,2630000,1 975 799 [1 397 000-2 630 000],,,EN,2025-12-19T00:00:00.000Z
MALARIA_EST_CASES,Estimated number of malaria cases,text,WPR,Western Pacific,Country,PHL,Philippines,Year,2018,false,,,,,,,,,,,,,10900,,,7700,,15000,10 900 [7700-15 000],,,EN,2025-12-19T00:00:00.000Z
MALARIA_EST_CASES,Estimated number of malaria cases,text,SEAR,South-East Asia,Country,MMR,Myanmar,Year,2018,false,,,,,,,,,,,,,108681,,,88000,,131000,108 681 [88 000-131 000],,,EN,2025-12-19T00:00:00.000Z
MALARIA_EST_CASES,Estimated number of malaria cases,text,AFR,Africa,Country,UGA,Uganda,Year,2018,false,,,,,,,,,,,,,11190095,,,8653000,,14180000,11 190 095 [8 653 000-14 180 000],,,EN,2025-12-19T00:00:00.000Z
MALARIA_EST_CASES,Estimated number of malaria cases,text,SEAR,South-East Asia,Country,BGD,Bangladesh,Year,2018,false,,,,,,,,,,,,,12397,,,11000,,14000,12 397 [11 000-14 000],,,EN,2025-12-19T00:00:00.000Z
MALARIA_EST_CASES,Estimated number of malaria cases,text,WPR,Western Pacific,Country,VUT,Vanuatu,Year,2018,false,,,,,,,,,,,,,1367,,,930,,2000,1367 [930-2000],,,EN,2025-12-19T00:00:00.000Z
MALARIA_EST_CASES,Estimated number of malaria cases,text,AFR,Africa,Country,GNB,Guinea-Bissau,Year,2018,false,,,,,,,,,,,,,137782,,,49000,,311000,137 782 [49 000-311 000],,,EN,2025-12-19T00:00:00.000Z
MALARIA_EST_CASES,Estimated number of malaria cases,text,AFR,Africa,Country,COM,Comoros,Year,2018,false,,,,,,,,,,,,,15186,,,,,,15 186,,,EN,2025-12-19T00:00:00.000Z
MALARIA_EST_CASES,Estimated number of malaria cases,text,WPR,Western Pacific,Country,LAO,Lao People's Democratic Republic,Year,2018,false,,,,,,,,,,,,,15654,,,11000,,21000,15 654 [11 000-21 000],,,EN,2025-12-19T00:00:00.000Z
MALARIA_EST_CASES,Estimated number of malaria cases,text,AMR,Americas,Country,HTI,Haiti,Year,2018,false,,,,,,,,,,,,,16000,,,11000,,22000,16 000 [11 000-22 000],,,EN,2025-12-19T00:00:00.000Z
MALARIA_EST_CASES,Estimated number of malaria cases,text,AMR,Americas,Country,ECU,Ecuador,Year,2018,false,,,,,,,,,,,,,1653,,,,,,1653,,,EN,2025-12-19T00:00:00.000Z
MALARIA_EST_CASES,Estimated number of malaria cases,text,AFR,Africa,Country,GMB,Gambia,Year,2018,false,,,,,,,,,,,,,196160,,,143000,,253000,196 160 [143 000-253 000],,,EN,2025-12-19T00:00:00.000Z
MALARIA_EST_CASES,Estimated number of malaria cases,text,AFR,Africa,Country,CPV,Cabo Verde,Year,2018,false,,,,,,,,,,,,,2,,,,,,2,,,EN,2025-12-19T00:00:00.000Z
MALARIA_EST_CASES,Estimated number of malaria cases,text,AFR,Africa,Country,SLE,Sierra Leone,Year,2018,false,,,,,,,,,,,,,2573166,,,1786000,,3627000,2 573 166 [1 786 000-3 627 000],,,EN,2025-12-19T00:00:00.000Z
MALARIA_EST_CASES,Estimated number of malaria cases,text,EMR,Eastern Mediterranean,Country,SDN,Sudan,Year,2018,false,,,,,,,,,,,,,2625245,,,1819000,,3726000,2 625 245 [1 819 000-3 726 000],,,EN,2025-12-19T00:00:00.000Z
MALARIA_EST_CASES,Estimated number of malaria cases,text,AFR,Africa,Country,TGO,Togo,Year,2018,false,,,,,,,,,,,,,2663084,,,2076000,,3354000,2 663 084 [2 076 000-3 354 000],,,EN,2025-12-19T00:00:00.000Z
MALARIA_EST_CASES,Estimated number of malaria cases,text,AFR,Africa,Country,ETH,Ethiopia,Year,2018,false,,,,,,,,,,,,,2793314,,,1540000,,4199000,2 793 314 [1 540 000-4 199 000],,,EN,2025-12-19T00:00:00.000Z
MALARIA_EST_CASES,Estimated number of malaria cases,text,AFR,Africa,Country,SSD,South Sudan,Year,2018,false,,,,,,,,,,,,,2797006,,,1877000,,4004000,2 797 006 [1 877 000-4 004 000],,,EN,2025-12-19T00:00:00.000Z
MALARIA_EST_CASES,Estimated number of malaria cases,text,AMR,Americas,Country,NIC,Nicaragua,Year,2018,false,,,,,,,,,,,,,20158,,,17000,,24000,20 158 [17 000-24 000],,,EN,2025-12-19T00:00:00.000Z
MALARIA_EST_CASES,Estimated number of malaria cases,text,AMR,Americas,Country,BRA,Brazil,Year,2018,false,,,,,,,,,,,,,218813,,,195000,,237000,218 813 [195 000-237 000],,,EN,2025-12-19T00:00:00.000Z
MALARIA_EST_CASES,Estimated number of malaria cases,text,EMR,Eastern Mediterranean,Country,DJI,Djibouti,Year,2018,false,,,,,,,,,,,,,24845,,,,,,24 845,,,EN,2025-12-19T00:00:00.000Z
MALARIA_EST_CASES,Estimated number of malaria cases,text,SEAR,South-East Asia,Country,NPL,Nepal,Year,2018,false,,,,,,,,,,,,,2736,,,2000,,4000,2736 [2000-4000],,,EN,2025-12-19T00:00:00.000Z
MALARIA_EST_CASES,Estimated number of malaria cases,text,AFR,Africa,Country,STP,Sao Tome and Principe,Year,2018,false,,,,,,,,,,,,,2937,,,,,,2937,,,EN,2025-12-19T00:00:00.000Z
MALARIA_EST_CASES,Estimated number of malaria cases,text,AMR,Americas,Country,BLZ,Belize,Year,2018,false,,,,,,,,,,,,,3,,,,,,3,,,EN,2025-12-19T00:00:00.000Z
MALARIA_EST_CASES,Estimated number of malaria cases,text,AFR,Africa,Country,MYT,Mayotte,Year,2018,false,,,,,,,,,,,,,3,,,3,,3,3 [3-3],,,EN,2025-12-19T00:00:00.000Z
MALARIA_EST_CASES,Estimated number of malaria cases,text,AFR,Africa,Country,TCD,Chad,Year,2018,false,,,,,,,,,,,,,3595187,,,2302000,,5351000,3 595 187 [2 302 000-5 351 000],,,EN,2025-12-19T00:00:00.000Z
MALARIA_EST_CASES,Estimated number of malaria cases,text,AFR,Africa,Country,KEN,Kenya,Year,2018,false,,,,,,,,,,,,,3722839,,,2679000,,4975000,3 722 839 [2 679 000-4 975 000],,,EN,2025-12-19T00:00:00.000Z
MALARIA_EST_CASES,Estimated number of malaria cases,text,AFR,Africa,Country,ZMB,Zambia,Year,2018,false,,,,,,,,,,,,,3990124,,,3155000,,4953000,3 990 124 [3 155 000-4 953 000],,,EN,2025-12-19T00:00:00.000Z
MALARIA_EST_CASES,Estimated number of malaria cases,text,AMR,Americas,Country,SUR,Suriname,Year,2018,false,,,,,,,,,,,,,30,,,,,,30,,,EN,2025-12-19T00:00:00.000Z
MALARIA_EST_CASES,Estimated number of malaria cases,text,AFR,Africa,Country,COD,Democratic Republic of the Congo,Year,2018,false,,,,,,,,,,,,,30384274,,,23470000,,38460000,30 384 274 [23 470 000-38 460 000],,,EN,2025-12-19T00:00:00.000Z
MALARIA_EST_CASES,Estimated number of malaria cases,text,AMR,Americas,Country,GUY,Guyana,Year,2018,false,,,,,,,,,,,,,30769,,,23000,,42000,30 769 [23 000-42 000],,,EN,2025-12-19T00:00:00.000Z
MALARIA_EST_CASES,Estimated number of malaria cases,text,AFR,Africa,Country,MRT,Mauritania,Year,2018,false,,,,,,,,,,,,,345632,,,136000,,682000,345 632 [136 000-682 000],,,EN,2025-12-19T00:00:00.000Z
MALARIA_EST_CASES,Estimated number of malaria cases,text,AMR,Americas,Country,GTM,Guatemala,Year,2018,false,,,,,,,,,,,,,3538,,,3100,,4100,3538 [3100-4100],,,EN,2025-12-19T00:00:00.000Z
MALARIA_EST_CASES,Estimated number of malaria cases,text,SEAR,South-East Asia,Country,PRK,Democratic People's Republic of Korea,Year,2018,false,,,,,,,,,,,,,3698,,,,,,3698,,,EN,2025-12-19T00:00:00.000Z
MALARIA_EST_CASES,Estimated number of malaria cases,text,WPR,Western Pacific,Country,VNM,Viet Nam,Year,2018,false,,,,,,,,,,,,,3777,,,3500,,4200,3777 [3500-4200],,,EN,2025-12-19T00:00:00.000Z
MALARIA_EST_CASES,Estimated number of malaria cases,text,AFR,Africa,Country,BDI,Burundi,Year,2018,false,,,,,,,,,,,,,4160542,,,3326000,,5126000,4 160 542 [3 326 000-5 126 000],,,EN,2025-12-19T00:00:00.000Z
MALARIA_EST_CASES,Estimated number of malaria cases,text,SEAR,South-East Asia,Country,IND,India,Year,2018,false,,,,,,,,,,,,,4411764,,,3113000,,5804000,4 411 764 [3 113 000-5 804 000],,,EN,2025-12-19T00:00:00.000Z
MALARIA_EST_CASES,Estimated number of malaria cases,text,AFR,Africa,Country,GIN,Guinea,Year,2018,false,,,,,,,,,,,,,4450281,,,3208000,,6027000,4 450 281 [3 208 000-6 027 000],,,EN,2025-12-19T00:00:00.000Z
MALARIA_EST_CASES,Estimated number of malaria cases,text,AFR,Africa,Country,GAB,Gabon,Year,2018,false,,,,,,,,,,,,,413097,,,289000,,575000,413 097 [289 000-575 000],,,EN,2025-12-19T00:00:00.000Z
MALARIA_EST_CASES,Estimated number of malaria cases,text,AFR,Africa,Country,GNQ,Equatorial Guinea,Year,2018,false,,,,,,,,,,,,,433324,,,289000,,620000,433 324 [289 000-620 000],,,EN,2025-12-19T00:00:00.000Z
MALARIA_EST_CASES,Estimated number of malaria cases,text,AMR,Americas,Country,VEN,Venezuela (Bolivarian Republic of),Year,2018,false,,,,,,,,,,,,,474766,,,423000,,548000,474 766 [423 000-548 000],,,EN,2025-12-19T00:00:00.000Z
MALARIA_EST_CASES,Estimated number of malaria cases,text,AFR,Africa,Country,MWI,Malawi,Year,2018,false,,,,,,,,,,,,,5020241,,,3631000,,6729000,5 020 241 [3 631 000-6 729 000],,,EN,2025-12-19T00:00:00.000Z
MALARIA_EST_CASES,Estimated number of malaria cases,text,AFR,Africa,Country,BEN,Benin,Year,2018,false,,,,,,,,,,,,,5048803,,,4009000,,6281000,5 048 803 [4 009 000-6 281 000],,,EN,2025-12-19T00:00:00.000Z
MALARIA_EST_CASES,Estimated number of malaria cases,text,AFR,Africa,Country,RWA,Rwanda,Year,2018,false,,,,,,,,,,,,,5963859,,,4506000,,7500000,5 963 859 [4 506 000-7 500 000],,,EN,2025-12-19T00:00:00.000Z
MALARIA_EST_CASES,Estimated number of malaria cases,text,AFR,Africa,Country,NAM,Namibia,Year,2018,false,,,,,,,,,,,,,50217,,,40000,,62000,50 217 [40 000-62 000],,,EN,2025-12-19T00:00:00.000Z
MALARIA_EST_CASES,Estimated number of malaria cases,text,WPR,Western Pacific,Country,KOR,Republic of Korea,Year,2018,false,,,,,,,,,,,,,501,,,,,,501,,,EN,2025-12-19T00:00:00.000Z
MALARIA_EST_CASES,Estimated number of malaria cases,text,SEAR,South-East Asia,Country,THA,Thailand,Year,2018,false,,,,,,,,,,,,,5110,,,,,,5110,,,EN,2025-12-19T00:00:00.000Z
MALARIA_EST_CASES,Estimated number of malaria cases,text,AMR,Americas,Country,DOM,Dominican Republic,Year,2018,false,,,,,,,,,,,,,516,,,450,,590,516 [450-590],,,EN,2025-12-19T00:00:00.000Z
MALARIA_EST_CASES,Estimated number of malaria cases,text,AMR,Americas,Country,PER,Peru,Year,2018,false,,,,,,,,,,,,,58455,,,48000,,69000,58 455 [48 000-69 000],,,EN,2025-12-19T00:00:00.000Z
MALARIA_EST_CASES,Estimated number of malaria cases,text,AFR,Africa,Country,NGA,Nigeria,Year,2018,false,,,,,,,,,,,,,59652248,,,46930000,,75230000,59 652 248 [46 930 000-75 230 000],,,EN,2025-12-19T00:00:00.000Z
MALARIA_EST_CASES,Estimated number of malaria cases,text,SEAR,South-East Asia,Country,BTN,Bhutan,Year,2018,false,,,,,,,,,,,,,6,,,,,,6,,,EN,2025-12-19T00:00:00.000Z
MALARIA_EST_CASES,Estimated number of malaria cases,text,AFR,Africa,Country,CMR,Cameroon,Year,2018,false,,,,,,,,,,,,,6176286,,,4711000,,7937000,6 176 286 [4 711 000-7 937 000],,,EN,2025-12-19T00:00:00.000Z
MALARIA_EST_CASES,Estimated number of malaria cases,text,AFR,Africa,Country,TZA,United Republic of Tanzania,Year,2018,false,,,,,,,,,,,,,6403212,,,4735000,,8503000,6 403 212 [4 735 000-8 503 000],,,EN,2025-12-19T00:00:00.000Z
MALARIA_EST_CASES,Estimated number of malaria cases,text,AFR,Africa,Country,GHA,Ghana,Year,2018,false,,,,,,,,,,,,,6518545,,,4974000,,8384000,6 518 545 [4 974 000-8 384 000],,,EN,2025-12-19T00:00:00.000Z
MALARIA_EST_CASES,Estimated number of malaria cases,text,EMR,Eastern Mediterranean,Country,SAU,Saudi Arabia,Year,2018,false,,,,,,,,,,,,,61,,,,,,61,,,EN,2025-12-19T00:00:00.000Z
MALARIA_EST_CASES,Estimated number of malaria cases,text,EMR,Eastern Mediterranean,Country,AFG,Afghanistan,Year,2018,false,,,,,,,,,,,,,633500,,,485000,,810000,633 500 [485 000-810 000],,,EN,2025-12-19T00:00:00.000Z
MALARIA_EST_CASES,Estimated number of malaria cases,text,AFR,Africa,Country,ZWE,Zimbabwe,Year,2018,false,,,,,,,,,,,,,634718,,,393000,,897000,634 718 [393 000-897 000],,,EN,2025-12-19T00:00:00.000Z
MALARIA_EST_CASES,Estimated number of malaria cases,text,AMR,Americas,Country,GUF,French Guiana,Year,2018,false,,,,,,,,,,,,,640,,,570,,740,640 [570-740],,,EN,2025-12-19T00:00:00.000Z
MALARIA_EST_CASES,Estimated number of malaria cases,text,WPR,Western Pacific,Country,IDN,Indonesia,Year,2018,false,,,,,,,,,,,,,662497,,,605000,,730000,662 497 [605 000-730 000],,,EN,2025-12-19T00:00:00.000Z
MALARIA_EST_CASES,Estimated number of malaria cases,text,AFR,Africa,Country,SWZ,Eswatini,Year,2018,false,,,,,,,,,,,,,686,,,,,,686,,,EN,2025-12-19T00:00:00.000Z
MALARIA_EST_CASES,Estimated number of malaria cases,text,AFR,Africa,Country,AGO,Angola,Year,2018,false,,,,,,,,,,,,,7274804,,,5332000,,9794000,7 274 804 [5 332 000-9 794 000],,,EN,2025-12-19T00:00:00.000Z
MALARIA_EST_CASES,Estimated number of malaria cases,text,AFR,Africa,Country,BFA,Burkina Faso,Year,2018,false,,,,,,,,,,,,,7280725,,,4892000,,10380000,7 280 725 [4 892 000-10 380 000],,,EN,2025-12-19T00:00:00.000Z
MALARIA_EST_CASES,Estimated number of malaria cases,text,AFR,Africa,Country,CIV,Cote d'Ivoire,Year,2018,false,,,,,,,,,,,,,7695880,,,5216000,,11010000,7 695 880 [5 216 000-11 010 000],,,EN,2025-12-19T00:00:00.000Z
MALARIA_EST_CASES,Estimated number of malaria cases,text,AFR,Africa,Country,MLI,Mali,Year,2018,false,,,,,,,,,,,,,7710138,,,5441000,,10950000,7 710 138 [5 441 000-10 950 000],,,EN,2025-12-19T00:00:00.000Z
MALARIA_EST_CASES,Estimated number of malaria cases,text,AFR,Africa,Country,NER,Niger,Year,2018,false,,,,,,,,,,,,,7760340,,,4896000,,11740000,7 760 340 [4 896 000-11 740 000],,,EN,2025-12-19T00:00:00.000Z
MALARIA_EST_CASES,Estimated number of malaria cases,text,AMR,Americas,Country,CRI,Costa Rica,Year,2018,false,,,,,,,,,,,,,70,,,,,,70,,,EN,2025-12-19T00:00:00.000Z
MALARIA_EST_CASES,Estimated number of malaria cases,text,WPR,Western Pacific,Country,KHM,Cambodia,Year,2018,false,,,,,,,,,,,,,70095,,,65000,,77000,70 095 [65 000-77 000],,,EN,2025-12-19T00:00:00.000Z
MALARIA_EST_CASES,Estimated number of malaria cases,text,EMR,Eastern Mediterranean,Country,PAK,Pakistan,Year,2018,false,,,,,,,,,,,,,705529,,,547000,,978000,705 529 [547 000-978 000],,,EN,2025-12-19T00:00:00.000Z
MALARIA_EST_CASES,Estimated number of malaria cases,text,AMR,Americas,Country,BOL,Bolivia (Plurinational State of),Year,2018,false,,,,,,,,,,,,,7239,,,5700,,8900,7239 [5700-8900],,,EN,2025-12-19T00:00:00.000Z
MALARIA_EST_CASES,Estimated number of malaria cases,text,AMR,Americas,Country,PAN,Panama,Year,2018,false,,,,,,,,,,,,,789,,,710,,850,789 [710-850],,,EN,2025-12-19T00:00:00.000Z
MALARIA_EST_CASES,Estimated number of malaria cases,text,AFR,Africa,Country,BWA,Botswana,Year,2018,false,,,,,,,,,,,,,809,,,620,,1100,809 [620-1100],,,EN,2025-12-19T00:00:00.000Z
MALARIA_EST_CASES,Estimated number of malaria cases,text,AMR,Americas,Country,MEX,Mexico,Year,2018,false,,,,,,,,,,,,,813,,,,,,813,,,EN,2025-12-19T00:00:00.000Z
MALARIA_EST_CASES,Estimated number of malaria cases,text,EMR,Eastern Mediterranean,Country,SOM,Somalia,Year,2018,false,,,,,,,,,,,,,867813,,,538000,,1321000,867 813 [538 000-1 321 000],,,EN,2025-12-19T00:00:00.000Z
MALARIA_EST_CASES,Estimated number of malaria cases,text,WPR,Western Pacific,Country,SLB,Solomon Islands,Year,2018,false,,,,,,,,,,,,,88372,,,74000,,106000,88 372 [74 000-106 000],,,EN,2025-12-19T00:00:00.000Z
MALARIA_EST_CASES,Estimated number of malaria cases,text,AFR,Africa,Country,MOZ,Mozambique,Year,2018,false,,,,,,,,,,,,,9613835,,,7624000,,11870000,9 613 835 [7 624 000-11 870 000],,,EN,2025-12-19T00:00:00.000Z
MALARIA_EST_CASES,Estimated number of malaria cases,text,EMR,Eastern Mediterranean,Country,YEM,Yemen,Year,2018,false,,,,,,,,,,,,,907055,,,596000,,1360000,907 055 [596 000-1 360 000],,,EN,2025-12-19T00:00:00.000Z
MALARIA_EST_CASES,Estimated number of malaria cases,text,AMR,Americas,Country,COL,Colombia,Year,2018,false,,,,,,,,,,,,,93827,,,70000,,120000,93 827 [70 000-120 000],,,EN,2025-12-19T00:00:00.000Z
MALARIA_EST_CASES,Estimated number of malaria cases,text,AMR,Americas,Country,HND,Honduras,Year,2018,false,,,,,,,,,,,,,949,,,710,,1200,949 [710-1200],,,EN,2025-12-19T00:00:00.000Z
MALARIA_EST_CASES,Estimated number of malaria cases,text,AFR,Africa,Country,ZAF,South Africa,Year,2018,false,,,,,,,,,,,,,9562,,,,,,9562,,,EN,2025-12-19T00:00:00.000Z
MALARIA_EST_CASES,Estimated number of malaria cases,text,AFR,Africa,Country,ERI,Eritrea,Year,2018,false,,,,,,,,,,,,,99716,,,64000,,139000,99 716 [64 000-139 000],,,EN,2025-12-19T00:00:00.000Z
MALARIA_EST_CASES,Estimated number of malaria cases,text,AFR,Africa,Country,DZA,Algeria,Year,2017,false,,,,,,,,,,,,,0,,,,,,0,,,EN,2025-12-19T00:00:00.000Z
MALARIA_EST_CASES,Estimated number of malaria cases,text,AMR,Americas,Country,ARG,Argentina,Year,2017,false,,,,,,,,,,,,,0,,,,,,0,,,EN,2025-12-19T00:00:00.000Z
MALARIA_EST_CASES,Estimated number of malaria cases,text,EUR,Europe,Country,ARM,Armenia,Year,2017,false,,,,,,,,,,,,,0,,,,,,0,,,EN,2025-12-19T00:00:00.000Z
MALARIA_EST_CASES,Estimated number of malaria cases,text,EUR,Europe,Country,AZE,Azerbaijan,Year,2017,false,,,,,,,,,,,,,0,,,,,,0,,,EN,2025-12-19T00:00:00.000Z
MALARIA_EST_CASES,Estimated number of malaria cases,text,WPR,Western Pacific,Country,CHN,China,Year,2017,false,,,,,,,,,,,,,0,,,,,,0,,,EN,2025-12-19T00:00:00.000Z
MALARIA_EST_CASES,Estimated number of malaria cases,text,EMR,Eastern Mediterranean,Country,EGY,Egypt,Year,2017,false,,,,,,,,,,,,,0,,,,,,0,,,EN,2025-12-19T00:00:00.000Z
MALARIA_EST_CASES,Estimated number of malaria cases,text,AMR,Americas,Country,SLV,El Salvador,Year,2017,false,,,,,,,,,,,,,0,,,,,,0,,,EN,2025-12-19T00:00:00.000Z
MALARIA_EST_CASES,Estimated number of malaria cases,text,EUR,Europe,Country,GEO,Georgia,Year,2017,false,,,,,,,,,,,,,0,,,,,,0,,,EN,2025-12-19T00:00:00.000Z
MALARIA_EST_CASES,Estimated number of malaria cases,text,EMR,Eastern Mediterranean,Country,IRQ,Iraq,Year,2017,false,,,,,,,,,,,,,0,,,,,,0,,,EN,2025-12-19T00:00:00.000Z
MALARIA_EST_CASES,Estimated number of malaria cases,text,EUR,Europe,Country,KAZ,Kazakhstan,Year,2017,false,,,,,,,,,,,,,0,,,,,,0,,,EN,2025-12-19T00:00:00.000Z
MALARIA_EST_CASES,Estimated number of malaria cases,text,EUR,Europe,Country,KGZ,Kyrgyzstan,Year,2017,false,,,,,,,,,,,,,0,,,,,,0,,,EN,2025-12-19T00:00:00.000Z
MALARIA_EST_CASES,Estimated number of malaria cases,text,EMR,Eastern Mediterranean,Country,MAR,Morocco,Year,2017,false,,,,,,,,,,,,,0,,,,,,0,,,EN,2025-12-19T00:00:00.000Z
MALARIA_EST_CASES,Estimated number of malaria cases,text,EMR,Eastern Mediterranean,Country,OMN,Oman,Year,2017,false,,,,,,,,,,,,,0,,,,,,0,,,EN,2025-12-19T00:00:00.000Z
MALARIA_EST_CASES,Estimated number of malaria cases,text,AMR,Americas,Country,PRY,Paraguay,Year,2017,false,,,,,,,,,,,,,0,,,,,,0,,,EN,2025-12-19T00:00:00.000Z
MALARIA_EST_CASES,Estimated number of malaria cases,text,SEAR,South-East Asia,Country,LKA,Sri Lanka,Year,2017,false,,,,,,,,,,,,,0,,,,,,0,,,EN,2025-12-19T00:00:00.000Z
MALARIA_EST_CASES,Estimated number of malaria cases,text,EMR,Eastern Mediterranean,Country,SYR,Syrian Arab Republic,Year,2017,false,,,,,,,,,,,,,0,,,,,,0,,,EN,2025-12-19T00:00:00.000Z
MALARIA_EST_CASES,Estimated number of malaria cases,text,EUR,Europe,Country,TUR,Türkiye,Year,2017,false,,,,,,,,,,,,,0,,,,,,0,,,EN,2025-12-19T00:00:00.000Z
MALARIA_EST_CASES,Estimated number of malaria cases,text,EUR,Europe,Country,TJK,Tajikistan,Year,2017,false,,,,,,,,,,,,,0,,,,,,0,,,EN,2025-12-19T00:00:00.000Z
MALARIA_EST_CASES,Estimated number of malaria cases,text,EUR,Europe,Country,TKM,Turkmenistan,Year,2017,false,,,,,,,,,,,,,0,,,,,,0,,,EN,2025-12-19T00:00:00.000Z
MALARIA_EST_CASES,Estimated number of malaria cases,text,EMR,Eastern Mediterranean,Country,ARE,United Arab Emirates,Year,2017,false,,,,,,,,,,,,,0,,,,,,0,,,EN,2025-12-19T00:00:00.000Z
MALARIA_EST_CASES,Estimated number of malaria cases,text,EUR,Europe,Country,UZB,Uzbekistan,Year,2017,false,,,,,,,,,,,,,0,,,,,,0,,,EN,2025-12-19T00:00:00.000Z
MALARIA_EST_CASES,Estimated number of malaria cases,text,WPR,Western Pacific,Country,PNG,Papua New Guinea,Year,2017,false,,,,,,,,,,,,,1230223,,,798000,,1758000,1 230 223 [798 000-1 758 000],,,EN,2025-12-19T00:00:00.000Z
MALARIA_EST_CASES,Estimated number of malaria cases,text,AFR,Africa,Country,COG,Congo,Year,2017,false,,,,,,,,,,,,,1262280,,,798000,,1941000,1 262 280 [798 000-1 941 000],,,EN,2025-12-19T00:00:00.000Z
MALARIA_EST_CASES,Estimated number of malaria cases,text,AFR,Africa,Country,ZWE,Zimbabwe,Year,2017,false,,,,,,,,,,,,,1337886,,,835000,,1934000,1 337 886 [835 000-1 934 000],,,EN,2025-12-19T00:00:00.000Z
MALARIA_EST_CASES,Estimated number of malaria cases,text,AFR,Africa,Country,LBR,Liberia,Year,2017,false,,,,,,,,,,,,,1726631,,,1369000,,2135000,1 726 631 [1 369 000-2 135 000],,,EN,2025-12-19T00:00:00.000Z
MALARIA_EST_CASES,Estimated number of malaria cases,text,AFR,Africa,Country,CAF,Central African Republic,Year,2017,false,,,,,,,,,,,,,1857203,,,994000,,3155000,1 857 203 [994 000-3 155 000],,,EN,2025-12-19T00:00:00.000Z
MALARIA_EST_CASES,Estimated number of malaria cases,text,WPR,Western Pacific,Country,SLB,Solomon Islands,Year,2017,false,,,,,,,,,,,,,106437,,,82000,,145000,106 437 [82 000-145 000],,,EN,2025-12-19T00:00:00.000Z
MALARIA_EST_CASES,Estimated number of malaria cases,text,SEAR,South-East Asia,Country,BTN,Bhutan,Year,2017,false,,,,,,,,,,,,,11,,,,,,11,,,EN,2025-12-19T00:00:00.000Z
MALARIA_EST_CASES,Estimated number of malaria cases,text,AFR,Africa,Country,UGA,Uganda,Year,2017,false,,,,,,,,,,,,,11109517,,,8429000,,14280000,11 109 517 [8 429 000-14 280 000],,,EN,2025-12-19T00:00:00.000Z
MALARIA_EST_CASES,Estimated number of malaria cases,text,AFR,Africa,Country,ERI,Eritrea,Year,2017,false,,,,,,,,,,,,,115928,,,74000,,161000,115 928 [74 000-161 000],,,EN,2025-12-19T00:00:00.000Z
MALARIA_EST_CASES,Estimated number of malaria cases,text,AMR,Americas,Country,CRI,Costa Rica,Year,2017,false,,,,,,,,,,,,,12,,,,,,12,,,EN,2025-12-19T00:00:00.000Z
MALARIA_EST_CASES,Estimated number of malaria cases,text,SEAR,South-East Asia,Country,MMR,Myanmar,Year,2017,false,,,,,,,,,,,,,120755,,,98000,,145000,120 755 [98 000-145 000],,,EN,2025-12-19T00:00:00.000Z
MALARIA_EST_CASES,Estimated number of malaria cases,text,AMR,Americas,Country,ECU,Ecuador,Year,2017,false,,,,,,,,,,,,,1275,,,,,,1275,,,EN,2025-12-19T00:00:00.000Z
MALARIA_EST_CASES,Estimated number of malaria cases,text,AMR,Americas,Country,NIC,Nicaragua,Year,2017,false,,,,,,,,,,,,,13866,,,12000,,16000,13 866 [12 000-16 000],,,EN,2025-12-19T00:00:00.000Z
MALARIA_EST_CASES,Estimated number of malaria cases,text,AFR,Africa,Country,GNB,Guinea-Bissau,Year,2017,false,,,,,,,,,,,,,131797,,,45000,,311000,131 797 [45 000-311 000],,,EN,2025-12-19T00:00:00.000Z
MALARIA_EST_CASES,Estimated number of malaria cases,text,AMR,Americas,Country,SUR,Suriname,Year,2017,false,,,,,,,,,,,,,137,,,,,,137,,,EN,2025-12-19T00:00:00.000Z
MALARIA_EST_CASES,Estimated number of malaria cases,text,WPR,Western Pacific,Country,LAO,Lao People's Democratic Republic,Year,2017,false,,,,,,,,,,,,,14609,,,11000,,19000,14 609 [11 000-19 000],,,EN,2025-12-19T00:00:00.000Z
MALARIA_EST_CASES,Estimated number of malaria cases,text,EMR,Eastern Mediterranean,Country,DJI,Djibouti,Year,2017,false,,,,,,,,,,,,,14810,,,,,,14 810,,,EN,2025-12-19T00:00:00.000Z
MALARIA_EST_CASES,Estimated number of malaria cases,text,AFR,Africa,Country,GMB,Gambia,Year,2017,false,,,,,,,,,,,,,148057,,,111000,,189000,148 057 [111 000-189 000],,,EN,2025-12-19T00:00:00.000Z
MALARIA_EST_CASES,Estimated number of malaria cases,text,SEAR,South-East Asia,Country,TLS,Timor-Leste,Year,2017,false,,,,,,,,,,,,,16,,,,,,16,,,EN,2025-12-19T00:00:00.000Z
MALARIA_EST_CASES,Estimated number of malaria cases,text,WPR,Western Pacific,Country,PHL,Philippines,Year,2017,false,,,,,,,,,,,,,16586,,,12000,,22000,16 586 [12 000-22 000],,,EN,2025-12-19T00:00:00.000Z
MALARIA_EST_CASES,Estimated number of malaria cases,text,AMR,Americas,Country,HND,Honduras,Year,2017,false,,,,,,,,,,,,,1747,,,1300,,2200,1747 [1300-2200],,,EN,2025-12-19T00:00:00.000Z
MALARIA_EST_CASES,Estimated number of malaria cases,text,EMR,Eastern Mediterranean,Country,SAU,Saudi Arabia,Year,2017,false,,,,,,,,,,,,,177,,,,,,177,,,EN,2025-12-19T00:00:00.000Z
MALARIA_EST_CASES,Estimated number of malaria cases,text,AFR,Africa,Country,MDG,Madagascar,Year,2017,false,,,,,,,,,,,,,2068659,,,1495000,,2709000,2 068 659 [1 495 000-2 709 000],,,EN,2025-12-19T00:00:00.000Z
MALARIA_EST_CASES,Estimated number of malaria cases,text,EMR,Eastern Mediterranean,Country,SDN,Sudan,Year,2017,false,,,,,,,,,,,,,2408332,,,1843000,,3086000,2 408 332 [1 843 000-3 086 000],,,EN,2025-12-19T00:00:00.000Z
MALARIA_EST_CASES,Estimated number of malaria cases,text,AFR,Africa,Country,SLE,Sierra Leone,Year,2017,false,,,,,,,,,,,,,2586803,,,2001000,,3299000,2 586 803 [2 001 000-3 299 000],,,EN,2025-12-19T00:00:00.000Z
MALARIA_EST_CASES,Estimated number of malaria cases,text,AFR,Africa,Country,TGO,Togo,Year,2017,false,,,,,,,,,,,,,2829242,,,2278000,,3474000,2 829 242 [2 278 000-3 474 000],,,EN,2025-12-19T00:00:00.000Z
MALARIA_EST_CASES,Estimated number of malaria cases,text,AFR,Africa,Country,SSD,South Sudan,Year,2017,false,,,,,,,,,,,,,2844866,,,1974000,,3961000,2 844 866 [1 974 000-3 961 000],,,EN,2025-12-19T00:00:00.000Z
MALARIA_EST_CASES,Estimated number of malaria cases,text,WPR,Western Pacific,Country,KHM,Cambodia,Year,2017,false,,,,,,,,,,,,,202696,,,175000,,237000,202 696 [175 000-237 000],,,EN,2025-12-19T00:00:00.000Z
MALARIA_EST_CASES,Estimated number of malaria cases,text,AMR,Americas,Country,BRA,Brazil,Year,2017,false,,,,,,,,,,,,,220913,,,198000,,239000,220 913 [198 000-239 000],,,EN,2025-12-19T00:00:00.000Z
MALARIA_EST_CASES,Estimated number of malaria cases,text,AFR,Africa,Country,STP,Sao Tome and Principe,Year,2017,false,,,,,,,,,,,,,2239,,,,,,2239,,,EN,2025-12-19T00:00:00.000Z
MALARIA_EST_CASES,Estimated number of malaria cases,text,AFR,Africa,Country,ZAF,South Africa,Year,2017,false,,,,,,,,,,,,,23381,,,,,,23 381,,,EN,2025-12-19T00:00:00.000Z
MALARIA_EST_CASES,Estimated number of malaria cases,text,AMR,Americas,Country,GUY,Guyana,Year,2017,false,,,,,,,,,,,,,25167,,,19000,,34000,25 167 [19 000-34 000],,,EN,2025-12-19T00:00:00.000Z
MALARIA_EST_CASES,Estimated number of malaria cases,text,WPR,Western Pacific,Country,VUT,Vanuatu,Year,2017,false,,,,,,,,,,,,,2585,,,1800,,3700,2585 [1800-3700],,,EN,2025-12-19T00:00:00.000Z
MALARIA_EST_CASES,Estimated number of malaria cases,text,SEAR,South-East Asia,Country,NPL,Nepal,Year,2017,false,,,,,,,,,,,,,2690,,,2200,,3400,2690 [2200-3400],,,EN,2025-12-19T00:00:00.000Z
MALARIA_EST_CASES,Estimated number of malaria cases,text,AFR,Africa,Country,COD,Democratic Republic of the Congo,Year,2017,false,,,,,,,,,,,,,28221065,,,21650000,,35910000,28 221 065 [21 650 000-35 910 000],,,EN,2025-12-19T00:00:00.000Z
MALARIA_EST_CASES,Estimated number of malaria cases,text,AFR,Africa,Country,BWA,Botswana,Year,2017,false,,,,,,,,,,,,,2938,,,2300,,4000,2938 [2300-4000],,,EN,2025-12-19T00:00:00.000Z
MALARIA_EST_CASES,Estimated number of malaria cases,text,AFR,Africa,Country,TCD,Chad,Year,2017,false,,,,,,,,,,,,,3354335,,,2090000,,5201000,3 354 335 [2 090 000-5 201 000],,,EN,2025-12-19T00:00:00.000Z
MALARIA_EST_CASES,Estimated number of malaria cases,text,AFR,Africa,Country,KEN,Kenya,Year,2017,false,,,,,,,,,,,,,3780809,,,2717000,,5143000,3 780 809 [2 717 000-5 143 000],,,EN,2025-12-19T00:00:00.000Z
MALARIA_EST_CASES,Estimated number of malaria cases,text,AFR,Africa,Country,ZMB,Zambia,Year,2017,false,,,,,,,,,,,,,3838911,,,3017000,,4755000,3 838 911 [3 017 000-4 755 000],,,EN,2025-12-19T00:00:00.000Z
MALARIA_EST_CASES,Estimated number of malaria cases,text,AFR,Africa,Country,BDI,Burundi,Year,2017,false,,,,,,,,,,,,,3984660,,,3244000,,4846000,3 984 660 [3 244 000-4 846 000],,,EN,2025-12-19T00:00:00.000Z
MALARIA_EST_CASES,Estimated number of malaria cases,text,AFR,Africa,Country,MRT,Mauritania,Year,2017,false,,,,,,,,,,,,,306475,,,106000,,629000,306 475 [106 000-629 000],,,EN,2025-12-19T00:00:00.000Z
MALARIA_EST_CASES,Estimated number of malaria cases,text,AMR,Americas,Country,HTI,Haiti,Year,2017,false,,,,,,,,,,,,,33122,,,22000,,45000,33 122 [22 000-45 000],,,EN,2025-12-19T00:00:00.000Z
MALARIA_EST_CASES,Estimated number of malaria cases,text,SEAR,South-East Asia,Country,BGD,Bangladesh,Year,2017,false,,,,,,,,,,,,,33331,,,30000,,37000,33 331 [30 000-37 000],,,EN,2025-12-19T00:00:00.000Z
MALARIA_EST_CASES,Estimated number of malaria cases,text,AFR,Africa,Country,COM,Comoros,Year,2017,false,,,,,,,,,,,,,3896,,,,,,3896,,,EN,2025-12-19T00:00:00.000Z
MALARIA_EST_CASES,Estimated number of malaria cases,text,AFR,Africa,Country,GAB,Gabon,Year,2017,false,,,,,,,,,,,,,398291,,,247000,,614000,398 291 [247 000-614 000],,,EN,2025-12-19T00:00:00.000Z
MALARIA_EST_CASES,Estimated number of malaria cases,text,AFR,Africa,Country,GIN,Guinea,Year,2017,false,,,,,,,,,,,,,4439978,,,3211000,,5970000,4 439 978 [3 211 000-5 970 000],,,EN,2025-12-19T00:00:00.000Z
MALARIA_EST_CASES,Estimated number of malaria cases,text,AFR,Africa,Country,MWI,Malawi,Year,2017,false,,,,,,,,,,,,,4770449,,,3657000,,6143000,4 770 449 [3 657 000-6 143 000],,,EN,2025-12-19T00:00:00.000Z
MALARIA_EST_CASES,Estimated number of malaria cases,text,AMR,Americas,Country,DOM,Dominican Republic,Year,2017,false,,,,,,,,,,,,,410,,,360,,470,410 [360-470],,,EN,2025-12-19T00:00:00.000Z
MALARIA_EST_CASES,Estimated number of malaria cases,text,AFR,Africa,Country,CPV,Cabo Verde,Year,2017,false,,,,,,,,,,,,,423,,,,,,423,,,EN,2025-12-19T00:00:00.000Z
MALARIA_EST_CASES,Estimated number of malaria cases,text,WPR,Western Pacific,Country,KOR,Republic of Korea,Year,2017,false,,,,,,,,,,,,,436,,,,,,436,,,EN,2025-12-19T00:00:00.000Z
MALARIA_EST_CASES,Estimated number of malaria cases,text,AFR,Africa,Country,SWZ,Eswatini,Year,2017,false,,,,,,,,,,,,,440,,,,,,440,,,EN,2025-12-19T00:00:00.000Z
MALARIA_EST_CASES,Estimated number of malaria cases,text,AFR,Africa,Country,GNQ,Equatorial Guinea,Year,2017,false,,,,,,,,,,,,,455020,,,298000,,666000,455 020 [298 000-666 000],,,EN,2025-12-19T00:00:00.000Z
MALARIA_EST_CASES,Estimated number of malaria cases,text,SEAR,South-East Asia,Country,PRK,Democratic People's Republic of Korea,Year,2017,false,,,,,,,,,,,,,4603,,,,,,4603,,,EN,2025-12-19T00:00:00.000Z
MALARIA_EST_CASES,Estimated number of malaria cases,text,AMR,Americas,Country,VEN,Venezuela (Bolivarian Republic of),Year,2017,false,,,,,,,,,,,,,482323,,,429000,,557000,482 323 [429 000-557 000],,,EN,2025-12-19T00:00:00.000Z
MALARIA_EST_CASES,Estimated number of malaria cases,text,AMR,Americas,Country,GTM,Guatemala,Year,2017,false,,,,,,,,,,,,,4829,,,4300,,5600,4829 [4300-5600],,,EN,2025-12-19T00:00:00.000Z
MALARIA_EST_CASES,Estimated number of malaria cases,text,AFR,Africa,Country,BEN,Benin,Year,2017,false,,,,,,,,,,,,,5005399,,,4052000,,6144000,5 005 399 [4 052 000-6 144 000],,,EN,2025-12-19T00:00:00.000Z
MALARIA_EST_CASES,Estimated number of malaria cases,text,AFR,Africa,Country,ETH,Ethiopia,Year,2017,false,,,,,,,,,,,,,5273115,,,2487000,,9124000,5 273 115 [2 487 000-9 124 000],,,EN,2025-12-19T00:00:00.000Z
MALARIA_EST_CASES,Estimated number of malaria cases,text,SEAR,South-East Asia,Country,IND,India,Year,2017,false,,,,,,,,,,,,,5860560,,,4602000,,7218000,5 860 560 [4 602 000-7 218 000],,,EN,2025-12-19T00:00:00.000Z
MALARIA_EST_CASES,Estimated number of malaria cases,text,WPR,Western Pacific,Country,VNM,Viet Nam,Year,2017,false,,,,,,,,,,,,,5485,,,5100,,6100,5485 [5100-6100],,,EN,2025-12-19T00:00:00.000Z
MALARIA_EST_CASES,Estimated number of malaria cases,text,EMR,Eastern Mediterranean,Country,IRN,Iran (Islamic Republic of),Year,2017,false,,,,,,,,,,,,,57,,,,,,57,,,EN,2025-12-19T00:00:00.000Z
MALARIA_EST_CASES,Estimated number of malaria cases,text,AFR,Africa,Country,NGA,Nigeria,Year,2017,false,,,,,,,,,,,,,57869533,,,45870000,,72050000,57 869 533 [45 870 000-72 050 000],,,EN,2025-12-19T00:00:00.000Z
MALARIA_EST_CASES,Estimated number of malaria cases,text,AFR,Africa,Country,CMR,Cameroon,Year,2017,false,,,,,,,,,,,,,6248935,,,4696000,,8125000,6 248 935 [4 696 000-8 125 000],,,EN,2025-12-19T00:00:00.000Z
MALARIA_EST_CASES,Estimated number of malaria cases,text,AFR,Africa,Country,AGO,Angola,Year,2017,false,,,,,,,,,,,,,6510001,,,5064000,,8221000,6 510 001 [5 064 000-8 221 000],,,EN,2025-12-19T00:00:00.000Z
MALARIA_EST_CASES,Estimated number of malaria cases,text,AFR,Africa,Country,GHA,Ghana,Year,2017,false,,,,,,,,,,,,,6787448,,,5197000,,8709000,6 787 448 [5 197 000-8 709 000],,,EN,2025-12-19T00:00:00.000Z
MALARIA_EST_CASES,Estimated number of malaria cases,text,AFR,Africa,Country,TZA,United Republic of Tanzania,Year,2017,false,,,,,,,,,,,,,6855536,,,5070000,,9024000,6 855 536 [5 070 000-9 024 000],,,EN,2025-12-19T00:00:00.000Z
MALARIA_EST_CASES,Estimated number of malaria cases,text,AMR,Americas,Country,BOL,Bolivia (Plurinational State of),Year,2017,false,,,,,,,,,,,,,6195,,,4800,,7600,6195 [4800-7600],,,EN,2025-12-19T00:00:00.000Z
MALARIA_EST_CASES,Estimated number of malaria cases,text,AMR,Americas,Country,GUF,French Guiana,Year,2017,false,,,,,,,,,,,,,685,,,610,,790,685 [610-790],,,EN,2025-12-19T00:00:00.000Z
MALARIA_EST_CASES,Estimated number of malaria cases,text,AMR,Americas,Country,BLZ,Belize,Year,2017,false,,,,,,,,,,,,,7,,,,,,7,,,EN,2025-12-19T00:00:00.000Z
MALARIA_EST_CASES,Estimated number of malaria cases,text,AFR,Africa,Country,BFA,Burkina Faso,Year,2017,false,,,,,,,,,,,,,7093584,,,4906000,,10000000,7 093 584 [4 906 000-10 000 000],,,EN,2025-12-19T00:00:00.000Z
MALARIA_EST_CASES,Estimated number of malaria cases,text,AFR,Africa,Country,CIV,Cote d'Ivoire,Year,2017,false,,,,,,,,,,,,,7178935,,,4577000,,10770000,7 178 935 [4 577 000-10 770 000],,,EN,2025-12-19T00:00:00.000Z
MALARIA_EST_CASES,Estimated number of malaria cases,text,AFR,Africa,Country,MLI,Mali,Year,2017,false,,,,,,,,,,,,,7469199,,,5279000,,10620000,7 469 199 [5 279 000-10 620 000],,,EN,2025-12-19T00:00:00.000Z
MALARIA_EST_CASES,Estimated number of malaria cases,text,AFR,Africa,Country,NER,Niger,Year,2017,false,,,,,,,,,,,,,7883346,,,5016000,,11850000,7 883 346 [5 016 000-11 850 000],,,EN,2025-12-19T00:00:00.000Z
MALARIA_EST_CASES,Estimated number of malaria cases,text,AMR,Americas,Country,PER,Peru,Year,2017,false,,,,,,,,,,,,,72752,,,60000,,87000,72 752 [60 000-87 000],,,EN,2025-12-19T00:00:00.000Z
MALARIA_EST_CASES,Estimated number of malaria cases,text,AMR,Americas,Country,MEX,Mexico,Year,2017,false,,,,,,,,,,,,,736,,,,,,736,,,EN,2025-12-19T00:00:00.000Z
MALARIA_EST_CASES,Estimated number of malaria cases,text,SEAR,South-East Asia,Country,THA,Thailand,Year,2017,false,,,,,,,,,,,,,7415,,,,,,7415,,,EN,2025-12-19T00:00:00.000Z
MALARIA_EST_CASES,Estimated number of malaria cases,text,WPR,Western Pacific,Country,IDN,Indonesia,Year,2017,false,,,,,,,,,,,,,744237,,,681000,,817000,744 237 [681 000-817 000],,,EN,2025-12-19T00:00:00.000Z
MALARIA_EST_CASES,Estimated number of malaria cases,text,EMR,Eastern Mediterranean,Country,YEM,Yemen,Year,2017,false,,,,,,,,,,,,,771431,,,519000,,1142000,771 431 [519 000-1 142 000],,,EN,2025-12-19T00:00:00.000Z
MALARIA_EST_CASES,Estimated number of malaria cases,text,EMR,Eastern Mediterranean,Country,AFG,Afghanistan,Year,2017,false,,,,,,,,,,,,,798871,,,608000,,1022000,798 871 [608 000-1 022 000],,,EN,2025-12-19T00:00:00.000Z
MALARIA_EST_CASES,Estimated number of malaria cases,text,AFR,Africa,Country,RWA,Rwanda,Year,2017,false,,,,,,,,,,,,,8681013,,,6348000,,11160000,8 681 013 [6 348 000-11 160 000],,,EN,2025-12-19T00:00:00.000Z
MALARIA_EST_CASES,Estimated number of malaria cases,text,AMR,Americas,Country,COL,Colombia,Year,2017,false,,,,,,,,,,,,,80963,,,60000,,104000,80 963 [60 000-104 000],,,EN,2025-12-19T00:00:00.000Z
MALARIA_EST_CASES,Estimated number of malaria cases,text,AMR,Americas,Country,PAN,Panama,Year,2017,false,,,,,,,,,,,,,801,,,760,,860,801 [760-860],,,EN,2025-12-19T00:00:00.000Z
MALARIA_EST_CASES,Estimated number of malaria cases,text,AFR,Africa,Country,SEN,Senegal,Year,2017,false,,,,,,,,,,,,,805691,,,560000,,1068000,805 691 [560 000-1 068 000],,,EN,2025-12-19T00:00:00.000Z
MALARIA_EST_CASES,Estimated number of malaria cases,text,EMR,Eastern Mediterranean,Country,SOM,Somalia,Year,2017,false,,,,,,,,,,,,,819074,,,461000,,1322000,819 074 [461 000-1 322 000],,,EN,2025-12-19T00:00:00.000Z
MALARIA_EST_CASES,Estimated number of malaria cases,text,EMR,Eastern Mediterranean,Country,PAK,Pakistan,Year,2017,false,,,,,,,,,,,,,819944,,,590000,,1261000,819 944 [590 000-1 261 000],,,EN,2025-12-19T00:00:00.000Z
MALARIA_EST_CASES,Estimated number of malaria cases,text,WPR,Western Pacific,Country,MYS,Malaysia,Year,2017,false,,,,,,,,,,,,,85,,,,,,85,,,EN,2025-12-19T00:00:00.000Z
MALARIA_EST_CASES,Estimated number of malaria cases,text,AFR,Africa,Country,NAM,Namibia,Year,2017,false,,,,,,,,,,,,,89155,,,71000,,109000,89 155 [71 000-109 000],,,EN,2025-12-19T00:00:00.000Z
MALARIA_EST_CASES,Estimated number of malaria cases,text,AFR,Africa,Country,MYT,Mayotte,Year,2017,false,,,,,,,,,,,,,9,,,9,,9,9 [9-9],,,EN,2025-12-19T00:00:00.000Z
MALARIA_EST_CASES,Estimated number of malaria cases,text,AFR,Africa,Country,MOZ,Mozambique,Year,2017,false,,,,,,,,,,,,,9400298,,,7504000,,11590000,9 400 298 [7 504 000-11 590 000],,,EN,2025-12-19T00:00:00.000Z
MALARIA_EST_CASES,Estimated number of malaria cases,text,AFR,Africa,Country,DZA,Algeria,Year,2016,false,,,,,,,,,,,,,0,,,,,,0,,,EN,2025-12-19T00:00:00.000Z
MALARIA_EST_CASES,Estimated number of malaria cases,text,AMR,Americas,Country,ARG,Argentina,Year,2016,false,,,,,,,,,,,,,0,,,,,,0,,,EN,2025-12-19T00:00:00.000Z
MALARIA_EST_CASES,Estimated number of malaria cases,text,EUR,Europe,Country,ARM,Armenia,Year,2016,false,,,,,,,,,,,,,0,,,,,,0,,,EN,2025-12-19T00:00:00.000Z
MALARIA_EST_CASES,Estimated number of malaria cases,text,EUR,Europe,Country,AZE,Azerbaijan,Year,2016,false,,,,,,,,,,,,,0,,,,,,0,,,EN,2025-12-19T00:00:00.000Z
MALARIA_EST_CASES,Estimated number of malaria cases,text,EMR,Eastern Mediterranean,Country,EGY,Egypt,Year,2016,false,,,,,,,,,,,,,0,,,,,,0,,,EN,2025-12-19T00:00:00.000Z
MALARIA_EST_CASES,Estimated number of malaria cases,text,EUR,Europe,Country,GEO,Georgia,Year,2016,false,,,,,,,,,,,,,0,,,,,,0,,,EN,2025-12-19T00:00:00.000Z
MALARIA_EST_CASES,Estimated number of malaria cases,text,EUR,Europe,Country,KAZ,Kazakhstan,Year,2016,false,,,,,,,,,,,,,0,,,,,,0,,,EN,2025-12-19T00:00:00.000Z
MALARIA_EST_CASES,Estimated number of malaria cases,text,EUR,Europe,Country,KGZ,Kyrgyzstan,Year,2016,false,,,,,,,,,,,,,0,,,,,,0,,,EN,2025-12-19T00:00:00.000Z
MALARIA_EST_CASES,Estimated number of malaria cases,text,EMR,Eastern Mediterranean,Country,MAR,Morocco,Year,2016,false,,,,,,,,,,,,,0,,,,,,0,,,EN,2025-12-19T00:00:00.000Z
MALARIA_EST_CASES,Estimated number of malaria cases,text,EMR,Eastern Mediterranean,Country,OMN,Oman,Year,2016,false,,,,,,,,,,,,,0,,,,,,0,,,EN,2025-12-19T00:00:00.000Z
MALARIA_EST_CASES,Estimated number of malaria cases,text,AMR,Americas,Country,PRY,Paraguay,Year,2016,false,,,,,,,,,,,,,0,,,,,,0,,,EN,2025-12-19T00:00:00.000Z
MALARIA_EST_CASES,Estimated number of malaria cases,text,SEAR,South-East Asia,Country,LKA,Sri Lanka,Year,2016,false,,,,,,,,,,,,,0,,,,,,0,,,EN,2025-12-19T00:00:00.000Z
MALARIA_EST_CASES,Estimated number of malaria cases,text,EMR,Eastern Mediterranean,Country,SYR,Syrian Arab Republic,Year,2016,false,,,,,,,,,,,,,0,,,,,,0,,,EN,2025-12-19T00:00:00.000Z
MALARIA_EST_CASES,Estimated number of malaria cases,text,EUR,Europe,Country,TUR,Türkiye,Year,2016,false,,,,,,,,,,,,,0,,,,,,0,,,EN,2025-12-19T00:00:00.000Z
MALARIA_EST_CASES,Estimated number of malaria cases,text,EUR,Europe,Country,TJK,Tajikistan,Year,2016,false,,,,,,,,,,,,,0,,,,,,0,,,EN,2025-12-19T00:00:00.000Z
MALARIA_EST_CASES,Estimated number of malaria cases,text,EUR,Europe,Country,TKM,Turkmenistan,Year,2016,false,,,,,,,,,,,,,0,,,,,,0,,,EN,2025-12-19T00:00:00.000Z
MALARIA_EST_CASES,Estimated number of malaria cases,text,EMR,Eastern Mediterranean,Country,ARE,United Arab Emirates,Year,2016,false,,,,,,,,,,,,,0,,,,,,0,,,EN,2025-12-19T00:00:00.000Z
MALARIA_EST_CASES,Estimated number of malaria cases,text,EUR,Europe,Country,UZB,Uzbekistan,Year,2016,false,,,,,,,,,,,,,0,,,,,,0,,,EN,2025-12-19T00:00:00.000Z
MALARIA_EST_CASES,Estimated number of malaria cases,text,WPR,Western Pacific,Country,CHN,China,Year,2016,false,,,,,,,,,,,,,1,,,,,,1,,,EN,2025-12-19T00:00:00.000Z
MALARIA_EST_CASES,Estimated number of malaria cases,text,EMR,Eastern Mediterranean,Country,PAK,Pakistan,Year,2016,false,,,,,,,,,,,,,1017237,,,661000,,1717000,1 017 237 [661 000-1 717 000],,,EN,2025-12-19T00:00:00.000Z
MALARIA_EST_CASES,Estimated number of malaria cases,text,WPR,Western Pacific,Country,IDN,Indonesia,Year,2016,false,,,,,,,,,,,,,1087349,,,981000,,1211000,1 087 349 [981 000-1 211 000],,,EN,2025-12-19T00:00:00.000Z
MALARIA_EST_CASES,Estimated number of malaria cases,text,AFR,Africa,Country,COG,Congo,Year,2016,false,,,,,,,,,,,,,1126747,,,694000,,1734000,1 126 747 [694 000-1 734 000],,,EN,2025-12-19T00:00:00.000Z
MALARIA_EST_CASES,Estimated number of malaria cases,text,WPR,Western Pacific,Country,PNG,Papua New Guinea,Year,2016,false,,,,,,,,,,,,,1208966,,,811000,,1660000,1 208 966 [811 000-1 660 000],,,EN,2025-12-19T00:00:00.000Z
MALARIA_EST_CASES,Estimated number of malaria cases,text,AFR,Africa,Country,MDG,Madagascar,Year,2016,false,,,,,,,,,,,,,1654009,,,1161000,,2249000,1 654 009 [1 161 000-2 249 000],,,EN,2025-12-19T00:00:00.000Z
MALARIA_EST_CASES,Estimated number of malaria cases,text,AFR,Africa,Country,LBR,Liberia,Year,2016,false,,,,,,,,,,,,,1658288,,,1353000,,2007000,1 658 288 [1 353 000-2 007 000],,,EN,2025-12-19T00:00:00.000Z
MALARIA_EST_CASES,Estimated number of malaria cases,text,AFR,Africa,Country,CAF,Central African Republic,Year,2016,false,,,,,,,,,,,,,1866491,,,1045000,,3094000,1 866 491 [1 045 000-3 094 000],,,EN,2025-12-19T00:00:00.000Z
MALARIA_EST_CASES,Estimated number of malaria cases,text,AFR,Africa,Country,UGA,Uganda,Year,2016,false,,,,,,,,,,,,,10903429,,,8189000,,14190000,10 903 429 [8 189 000-14 190 000],,,EN,2025-12-19T00:00:00.000Z
MALARIA_EST_CASES,Estimated number of malaria cases,text,SEAR,South-East Asia,Country,TLS,Timor-Leste,Year,2016,false,,,,,,,,,,,,,112,,,94,,130,112 [94-130],,,EN,2025-12-19T00:00:00.000Z
MALARIA_EST_CASES,Estimated number of malaria cases,text,AMR,Americas,Country,COL,Colombia,Year,2016,false,,,,,,,,,,,,,115550,,,88000,,144000,115 550 [88 000-144 000],,,EN,2025-12-19T00:00:00.000Z
MALARIA_EST_CASES,Estimated number of malaria cases,text,AMR,Americas,Country,ECU,Ecuador,Year,2016,false,,,,,,,,,,,,,1191,,,,,,1191,,,EN,2025-12-19T00:00:00.000Z
MALARIA_EST_CASES,Estimated number of malaria cases,text,AMR,Americas,Country,SLV,El Salvador,Year,2016,false,,,,,,,,,,,,,12,,,,,,12,,,EN,2025-12-19T00:00:00.000Z
MALARIA_EST_CASES,Estimated number of malaria cases,text,SEAR,South-East Asia,Country,THA,Thailand,Year,2016,false,,,,,,,,,,,,,12076,,,,,,12 076,,,EN,2025-12-19T00:00:00.000Z
MALARIA_EST_CASES,Estimated number of malaria cases,text,WPR,Western Pacific,Country,KHM,Cambodia,Year,2016,false,,,,,,,,,,,,,124137,,,107000,,146000,124 137 [107 000-146 000],,,EN,2025-12-19T00:00:00.000Z
MALARIA_EST_CASES,Estimated number of malaria cases,text,EMR,Eastern Mediterranean,Country,DJI,Djibouti,Year,2016,false,,,,,,,,,,,,,13822,,,,,,13 822,,,EN,2025-12-19T00:00:00.000Z
MALARIA_EST_CASES,Estimated number of malaria cases,text,AMR,Americas,Country,BRA,Brazil,Year,2016,false,,,,,,,,,,,,,132022,,,127000,,141000,132 022 [127 000-141 000],,,EN,2025-12-19T00:00:00.000Z
MALARIA_EST_CASES,Estimated number of malaria cases,text,AFR,Africa,Country,GNB,Guinea-Bissau,Year,2016,false,,,,,,,,,,,,,135861,,,45000,,312000,135 861 [45 000-312 000],,,EN,2025-12-19T00:00:00.000Z
MALARIA_EST_CASES,Estimated number of malaria cases,text,AFR,Africa,Country,COM,Comoros,Year,2016,false,,,,,,,,,,,,,1467,,,,,,1467,,,EN,2025-12-19T00:00:00.000Z
MALARIA_EST_CASES,Estimated number of malaria cases,text,SEAR,South-East Asia,Country,BTN,Bhutan,Year,2016,false,,,,,,,,,,,,,15,,,,,,15,,,EN,2025-12-19T00:00:00.000Z
MALARIA_EST_CASES,Estimated number of malaria cases,text,SEAR,South-East Asia,Country,MMR,Myanmar,Year,2016,false,,,,,,,,,,,,,162032,,,131000,,195000,162 032 [131 000-195 000],,,EN,2025-12-19T00:00:00.000Z
MALARIA_EST_CASES,Estimated number of malaria cases,text,WPR,Western Pacific,Country,PHL,Philippines,Year,2016,false,,,,,,,,,,,,,17308,,,12000,,23000,17 308 [12 000-23 000],,,EN,2025-12-19T00:00:00.000Z
MALARIA_EST_CASES,Estimated number of malaria cases,text,AFR,Africa,Country,MYT,Mayotte,Year,2016,false,,,,,,,,,,,,,18,,,18,,18,18 [18-18],,,EN,2025-12-19T00:00:00.000Z
MALARIA_EST_CASES,Estimated number of malaria cases,text,AMR,Americas,Country,GUY,Guyana,Year,2016,false,,,,,,,,,,,,,19317,,,14000,,26000,19 317 [14 000-26 000],,,EN,2025-12-19T00:00:00.000Z
MALARIA_EST_CASES,Estimated number of malaria cases,text,EMR,Eastern Mediterranean,Country,SDN,Sudan,Year,2016,false,,,,,,,,,,,,,2080899,,,1623000,,2638000,2 080 899 [1 623 000-2 638 000],,,EN,2025-12-19T00:00:00.000Z
MALARIA_EST_CASES,Estimated number of malaria cases,text,AFR,Africa,Country,SLE,Sierra Leone,Year,2016,false,,,,,,,,,,,,,2619598,,,2102000,,3228000,2 619 598 [2 102 000-3 228 000],,,EN,2025-12-19T00:00:00.000Z
MALARIA_EST_CASES,Estimated number of malaria cases,text,AFR,Africa,Country,SSD,South Sudan,Year,2016,false,,,,,,,,,,,,,2877621,,,2033000,,3981000,2 877 621 [2 033 000-3 981 000],,,EN,2025-12-19T00:00:00.000Z
MALARIA_EST_CASES,Estimated number of malaria cases,text,AFR,Africa,Country,TGO,Togo,Year,2016,false,,,,,,,,,,,,,2896314,,,2340000,,3547000,2 896 314 [2 340 000-3 547 000],,,EN,2025-12-19T00:00:00.000Z
MALARIA_EST_CASES,Estimated number of malaria cases,text,AFR,Africa,Country,STP,Sao Tome and Principe,Year,2016,false,,,,,,,,,,,,,2238,,,,,,2238,,,EN,2025-12-19T00:00:00.000Z
MALARIA_EST_CASES,Estimated number of malaria cases,text,AFR,Africa,Country,SWZ,Eswatini,Year,2016,false,,,,,,,,,,,,,250,,,,,,250,,,EN,2025-12-19T00:00:00.000Z
MALARIA_EST_CASES,Estimated number of malaria cases,text,AFR,Africa,Country,COD,Democratic Republic of the Congo,Year,2016,false,,,,,,,,,,,,,26049693,,,19960000,,33530000,26 049 693 [19 960 000-33 530 000],,,EN,2025-12-19T00:00:00.000Z
MALARIA_EST_CASES,Estimated number of malaria cases,text,WPR,Western Pacific,Country,LAO,Lao People's Democratic Republic,Year,2016,false,,,,,,,,,,,,,26862,,,19000,,36000,26 862 [19 000-36 000],,,EN,2025-12-19T00:00:00.000Z
MALARIA_EST_CASES,Estimated number of malaria cases,text,WPR,Western Pacific,Country,MYS,Malaysia,Year,2016,false,,,,,,,,,,,,,266,,,,,,266,,,EN,2025-12-19T00:00:00.000Z
MALARIA_EST_CASES,Estimated number of malaria cases,text,AMR,Americas,Country,GUF,French Guiana,Year,2016,false,,,,,,,,,,,,,268,,,240,,310,268 [240-310],,,EN,2025-12-19T00:00:00.000Z
MALARIA_EST_CASES,Estimated number of malaria cases,text,EMR,Eastern Mediterranean,Country,SAU,Saudi Arabia,Year,2016,false,,,,,,,,,,,,,272,,,,,,272,,,EN,2025-12-19T00:00:00.000Z
MALARIA_EST_CASES,Estimated number of malaria cases,text,AMR,Americas,Country,VEN,Venezuela (Bolivarian Republic of),Year,2016,false,,,,,,,,,,,,,281817,,,251000,,324000,281 817 [251 000-324 000],,,EN,2025-12-19T00:00:00.000Z
MALARIA_EST_CASES,Estimated number of malaria cases,text,AFR,Africa,Country,GMB,Gambia,Year,2016,false,,,,,,,,,,,,,297058,,,225000,,376000,297 058 [225 000-376 000],,,EN,2025-12-19T00:00:00.000Z
MALARIA_EST_CASES,Estimated number of malaria cases,text,AFR,Africa,Country,TCD,Chad,Year,2016,false,,,,,,,,,,,,,3203597,,,1953000,,4925000,3 203 597 [1 953 000-4 925 000],,,EN,2025-12-19T00:00:00.000Z
MALARIA_EST_CASES,Estimated number of malaria cases,text,AFR,Africa,Country,BDI,Burundi,Year,2016,false,,,,,,,,,,,,,3611287,,,2886000,,4469000,3 611 287 [2 886 000-4 469 000],,,EN,2025-12-19T00:00:00.000Z
MALARIA_EST_CASES,Estimated number of malaria cases,text,AFR,Africa,Country,KEN,Kenya,Year,2016,false,,,,,,,,,,,,,3719331,,,2661000,,5115000,3 719 331 [2 661 000-5 115 000],,,EN,2025-12-19T00:00:00.000Z
MALARIA_EST_CASES,Estimated number of malaria cases,text,AFR,Africa,Country,ZMB,Zambia,Year,2016,false,,,,,,,,,,,,,3874779,,,3091000,,4797000,3 874 779 [3 091 000-4 797 000],,,EN,2025-12-19T00:00:00.000Z
MALARIA_EST_CASES,Estimated number of malaria cases,text,SEAR,South-East Asia,Country,BGD,Bangladesh,Year,2016,false,,,,,,,,,,,,,31621,,,29000,,35000,31 621 [29 000-35 000],,,EN,2025-12-19T00:00:00.000Z
MALARIA_EST_CASES,Estimated number of malaria cases,text,AFR,Africa,Country,NAM,Namibia,Year,2016,false,,,,,,,,,,,,,32052,,,25000,,39000,32 052 [25 000-39 000],,,EN,2025-12-19T00:00:00.000Z
MALARIA_EST_CASES,Estimated number of malaria cases,text,SEAR,South-East Asia,Country,NPL,Nepal,Year,2016,false,,,,,,,,,,,,,3353,,,2300,,5800,3353 [2300-5800],,,EN,2025-12-19T00:00:00.000Z
MALARIA_EST_CASES,Estimated number of malaria cases,text,AMR,Americas,Country,HTI,Haiti,Year,2016,false,,,,,,,,,,,,,36279,,,24000,,49000,36 279 [24 000-49 000],,,EN,2025-12-19T00:00:00.000Z
MALARIA_EST_CASES,Estimated number of malaria cases,text,AFR,Africa,Country,GAB,Gabon,Year,2016,false,,,,,,,,,,,,,383407,,,226000,,611000,383 407 [226 000-611 000],,,EN,2025-12-19T00:00:00.000Z
MALARIA_EST_CASES,Estimated number of malaria cases,text,AFR,Africa,Country,MRT,Mauritania,Year,2016,false,,,,,,,,,,,,,386314,,,165000,,725000,386 314 [165 000-725 000],,,EN,2025-12-19T00:00:00.000Z
MALARIA_EST_CASES,Estimated number of malaria cases,text,AMR,Americas,Country,BLZ,Belize,Year,2016,false,,,,,,,,,,,,,4,,,,,,4,,,EN,2025-12-19T00:00:00.000Z
MALARIA_EST_CASES,Estimated number of malaria cases,text,AMR,Americas,Country,CRI,Costa Rica,Year,2016,false,,,,,,,,,,,,,4,,,,,,4,,,EN,2025-12-19T00:00:00.000Z
MALARIA_EST_CASES,Estimated number of malaria cases,text,AFR,Africa,Country,GIN,Guinea,Year,2016,false,,,,,,,,,,,,,4425005,,,3262000,,5898000,4 425 005 [3 262 000-5 898 000],,,EN,2025-12-19T00:00:00.000Z
MALARIA_EST_CASES,Estimated number of malaria cases,text,AFR,Africa,Country,MWI,Malawi,Year,2016,false,,,,,,,,,,,,,4581211,,,3508000,,5918000,4 581 211 [3 508 000-5 918 000],,,EN,2025-12-19T00:00:00.000Z
MALARIA_EST_CASES,Estimated number of malaria cases,text,AFR,Africa,Country,BEN,Benin,Year,2016,false,,,,,,,,,,,,,4865347,,,3930000,,5975000,4 865 347 [3 930 000-5 975 000],,,EN,2025-12-19T00:00:00.000Z
MALARIA_EST_CASES,Estimated number of malaria cases,text,AFR,Africa,Country,RWA,Rwanda,Year,2016,false,,,,,,,,,,,,,4887836,,,3595000,,6237000,4 887 836 [3 595 000-6 237 000],,,EN,2025-12-19T00:00:00.000Z
MALARIA_EST_CASES,Estimated number of malaria cases,text,AFR,Africa,Country,ZAF,South Africa,Year,2016,false,,,,,,,,,,,,,4323,,,,,,4323,,,EN,2025-12-19T00:00:00.000Z
MALARIA_EST_CASES,Estimated number of malaria cases,text,WPR,Western Pacific,Country,VUT,Vanuatu,Year,2016,false,,,,,,,,,,,,,4643,,,3300,,6600,4643 [3300-6600],,,EN,2025-12-19T00:00:00.000Z
MALARIA_EST_CASES,Estimated number of malaria cases,text,AFR,Africa,Country,GNQ,Equatorial Guinea,Year,2016,false,,,,,,,,,,,,,475401,,,311000,,702000,475 401 [311 000-702 000],,,EN,2025-12-19T00:00:00.000Z
MALARIA_EST_CASES,Estimated number of malaria cases,text,AFR,Africa,Country,CPV,Cabo Verde,Year,2016,false,,,,,,,,,,,,,49,,,,,,49,,,EN,2025-12-19T00:00:00.000Z
MALARIA_EST_CASES,Estimated number of malaria cases,text,EMR,Eastern Mediterranean,Country,IRQ,Iraq,Year,2016,false,,,,,,,,,,,,,5,,,,,,5,,,EN,2025-12-19T00:00:00.000Z
MALARIA_EST_CASES,Estimated number of malaria cases,text,AFR,Africa,Country,AGO,Angola,Year,2016,false,,,,,,,,,,,,,5538352,,,4284000,,7023000,5 538 352 [4 284 000-7 023 000],,,EN,2025-12-19T00:00:00.000Z
MALARIA_EST_CASES,Estimated number of malaria cases,text,WPR,Western Pacific,Country,VNM,Viet Nam,Year,2016,false,,,,,,,,,,,,,5024,,,4600,,5600,5024 [4600-5600],,,EN,2025-12-19T00:00:00.000Z
MALARIA_EST_CASES,Estimated number of malaria cases,text,SEAR,South-East Asia,Country,PRK,Democratic People's Republic of Korea,Year,2016,false,,,,,,,,,,,,,5033,,,,,,5033,,,EN,2025-12-19T00:00:00.000Z
MALARIA_EST_CASES,Estimated number of malaria cases,text,AFR,Africa,Country,NGA,Nigeria,Year,2016,false,,,,,,,,,,,,,55667334,,,44060000,,69130000,55 667 334 [44 060 000-69 130 000],,,EN,2025-12-19T00:00:00.000Z
MALARIA_EST_CASES,Estimated number of malaria cases,text,AMR,Americas,Country,MEX,Mexico,Year,2016,false,,,,,,,,,,,,,551,,,,,,551,,,EN,2025-12-19T00:00:00.000Z
MALARIA_EST_CASES,Estimated number of malaria cases,text,AMR,Americas,Country,HND,Honduras,Year,2016,false,,,,,,,,,,,,,5602,,,4400,,6900,5602 [4400-6900],,,EN,2025-12-19T00:00:00.000Z
MALARIA_EST_CASES,Estimated number of malaria cases,text,AMR,Americas,Country,GTM,Guatemala,Year,2016,false,,,,,,,,,,,,,5856,,,5200,,6700,5856 [5200-6700],,,EN,2025-12-19T00:00:00.000Z
MALARIA_EST_CASES,Estimated number of malaria cases,text,AFR,Africa,Country,CMR,Cameroon,Year,2016,false,,,,,,,,,,,,,6298245,,,4631000,,8351000,6 298 245 [4 631 000-8 351 000],,,EN,2025-12-19T00:00:00.000Z
MALARIA_EST_CASES,Estimated number of malaria cases,text,AFR,Africa,Country,CIV,Cote d'Ivoire,Year,2016,false,,,,,,,,,,,,,6707955,,,4189000,,10190000,6 707 955 [4 189 000-10 190 000],,,EN,2025-12-19T00:00:00.000Z
MALARIA_EST_CASES,Estimated number of malaria cases,text,AFR,Africa,Country,ETH,Ethiopia,Year,2016,false,,,,,,,,,,,,,6740580,,,2821000,,12470000,6 740 580 [2 821 000-12 470 000],,,EN,2025-12-19T00:00:00.000Z
MALARIA_EST_CASES,Estimated number of malaria cases,text,WPR,Western Pacific,Country,KOR,Republic of Korea,Year,2016,false,,,,,,,,,,,,,602,,,,,,602,,,EN,2025-12-19T00:00:00.000Z
MALARIA_EST_CASES,Estimated number of malaria cases,text,EMR,Eastern Mediterranean,Country,YEM,Yemen,Year,2016,false,,,,,,,,,,,,,677058,,,464000,,996000,677 058 [464 000-996 000],,,EN,2025-12-19T00:00:00.000Z
MALARIA_EST_CASES,Estimated number of malaria cases,text,AFR,Africa,Country,SEN,Senegal,Year,2016,false,,,,,,,,,,,,,684129,,,470000,,924000,684 129 [470 000-924 000],,,EN,2025-12-19T00:00:00.000Z
MALARIA_EST_CASES,Estimated number of malaria cases,text,AFR,Africa,Country,MLI,Mali,Year,2016,false,,,,,,,,,,,,,7184988,,,5063000,,10200000,7 184 988 [5 063 000-10 200 000],,,EN,2025-12-19T00:00:00.000Z
MALARIA_EST_CASES,Estimated number of malaria cases,text,AFR,Africa,Country,GHA,Ghana,Year,2016,false,,,,,,,,,,,,,7190096,,,5548000,,9186000,7 190 096 [5 548 000-9 186 000],,,EN,2025-12-19T00:00:00.000Z
MALARIA_EST_CASES,Estimated number of malaria cases,text,AFR,Africa,Country,TZA,United Republic of Tanzania,Year,2016,false,,,,,,,,,,,,,7214935,,,5360000,,9545000,7 214 935 [5 360 000-9 545 000],,,EN,2025-12-19T00:00:00.000Z
MALARIA_EST_CASES,Estimated number of malaria cases,text,AFR,Africa,Country,BFA,Burkina Faso,Year,2016,false,,,,,,,,,,,,,7215226,,,5351000,,9555000,7 215 226 [5 351 000-9 555 000],,,EN,2025-12-19T00:00:00.000Z
MALARIA_EST_CASES,Estimated number of malaria cases,text,SEAR,South-East Asia,Country,IND,India,Year,2016,false,,,,,,,,,,,,,7900142,,,6161000,,9911000,7 900 142 [6 161 000-9 911 000],,,EN,2025-12-19T00:00:00.000Z
MALARIA_EST_CASES,Estimated number of malaria cases,text,AMR,Americas,Country,PER,Peru,Year,2016,false,,,,,,,,,,,,,72836,,,60000,,87000,72 836 [60 000-87 000],,,EN,2025-12-19T00:00:00.000Z
MALARIA_EST_CASES,Estimated number of malaria cases,text,EMR,Eastern Mediterranean,Country,AFG,Afghanistan,Year,2016,false,,,,,,,,,,,,,733205,,,532000,,985000,733 205 [532 000-985 000],,,EN,2025-12-19T00:00:00.000Z
MALARIA_EST_CASES,Estimated number of malaria cases,text,AMR,Americas,Country,BOL,Bolivia (Plurinational State of),Year,2016,false,,,,,,,,,,,,,7510,,,5900,,9200,7510 [5900-9200],,,EN,2025-12-19T00:00:00.000Z
MALARIA_EST_CASES,Estimated number of malaria cases,text,AFR,Africa,Country,ZWE,Zimbabwe,Year,2016,false,,,,,,,,,,,,,760626,,,498000,,1052000,760 626 [498 000-1 052 000],,,EN,2025-12-19T00:00:00.000Z
MALARIA_EST_CASES,Estimated number of malaria cases,text,AMR,Americas,Country,SUR,Suriname,Year,2016,false,,,,,,,,,,,,,78,,,,,,78,,,EN,2025-12-19T00:00:00.000Z
MALARIA_EST_CASES,Estimated number of malaria cases,text,EMR,Eastern Mediterranean,Country,SOM,Somalia,Year,2016,false,,,,,,,,,,,,,792745,,,459000,,1277000,792 745 [459 000-1 277 000],,,EN,2025-12-19T00:00:00.000Z
MALARIA_EST_CASES,Estimated number of malaria cases,text,AMR,Americas,Country,NIC,Nicaragua,Year,2016,false,,,,,,,,,,,,,7943,,,6600,,9400,7943 [6600-9400],,,EN,2025-12-19T00:00:00.000Z
MALARIA_EST_CASES,Estimated number of malaria cases,text,AFR,Africa,Country,NER,Niger,Year,2016,false,,,,,,,,,,,,,8053568,,,5142000,,12120000,8 053 568 [5 142 000-12 120 000],,,EN,2025-12-19T00:00:00.000Z
MALARIA_EST_CASES,Estimated number of malaria cases,text,AMR,Americas,Country,PAN,Panama,Year,2016,false,,,,,,,,,,,,,809,,,780,,860,809 [780-860],,,EN,2025-12-19T00:00:00.000Z
MALARIA_EST_CASES,Estimated number of malaria cases,text,EMR,Eastern Mediterranean,Country,IRN,Iran (Islamic Republic of),Year,2016,false,,,,,,,,,,,,,81,,,,,,81,,,EN,2025-12-19T00:00:00.000Z
MALARIA_EST_CASES,Estimated number of malaria cases,text,AMR,Americas,Country,DOM,Dominican Republic,Year,2016,false,,,,,,,,,,,,,836,,,720,,960,836 [720-960],,,EN,2025-12-19T00:00:00.000Z
MALARIA_EST_CASES,Estimated number of malaria cases,text,WPR,Western Pacific,Country,SLB,Solomon Islands,Year,2016,false,,,,,,,,,,,,,84179,,,72000,,101000,84 179 [72 000-101 000],,,EN,2025-12-19T00:00:00.000Z
MALARIA_EST_CASES,Estimated number of malaria cases,text,AFR,Africa,Country,ERI,Eritrea,Year,2016,false,,,,,,,,,,,,,86561,,,47000,,138000,86 561 [47 000-138 000],,,EN,2025-12-19T00:00:00.000Z
MALARIA_EST_CASES,Estimated number of malaria cases,text,AFR,Africa,Country,MOZ,Mozambique,Year,2016,false,,,,,,,,,,,,,9437041,,,7636000,,11550000,9 437 041 [7 636 000-11 550 000],,,EN,2025-12-19T00:00:00.000Z
MALARIA_EST_CASES,Estimated number of malaria cases,text,AFR,Africa,Country,BWA,Botswana,Year,2016,false,,,,,,,,,,,,,986,,,760,,1400,986 [760-1400],,,EN,2025-12-19T00:00:00.000Z
MALARIA_EST_CASES,Estimated number of malaria cases,text,AFR,Africa,Country,DZA,Algeria,Year,2015,false,,,,,,,,,,,,,0,,,,,,0,,,EN,2025-12-19T00:00:00.000Z
MALARIA_EST_CASES,Estimated number of malaria cases,text,AMR,Americas,Country,ARG,Argentina,Year,2015,false,,,,,,,,,,,,,0,,,,,,0,,,EN,2025-12-19T00:00:00.000Z
MALARIA_EST_CASES,Estimated number of malaria cases,text,EUR,Europe,Country,ARM,Armenia,Year,2015,false,,,,,,,,,,,,,0,,,,,,0,,,EN,2025-12-19T00:00:00.000Z
MALARIA_EST_CASES,Estimated number of malaria cases,text,EUR,Europe,Country,AZE,Azerbaijan,Year,2015,false,,,,,,,,,,,,,0,,,,,,0,,,EN,2025-12-19T00:00:00.000Z
MALARIA_EST_CASES,Estimated number of malaria cases,text,AMR,Americas,Country,CRI,Costa Rica,Year,2015,false,,,,,,,,,,,,,0,,,,,,0,,,EN,2025-12-19T00:00:00.000Z
MALARIA_EST_CASES,Estimated number of malaria cases,text,EMR,Eastern Mediterranean,Country,EGY,Egypt,Year,2015,false,,,,,,,,,,,,,0,,,,,,0,,,EN,2025-12-19T00:00:00.000Z
MALARIA_EST_CASES,Estimated number of malaria cases,text,EUR,Europe,Country,GEO,Georgia,Year,2015,false,,,,,,,,,,,,,0,,,,,,0,,,EN,2025-12-19T00:00:00.000Z
MALARIA_EST_CASES,Estimated number of malaria cases,text,EMR,Eastern Mediterranean,Country,IRQ,Iraq,Year,2015,false,,,,,,,,,,,,,0,,,,,,0,,,EN,2025-12-19T00:00:00.000Z
MALARIA_EST_CASES,Estimated number of malaria cases,text,EUR,Europe,Country,KAZ,Kazakhstan,Year,2015,false,,,,,,,,,,,,,0,,,,,,0,,,EN,2025-12-19T00:00:00.000Z
MALARIA_EST_CASES,Estimated number of malaria cases,text,EUR,Europe,Country,KGZ,Kyrgyzstan,Year,2015,false,,,,,,,,,,,,,0,,,,,,0,,,EN,2025-12-19T00:00:00.000Z
MALARIA_EST_CASES,Estimated number of malaria cases,text,EMR,Eastern Mediterranean,Country,MAR,Morocco,Year,2015,false,,,,,,,,,,,,,0,,,,,,0,,,EN,2025-12-19T00:00:00.000Z
MALARIA_EST_CASES,Estimated number of malaria cases,text,EMR,Eastern Mediterranean,Country,OMN,Oman,Year,2015,false,,,,,,,,,,,,,0,,,,,,0,,,EN,2025-12-19T00:00:00.000Z
MALARIA_EST_CASES,Estimated number of malaria cases,text,AMR,Americas,Country,PRY,Paraguay,Year,2015,false,,,,,,,,,,,,,0,,,,,,0,,,EN,2025-12-19T00:00:00.000Z
MALARIA_EST_CASES,Estimated number of malaria cases,text,SEAR,South-East Asia,Country,LKA,Sri Lanka,Year,2015,false,,,,,,,,,,,,,0,,,,,,0,,,EN,2025-12-19T00:00:00.000Z
MALARIA_EST_CASES,Estimated number of malaria cases,text,EMR,Eastern Mediterranean,Country,SYR,Syrian Arab Republic,Year,2015,false,,,,,,,,,,,,,0,,,,,,0,,,EN,2025-12-19T00:00:00.000Z
MALARIA_EST_CASES,Estimated number of malaria cases,text,EUR,Europe,Country,TUR,Türkiye,Year,2015,false,,,,,,,,,,,,,0,,,,,,0,,,EN,2025-12-19T00:00:00.000Z
MALARIA_EST_CASES,Estimated number of malaria cases,text,EUR,Europe,Country,TJK,Tajikistan,Year,2015,false,,,,,,,,,,,,,0,,,,,,0,,,EN,2025-12-19T00:00:00.000Z
MALARIA_EST_CASES,Estimated number of malaria cases,text,EUR,Europe,Country,TKM,Turkmenistan,Year,2015,false,,,,,,,,,,,,,0,,,,,,0,,,EN,2025-12-19T00:00:00.000Z
MALARIA_EST_CASES,Estimated number of malaria cases,text,EMR,Eastern Mediterranean,Country,ARE,United Arab Emirates,Year,2015,false,,,,,,,,,,,,,0,,,,,,0,,,EN,2025-12-19T00:00:00.000Z
MALARIA_EST_CASES,Estimated number of malaria cases,text,EUR,Europe,Country,UZB,Uzbekistan,Year,2015,false,,,,,,,,,,,,,0,,,,,,0,,,EN,2025-12-19T00:00:00.000Z
MALARIA_EST_CASES,Estimated number of malaria cases,text,AFR,Africa,Country,MYT,Mayotte,Year,2015,false,,,,,,,,,,,,,1,,,1,,1,1 [1-1],,,EN,2025-12-19T00:00:00.000Z
MALARIA_EST_CASES,Estimated number of malaria cases,text,EMR,Eastern Mediterranean,Country,PAK,Pakistan,Year,2015,false,,,,,,,,,,,,,1000339,,,521000,,2050000,1 000 339 [521 000-2 050 000],,,EN,2025-12-19T00:00:00.000Z
MALARIA_EST_CASES,Estimated number of malaria cases,text,AFR,Africa,Country,SEN,Senegal,Year,2015,false,,,,,,,,,,,,,1010929,,,687000,,1370000,1 010 929 [687 000-1 370 000],,,EN,2025-12-19T00:00:00.000Z
MALARIA_EST_CASES,Estimated number of malaria cases,text,WPR,Western Pacific,Country,IDN,Indonesia,Year,2015,false,,,,,,,,,,,,,1039394,,,936000,,1159000,1 039 394 [936 000-1 159 000],,,EN,2025-12-19T00:00:00.000Z
MALARIA_EST_CASES,Estimated number of malaria cases,text,AFR,Africa,Country,ZWE,Zimbabwe,Year,2015,false,,,,,,,,,,,,,1067121,,,727000,,1453000,1 067 121 [727 000-1 453 000],,,EN,2025-12-19T00:00:00.000Z
MALARIA_EST_CASES,Estimated number of malaria cases,text,AFR,Africa,Country,COG,Congo,Year,2015,false,,,,,,,,,,,,,1073627,,,668000,,1624000,1 073 627 [668 000-1 624 000],,,EN,2025-12-19T00:00:00.000Z
MALARIA_EST_CASES,Estimated number of malaria cases,text,AFR,Africa,Country,LBR,Liberia,Year,2015,false,,,,,,,,,,,,,1482326,,,1138000,,1885000,1 482 326 [1 138 000-1 885 000],,,EN,2025-12-19T00:00:00.000Z
MALARIA_EST_CASES,Estimated number of malaria cases,text,EMR,Eastern Mediterranean,Country,SDN,Sudan,Year,2015,false,,,,,,,,,,,,,1731028,,,1294000,,2271000,1 731 028 [1 294 000-2 271 000],,,EN,2025-12-19T00:00:00.000Z
MALARIA_EST_CASES,Estimated number of malaria cases,text,AFR,Africa,Country,CAF,Central African Republic,Year,2015,false,,,,,,,,,,,,,1899456,,,1076000,,3111000,1 899 456 [1 076 000-3 111 000],,,EN,2025-12-19T00:00:00.000Z
MALARIA_EST_CASES,Estimated number of malaria cases,text,AFR,Africa,Country,UGA,Uganda,Year,2015,false,,,,,,,,,,,,,10835166,,,8251000,,13940000,10 835 166 [8 251 000-13 940 000],,,EN,2025-12-19T00:00:00.000Z
MALARIA_EST_CASES,Estimated number of malaria cases,text,WPR,Western Pacific,Country,VNM,Viet Nam,Year,2015,false,,,,,,,,,,,,,11283,,,10000,,13000,11 283 [10 000-13 000],,,EN,2025-12-19T00:00:00.000Z
MALARIA_EST_CASES,Estimated number of malaria cases,text,SEAR,South-East Asia,Country,TLS,Timor-Leste,Year,2015,false,,,,,,,,,,,,,110,,,93,,130,110 [93-130],,,EN,2025-12-19T00:00:00.000Z
MALARIA_EST_CASES,Estimated number of malaria cases,text,AFR,Africa,Country,NAM,Namibia,Year,2015,false,,,,,,,,,,,,,15052,,,12000,,18000,15 052 [12 000-18 000],,,EN,2025-12-19T00:00:00.000Z
MALARIA_EST_CASES,Estimated number of malaria cases,text,AMR,Americas,Country,VEN,Venezuela (Bolivarian Republic of),Year,2015,false,,,,,,,,,,,,,159668,,,142000,,184000,159 668 [142 000-184 000],,,EN,2025-12-19T00:00:00.000Z
MALARIA_EST_CASES,Estimated number of malaria cases,text,AFR,Africa,Country,GNB,Guinea-Bissau,Year,2015,false,,,,,,,,,,,,,160057,,,66000,,331000,160 057 [66 000-331 000],,,EN,2025-12-19T00:00:00.000Z
MALARIA_EST_CASES,Estimated number of malaria cases,text,AMR,Americas,Country,BRA,Brazil,Year,2015,false,,,,,,,,,,,,,164589,,,147000,,178000,164 589 [147 000-178 000],,,EN,2025-12-19T00:00:00.000Z
MALARIA_EST_CASES,Estimated number of malaria cases,text,EMR,Eastern Mediterranean,Country,IRN,Iran (Islamic Republic of),Year,2015,false,,,,,,,,,,,,,167,,,,,,167,,,EN,2025-12-19T00:00:00.000Z
MALARIA_EST_CASES,Estimated number of malaria cases,text,SEAR,South-East Asia,Country,THA,Thailand,Year,2015,false,,,,,,,,,,,,,17494,,,,,,17 494,,,EN,2025-12-19T00:00:00.000Z
MALARIA_EST_CASES,Estimated number of malaria cases,text,AMR,Americas,Country,GUY,Guyana,Year,2015,false,,,,,,,,,,,,,18030,,,14000,,25000,18 030 [14 000-25 000],,,EN,2025-12-19T00:00:00.000Z
MALARIA_EST_CASES,Estimated number of malaria cases,text,AFR,Africa,Country,COM,Comoros,Year,2015,false,,,,,,,,,,,,,1884,,,,,,1884,,,EN,2025-12-19T00:00:00.000Z
MALARIA_EST_CASES,Estimated number of malaria cases,text,AFR,Africa,Country,SLE,Sierra Leone,Year,2015,false,,,,,,,,,,,,,2588604,,,2069000,,3204000,2 588 604 [2 069 000-3 204 000],,,EN,2025-12-19T00:00:00.000Z
MALARIA_EST_CASES,Estimated number of malaria cases,text,AFR,Africa,Country,MDG,Madagascar,Year,2015,false,,,,,,,,,,,,,2720036,,,1927000,,3652000,2 720 036 [1 927 000-3 652 000],,,EN,2025-12-19T00:00:00.000Z
MALARIA_EST_CASES,Estimated number of malaria cases,text,AFR,Africa,Country,TGO,Togo,Year,2015,false,,,,,,,,,,,,,2853364,,,2310000,,3483000,2 853 364 [2 310 000-3 483 000],,,EN,2025-12-19T00:00:00.000Z
MALARIA_EST_CASES,Estimated number of malaria cases,text,AFR,Africa,Country,SSD,South Sudan,Year,2015,false,,,,,,,,,,,,,2991345,,,2159000,,4035000,2 991 345 [2 159 000-4 035 000],,,EN,2025-12-19T00:00:00.000Z
MALARIA_EST_CASES,Estimated number of malaria cases,text,AFR,Africa,Country,STP,Sao Tome and Principe,Year,2015,false,,,,,,,,,,,,,2056,,,,,,2056,,,EN,2025-12-19T00:00:00.000Z
MALARIA_EST_CASES,Estimated number of malaria cases,text,WPR,Western Pacific,Country,KHM,Cambodia,Year,2015,false,,,,,,,,,,,,,218837,,,189000,,256000,218 837 [189 000-256 000],,,EN,2025-12-19T00:00:00.000Z
MALARIA_EST_CASES,Estimated number of malaria cases,text,AFR,Africa,Country,COD,Democratic Republic of the Congo,Year,2015,false,,,,,,,,,,,,,24556966,,,18950000,,31200000,24 556 966 [18 950 000-31 200 000],,,EN,2025-12-19T00:00:00.000Z
MALARIA_EST_CASES,Estimated number of malaria cases,text,WPR,Western Pacific,Country,MYS,Malaysia,Year,2015,false,,,,,,,,,,,,,242,,,,,,242,,,EN,2025-12-19T00:00:00.000Z
MALARIA_EST_CASES,Estimated number of malaria cases,text,WPR,Western Pacific,Country,PHL,Philippines,Year,2015,false,,,,,,,,,,,,,27904,,,20000,,37000,27 904 [20 000-37 000],,,EN,2025-12-19T00:00:00.000Z
MALARIA_EST_CASES,Estimated number of malaria cases,text,SEAR,South-East Asia,Country,MMR,Myanmar,Year,2015,false,,,,,,,,,,,,,271652,,,220000,,328000,271 652 [220 000-328 000],,,EN,2025-12-19T00:00:00.000Z
MALARIA_EST_CASES,Estimated number of malaria cases,text,AMR,Americas,Country,NIC,Nicaragua,Year,2015,false,,,,,,,,,,,,,2886,,,2400,,3400,2886 [2400-3400],,,EN,2025-12-19T00:00:00.000Z
MALARIA_EST_CASES,Estimated number of malaria cases,text,AFR,Africa,Country,MRT,Mauritania,Year,2015,false,,,,,,,,,,,,,291679,,,110000,,582000,291 679 [110 000-582 000],,,EN,2025-12-19T00:00:00.000Z
MALARIA_EST_CASES,Estimated number of malaria cases,text,AFR,Africa,Country,TCD,Chad,Year,2015,false,,,,,,,,,,,,,3115147,,,1925000,,4747000,3 115 147 [1 925 000-4 747 000],,,EN,2025-12-19T00:00:00.000Z
MALARIA_EST_CASES,Estimated number of malaria cases,text,AFR,Africa,Country,BDI,Burundi,Year,2015,false,,,,,,,,,,,,,3148549,,,2430000,,4019000,3 148 549 [2 430 000-4 019 000],,,EN,2025-12-19T00:00:00.000Z
MALARIA_EST_CASES,Estimated number of malaria cases,text,AFR,Africa,Country,RWA,Rwanda,Year,2015,false,,,,,,,,,,,,,3585563,,,2668000,,4539000,3 585 563 [2 668 000-4 539 000],,,EN,2025-12-19T00:00:00.000Z
MALARIA_EST_CASES,Estimated number of malaria cases,text,AFR,Africa,Country,KEN,Kenya,Year,2015,false,,,,,,,,,,,,,3851683,,,2815000,,5118000,3 851 683 [2 815 000-5 118 000],,,EN,2025-12-19T00:00:00.000Z
MALARIA_EST_CASES,Estimated number of malaria cases,text,AFR,Africa,Country,ZMB,Zambia,Year,2015,false,,,,,,,,,,,,,3899391,,,3120000,,4823000,3 899 391 [3 120 000-4 823 000],,,EN,2025-12-19T00:00:00.000Z
MALARIA_EST_CASES,Estimated number of malaria cases,text,AFR,Africa,Country,SWZ,Eswatini,Year,2015,false,,,,,,,,,,,,,318,,,,,,318,,,EN,2025-12-19T00:00:00.000Z
MALARIA_EST_CASES,Estimated number of malaria cases,text,AMR,Americas,Country,HTI,Haiti,Year,2015,false,,,,,,,,,,,,,32185,,,21000,,43000,32 185 [21 000-43 000],,,EN,2025-12-19T00:00:00.000Z
MALARIA_EST_CASES,Estimated number of malaria cases,text,SEAR,South-East Asia,Country,BTN,Bhutan,Year,2015,false,,,,,,,,,,,,,34,,,,,,34,,,EN,2025-12-19T00:00:00.000Z
MALARIA_EST_CASES,Estimated number of malaria cases,text,EMR,Eastern Mediterranean,Country,AFG,Afghanistan,Year,2015,false,,,,,,,,,,,,,368235,,,253000,,514000,368 235 [253 000-514 000],,,EN,2025-12-19T00:00:00.000Z
MALARIA_EST_CASES,Estimated number of malaria cases,text,AFR,Africa,Country,GAB,Gabon,Year,2015,false,,,,,,,,,,,,,378319,,,222000,,599000,378 319 [222 000-599 000],,,EN,2025-12-19T00:00:00.000Z
MALARIA_EST_CASES,Estimated number of malaria cases,text,WPR,Western Pacific,Country,CHN,China,Year,2015,false,,,,,,,,,,,,,39,,,,,,39,,,EN,2025-12-19T00:00:00.000Z
MALARIA_EST_CASES,Estimated number of malaria cases,text,WPR,Western Pacific,Country,SLB,Solomon Islands,Year,2015,false,,,,,,,,,,,,,39811,,,33000,,49000,39 811 [33 000-49 000],,,EN,2025-12-19T00:00:00.000Z
MALARIA_EST_CASES,Estimated number of malaria cases,text,AFR,Africa,Country,BEN,Benin,Year,2015,false,,,,,,,,,,,,,4439351,,,3525000,,5524000,4 439 351 [3 525 000-5 524 000],,,EN,2025-12-19T00:00:00.000Z
MALARIA_EST_CASES,Estimated number of malaria cases,text,AFR,Africa,Country,MWI,Malawi,Year,2015,false,,,,,,,,,,,,,4457220,,,3389000,,5736000,4 457 220 [3 389 000-5 736 000],,,EN,2025-12-19T00:00:00.000Z
MALARIA_EST_CASES,Estimated number of malaria cases,text,AFR,Africa,Country,GIN,Guinea,Year,2015,false,,,,,,,,,,,,,4523155,,,3422000,,5928000,4 523 155 [3 422 000-5 928 000],,,EN,2025-12-19T00:00:00.000Z
MALARIA_EST_CASES,Estimated number of malaria cases,text,AFR,Africa,Country,AGO,Angola,Year,2015,false,,,,,,,,,,,,,4912741,,,3760000,,6316000,4 912 741 [3 760 000-6 316 000],,,EN,2025-12-19T00:00:00.000Z
MALARIA_EST_CASES,Estimated number of malaria cases,text,SEAR,South-East Asia,Country,NPL,Nepal,Year,2015,false,,,,,,,,,,,,,4370,,,2400,,9200,4370 [2400-9200],,,EN,2025-12-19T00:00:00.000Z
MALARIA_EST_CASES,Estimated number of malaria cases,text,SEAR,South-East Asia,Country,BGD,Bangladesh,Year,2015,false,,,,,,,,,,,,,45478,,,41000,,50000,45 478 [41 000-50 000],,,EN,2025-12-19T00:00:00.000Z
MALARIA_EST_CASES,Estimated number of malaria cases,text,AFR,Africa,Country,GMB,Gambia,Year,2015,false,,,,,,,,,,,,,450479,,,346000,,566000,450 479 [346 000-566 000],,,EN,2025-12-19T00:00:00.000Z
MALARIA_EST_CASES,Estimated number of malaria cases,text,AFR,Africa,Country,BWA,Botswana,Year,2015,false,,,,,,,,,,,,,455,,,350,,610,455 [350-610],,,EN,2025-12-19T00:00:00.000Z
MALARIA_EST_CASES,Estimated number of malaria cases,text,AMR,Americas,Country,GUF,French Guiana,Year,2015,false,,,,,,,,,,,,,462,,,410,,530,462 [410-530],,,EN,2025-12-19T00:00:00.000Z
MALARIA_EST_CASES,Estimated number of malaria cases,text,AFR,Africa,Country,GNQ,Equatorial Guinea,Year,2015,false,,,,,,,,,,,,,485342,,,334000,,686000,485 342 [334 000-686 000],,,EN,2025-12-19T00:00:00.000Z
MALARIA_EST_CASES,Estimated number of malaria cases,text,AMR,Americas,Country,HND,Honduras,Year,2015,false,,,,,,,,,,,,,4850,,,3800,,6000,4850 [3800-6000],,,EN,2025-12-19T00:00:00.000Z
MALARIA_EST_CASES,Estimated number of malaria cases,text,AFR,Africa,Country,ZAF,South Africa,Year,2015,false,,,,,,,,,,,,,4959,,,,,,4959,,,EN,2025-12-19T00:00:00.000Z
MALARIA_EST_CASES,Estimated number of malaria cases,text,AMR,Americas,Country,SLV,El Salvador,Year,2015,false,,,,,,,,,,,,,5,,,,,,5,,,EN,2025-12-19T00:00:00.000Z
MALARIA_EST_CASES,Estimated number of malaria cases,text,AMR,Americas,Country,MEX,Mexico,Year,2015,false,,,,,,,,,,,,,517,,,,,,517,,,EN,2025-12-19T00:00:00.000Z
MALARIA_EST_CASES,Estimated number of malaria cases,text,EMR,Eastern Mediterranean,Country,YEM,Yemen,Year,2015,false,,,,,,,,,,,,,521856,,,360000,,759000,521 856 [360 000-759 000],,,EN,2025-12-19T00:00:00.000Z
MALARIA_EST_CASES,Estimated number of malaria cases,text,AFR,Africa,Country,NGA,Nigeria,Year,2015,false,,,,,,,,,,,,,54115123,,,43300000,,67110000,54 115 123 [43 300 000-67 110 000],,,EN,2025-12-19T00:00:00.000Z
MALARIA_EST_CASES,Estimated number of malaria cases,text,AMR,Americas,Country,PAN,Panama,Year,2015,false,,,,,,,,,,,,,575,,,550,,610,575 [550-610],,,EN,2025-12-19T00:00:00.000Z
MALARIA_EST_CASES,Estimated number of malaria cases,text,AFR,Africa,Country,CIV,Cote d'Ivoire,Year,2015,false,,,,,,,,,,,,,6112542,,,4040000,,8918000,6 112 542 [4 040 000-8 918 000],,,EN,2025-12-19T00:00:00.000Z
MALARIA_EST_CASES,Estimated number of malaria cases,text,AFR,Africa,Country,CMR,Cameroon,Year,2015,false,,,,,,,,,,,,,6170151,,,4454000,,8307000,6 170 151 [4 454 000-8 307 000],,,EN,2025-12-19T00:00:00.000Z
MALARIA_EST_CASES,Estimated number of malaria cases,text,WPR,Western Pacific,Country,LAO,Lao People's Democratic Republic,Year,2015,false,,,,,,,,,,,,,62489,,,45000,,83000,62 489 [45 000-83 000],,,EN,2025-12-19T00:00:00.000Z
MALARIA_EST_CASES,Estimated number of malaria cases,text,AMR,Americas,Country,ECU,Ecuador,Year,2015,false,,,,,,,,,,,,,627,,,,,,627,,,EN,2025-12-19T00:00:00.000Z
MALARIA_EST_CASES,Estimated number of malaria cases,text,WPR,Western Pacific,Country,KOR,Republic of Korea,Year,2015,false,,,,,,,,,,,,,627,,,,,,627,,,EN,2025-12-19T00:00:00.000Z
MALARIA_EST_CASES,Estimated number of malaria cases,text,AFR,Africa,Country,ERI,Eritrea,Year,2015,false,,,,,,,,,,,,,64020,,,41000,,89000,64 020 [41 000-89 000],,,EN,2025-12-19T00:00:00.000Z
MALARIA_EST_CASES,Estimated number of malaria cases,text,AMR,Americas,Country,GTM,Guatemala,Year,2015,false,,,,,,,,,,,,,6482,,,5800,,7500,6482 [5800-7500],,,EN,2025-12-19T00:00:00.000Z
MALARIA_EST_CASES,Estimated number of malaria cases,text,AFR,Africa,Country,CPV,Cabo Verde,Year,2015,false,,,,,,,,,,,,,7,,,,,,7,,,EN,2025-12-19T00:00:00.000Z
MALARIA_EST_CASES,Estimated number of malaria cases,text,AFR,Africa,Country,MLI,Mali,Year,2015,false,,,,,,,,,,,,,7097168,,,5034000,,10060000,7 097 168 [5 034 000-10 060 000],,,EN,2025-12-19T00:00:00.000Z
MALARIA_EST_CASES,Estimated number of malaria cases,text,AFR,Africa,Country,TZA,United Republic of Tanzania,Year,2015,false,,,,,,,,,,,,,7376748,,,5514000,,9710000,7 376 748 [5 514 000-9 710 000],,,EN,2025-12-19T00:00:00.000Z
MALARIA_EST_CASES,Estimated number of malaria cases,text,AFR,Africa,Country,BFA,Burkina Faso,Year,2015,false,,,,,,,,,,,,,7848131,,,6210000,,9775000,7 848 131 [6 210 000-9 775 000],,,EN,2025-12-19T00:00:00.000Z
MALARIA_EST_CASES,Estimated number of malaria cases,text,AFR,Africa,Country,GHA,Ghana,Year,2015,false,,,,,,,,,,,,,7919823,,,6202000,,9963000,7 919 823 [6 202 000-9 963 000],,,EN,2025-12-19T00:00:00.000Z
MALARIA_EST_CASES,Estimated number of malaria cases,text,SEAR,South-East Asia,Country,IND,India,Year,2015,false,,,,,,,,,,,,,7987645,,,6499000,,9642000,7 987 645 [6 499 000-9 642 000],,,EN,2025-12-19T00:00:00.000Z
MALARIA_EST_CASES,Estimated number of malaria cases,text,SEAR,South-East Asia,Country,PRK,Democratic People's Republic of Korea,Year,2015,false,,,,,,,,,,,,,7022,,,,,,7022,,,EN,2025-12-19T00:00:00.000Z
MALARIA_EST_CASES,Estimated number of malaria cases,text,EMR,Eastern Mediterranean,Country,SOM,Somalia,Year,2015,false,,,,,,,,,,,,,762356,,,500000,,1107000,762 356 [500 000-1 107 000],,,EN,2025-12-19T00:00:00.000Z
MALARIA_EST_CASES,Estimated number of malaria cases,text,AMR,Americas,Country,DOM,Dominican Republic,Year,2015,false,,,,,,,,,,,,,771,,,660,,890,771 [660-890],,,EN,2025-12-19T00:00:00.000Z
MALARIA_EST_CASES,Estimated number of malaria cases,text,AFR,Africa,Country,NER,Niger,Year,2015,false,,,,,,,,,,,,,8073585,,,5143000,,12100000,8 073 585 [5 143 000-12 100 000],,,EN,2025-12-19T00:00:00.000Z
MALARIA_EST_CASES,Estimated number of malaria cases,text,AMR,Americas,Country,SUR,Suriname,Year,2015,false,,,,,,,,,,,,,81,,,,,,81,,,EN,2025-12-19T00:00:00.000Z
MALARIA_EST_CASES,Estimated number of malaria cases,text,EMR,Eastern Mediterranean,Country,SAU,Saudi Arabia,Year,2015,false,,,,,,,,,,,,,83,,,,,,83,,,EN,2025-12-19T00:00:00.000Z
MALARIA_EST_CASES,Estimated number of malaria cases,text,AMR,Americas,Country,COL,Colombia,Year,2015,false,,,,,,,,,,,,,84841,,,63000,,109000,84 841 [63 000-109 000],,,EN,2025-12-19T00:00:00.000Z
MALARIA_EST_CASES,Estimated number of malaria cases,text,AMR,Americas,Country,PER,Peru,Year,2015,false,,,,,,,,,,,,,86896,,,71000,,104000,86 896 [71 000-104 000],,,EN,2025-12-19T00:00:00.000Z
MALARIA_EST_CASES,Estimated number of malaria cases,text,WPR,Western Pacific,Country,VUT,Vanuatu,Year,2015,false,,,,,,,,,,,,,877,,,710,,1100,877 [710-1100],,,EN,2025-12-19T00:00:00.000Z
MALARIA_EST_CASES,Estimated number of malaria cases,text,WPR,Western Pacific,Country,PNG,Papua New Guinea,Year,2015,false,,,,,,,,,,,,,884727,,,577000,,1258000,884 727 [577 000-1 258 000],,,EN,2025-12-19T00:00:00.000Z
MALARIA_EST_CASES,Estimated number of malaria cases,text,AMR,Americas,Country,BLZ,Belize,Year,2015,false,,,,,,,,,,,,,9,,,,,,9,,,EN,2025-12-19T00:00:00.000Z
MALARIA_EST_CASES,Estimated number of malaria cases,text,AFR,Africa,Country,ETH,Ethiopia,Year,2015,false,,,,,,,,,,,,,9186102,,,3497000,,16870000,9 186 102 [3 497 000-16 870 000],,,EN,2025-12-19T00:00:00.000Z
MALARIA_EST_CASES,Estimated number of malaria cases,text,AFR,Africa,Country,MOZ,Mozambique,Year,2015,false,,,,,,,,,,,,,9389145,,,7676000,,11410000,9 389 145 [7 676 000-11 410 000],,,EN,2025-12-19T00:00:00.000Z
MALARIA_EST_CASES,Estimated number of malaria cases,text,AMR,Americas,Country,BOL,Bolivia (Plurinational State of),Year,2015,false,,,,,,,,,,,,,9315,,,7300,,11000,9315 [7300-11 000],,,EN,2025-12-19T00:00:00.000Z
MALARIA_EST_CASES,Estimated number of malaria cases,text,EMR,Eastern Mediterranean,Country,DJI,Djibouti,Year,2015,false,,,,,,,,,,,,,9473,,,,,,9473,,,EN,2025-12-19T00:00:00.000Z
MALARIA_EST_CASES,Estimated number of malaria cases,text,AFR,Africa,Country,DZA,Algeria,Year,2014,false,,,,,,,,,,,,,0,,,,,,0,,,EN,2025-12-19T00:00:00.000Z
MALARIA_EST_CASES,Estimated number of malaria cases,text,AMR,Americas,Country,ARG,Argentina,Year,2014,false,,,,,,,,,,,,,0,,,,,,0,,,EN,2025-12-19T00:00:00.000Z
MALARIA_EST_CASES,Estimated number of malaria cases,text,EUR,Europe,Country,ARM,Armenia,Year,2014,false,,,,,,,,,,,,,0,,,,,,0,,,EN,2025-12-19T00:00:00.000Z
MALARIA_EST_CASES,Estimated number of malaria cases,text,EUR,Europe,Country,AZE,Azerbaijan,Year,2014,false,,,,,,,,,,,,,0,,,,,,0,,,EN,2025-12-19T00:00:00.000Z
MALARIA_EST_CASES,Estimated number of malaria cases,text,AMR,Americas,Country,CRI,Costa Rica,Year,2014,false,,,,,,,,,,,,,0,,,,,,0,,,EN,2025-12-19T00:00:00.000Z
MALARIA_EST_CASES,Estimated number of malaria cases,text,EMR,Eastern Mediterranean,Country,EGY,Egypt,Year,2014,false,,,,,,,,,,,,,0,,,,,,0,,,EN,2025-12-19T00:00:00.000Z
MALARIA_EST_CASES,Estimated number of malaria cases,text,EUR,Europe,Country,GEO,Georgia,Year,2014,false,,,,,,,,,,,,,0,,,,,,0,,,EN,2025-12-19T00:00:00.000Z
MALARIA_EST_CASES,Estimated number of malaria cases,text,EMR,Eastern Mediterranean,Country,IRQ,Iraq,Year,2014,false,,,,,,,,,,,,,0,,,,,,0,,,EN,2025-12-19T00:00:00.000Z
MALARIA_EST_CASES,Estimated number of malaria cases,text,EUR,Europe,Country,KAZ,Kazakhstan,Year,2014,false,,,,,,,,,,,,,0,,,,,,0,,,EN,2025-12-19T00:00:00.000Z
MALARIA_EST_CASES,Estimated number of malaria cases,text,EUR,Europe,Country,KGZ,Kyrgyzstan,Year,2014,false,,,,,,,,,,,,,0,,,,,,0,,,EN,2025-12-19T00:00:00.000Z
MALARIA_EST_CASES,Estimated number of malaria cases,text,EMR,Eastern Mediterranean,Country,MAR,Morocco,Year,2014,false,,,,,,,,,,,,,0,,,,,,0,,,EN,2025-12-19T00:00:00.000Z
MALARIA_EST_CASES,Estimated number of malaria cases,text,EMR,Eastern Mediterranean,Country,OMN,Oman,Year,2014,false,,,,,,,,,,,,,0,,,,,,0,,,EN,2025-12-19T00:00:00.000Z
MALARIA_EST_CASES,Estimated number of malaria cases,text,AMR,Americas,Country,PRY,Paraguay,Year,2014,false,,,,,,,,,,,,,0,,,,,,0,,,EN,2025-12-19T00:00:00.000Z
MALARIA_EST_CASES,Estimated number of malaria cases,text,SEAR,South-East Asia,Country,LKA,Sri Lanka,Year,2014,false,,,,,,,,,,,,,0,,,,,,0,,,EN,2025-12-19T00:00:00.000Z
MALARIA_EST_CASES,Estimated number of malaria cases,text,EMR,Eastern Mediterranean,Country,SYR,Syrian Arab Republic,Year,2014,false,,,,,,,,,,,,,0,,,,,,0,,,EN,2025-12-19T00:00:00.000Z
MALARIA_EST_CASES,Estimated number of malaria cases,text,EUR,Europe,Country,TUR,Türkiye,Year,2014,false,,,,,,,,,,,,,0,,,,,,0,,,EN,2025-12-19T00:00:00.000Z
MALARIA_EST_CASES,Estimated number of malaria cases,text,EUR,Europe,Country,TKM,Turkmenistan,Year,2014,false,,,,,,,,,,,,,0,,,,,,0,,,EN,2025-12-19T00:00:00.000Z
MALARIA_EST_CASES,Estimated number of malaria cases,text,EMR,Eastern Mediterranean,Country,ARE,United Arab Emirates,Year,2014,false,,,,,,,,,,,,,0,,,,,,0,,,EN,2025-12-19T00:00:00.000Z
MALARIA_EST_CASES,Estimated number of malaria cases,text,EUR,Europe,Country,UZB,Uzbekistan,Year,2014,false,,,,,,,,,,,,,0,,,,,,0,,,EN,2025-12-19T00:00:00.000Z
MALARIA_EST_CASES,Estimated number of malaria cases,text,AFR,Africa,Country,MYT,Mayotte,Year,2014,false,,,,,,,,,,,,,1,,,1,,1,1 [1-1],,,EN,2025-12-19T00:00:00.000Z
MALARIA_EST_CASES,Estimated number of malaria cases,text,AFR,Africa,Country,COG,Congo,Year,2014,false,,,,,,,,,,,,,1060152,,,680000,,1574000,1 060 152 [680 000-1 574 000],,,EN,2025-12-19T00:00:00.000Z
MALARIA_EST_CASES,Estimated number of malaria cases,text,AFR,Africa,Country,ZWE,Zimbabwe,Year,2014,false,,,,,,,,,,,,,1093059,,,807000,,1397000,1 093 059 [807 000-1 397 000],,,EN,2025-12-19T00:00:00.000Z
MALARIA_EST_CASES,Estimated number of malaria cases,text,WPR,Western Pacific,Country,IDN,Indonesia,Year,2014,false,,,,,,,,,,,,,1163077,,,1049000,,1296000,1 163 077 [1 049 000-1 296 000],,,EN,2025-12-19T00:00:00.000Z
MALARIA_EST_CASES,Estimated number of malaria cases,text,AFR,Africa,Country,MDG,Madagascar,Year,2014,false,,,,,,,,,,,,,1233241,,,865000,,1689000,1 233 241 [865 000-1 689 000],,,EN,2025-12-19T00:00:00.000Z
MALARIA_EST_CASES,Estimated number of malaria cases,text,AFR,Africa,Country,LBR,Liberia,Year,2014,false,,,,,,,,,,,,,1313127,,,887000,,1886000,1 313 127 [887 000-1 886 000],,,EN,2025-12-19T00:00:00.000Z
MALARIA_EST_CASES,Estimated number of malaria cases,text,EMR,Eastern Mediterranean,Country,SDN,Sudan,Year,2014,false,,,,,,,,,,,,,1440432,,,1027000,,1961000,1 440 432 [1 027 000-1 961 000],,,EN,2025-12-19T00:00:00.000Z
MALARIA_EST_CASES,Estimated number of malaria cases,text,WPR,Western Pacific,Country,PNG,Papua New Guinea,Year,2014,false,,,,,,,,,,,,,1613869,,,937000,,2530000,1 613 869 [937 000-2 530 000],,,EN,2025-12-19T00:00:00.000Z
MALARIA_EST_CASES,Estimated number of malaria cases,text,AFR,Africa,Country,CAF,Central African Republic,Year,2014,false,,,,,,,,,,,,,1943552,,,1135000,,3109000,1 943 552 [1 135 000-3 109 000],,,EN,2025-12-19T00:00:00.000Z
MALARIA_EST_CASES,Estimated number of malaria cases,text,SEAR,South-East Asia,Country,PRK,Democratic People's Republic of Korea,Year,2014,false,,,,,,,,,,,,,10535,,,,,,10 535,,,EN,2025-12-19T00:00:00.000Z
MALARIA_EST_CASES,Estimated number of malaria cases,text,AFR,Africa,Country,UGA,Uganda,Year,2014,false,,,,,,,,,,,,,10631444,,,8294000,,13470000,10 631 444 [8 294 000-13 470 000],,,EN,2025-12-19T00:00:00.000Z
MALARIA_EST_CASES,Estimated number of malaria cases,text,AMR,Americas,Country,BOL,Bolivia (Plurinational State of),Year,2014,false,,,,,,,,,,,,,10994,,,8400,,14000,10 994 [8400-14 000],,,EN,2025-12-19T00:00:00.000Z
MALARIA_EST_CASES,Estimated number of malaria cases,text,AMR,Americas,Country,PAN,Panama,Year,2014,false,,,,,,,,,,,,,1005,,,950,,1100,1005 [950-1100],,,EN,2025-12-19T00:00:00.000Z
MALARIA_EST_CASES,Estimated number of malaria cases,text,AMR,Americas,Country,VEN,Venezuela (Bolivarian Republic of),Year,2014,false,,,,,,,,,,,,,106118,,,95000,,122000,106 118 [95 000-122 000],,,EN,2025-12-19T00:00:00.000Z
MALARIA_EST_CASES,Estimated number of malaria cases,text,AFR,Africa,Country,ERI,Eritrea,Year,2014,false,,,,,,,,,,,,,109689,,,71000,,153000,109 689 [71 000-153 000],,,EN,2025-12-19T00:00:00.000Z
MALARIA_EST_CASES,Estimated number of malaria cases,text,AFR,Africa,Country,ZAF,South Africa,Year,2014,false,,,,,,,,,,,,,11705,,,,,,11 705,,,EN,2025-12-19T00:00:00.000Z
MALARIA_EST_CASES,Estimated number of malaria cases,text,WPR,Western Pacific,Country,PHL,Philippines,Year,2014,false,,,,,,,,,,,,,14318,,,10000,,19000,14 318 [10 000-19 000],,,EN,2025-12-19T00:00:00.000Z
MALARIA_EST_CASES,Estimated number of malaria cases,text,AMR,Americas,Country,NIC,Nicaragua,Year,2014,false,,,,,,,,,,,,,1446,,,1200,,1700,1446 [1200-1700],,,EN,2025-12-19T00:00:00.000Z
MALARIA_EST_CASES,Estimated number of malaria cases,text,AMR,Americas,Country,BRA,Brazil,Year,2014,false,,,,,,,,,,,,,146599,,,141000,,156000,146 599 [141 000-156 000],,,EN,2025-12-19T00:00:00.000Z
MALARIA_EST_CASES,Estimated number of malaria cases,text,AFR,Africa,Country,STP,Sao Tome and Principe,Year,2014,false,,,,,,,,,,,,,1754,,,,,,1754,,,EN,2025-12-19T00:00:00.000Z
MALARIA_EST_CASES,Estimated number of malaria cases,text,AFR,Africa,Country,GNB,Guinea-Bissau,Year,2014,false,,,,,,,,,,,,,184084,,,79000,,363000,184 084 [79 000-363 000],,,EN,2025-12-19T00:00:00.000Z
MALARIA_EST_CASES,Estimated number of malaria cases,text,AMR,Americas,Country,BLZ,Belize,Year,2014,false,,,,,,,,,,,,,19,,,,,,19,,,EN,2025-12-19T00:00:00.000Z
MALARIA_EST_CASES,Estimated number of malaria cases,text,SEAR,South-East Asia,Country,BTN,Bhutan,Year,2014,false,,,,,,,,,,,,,19,,,,,,19,,,EN,2025-12-19T00:00:00.000Z
MALARIA_EST_CASES,Estimated number of malaria cases,text,WPR,Western Pacific,Country,VNM,Viet Nam,Year,2014,false,,,,,,,,,,,,,19060,,,18000,,21000,19 060 [18 000-21 000],,,EN,2025-12-19T00:00:00.000Z
MALARIA_EST_CASES,Estimated number of malaria cases,text,EUR,Europe,Country,TJK,Tajikistan,Year,2014,false,,,,,,,,,,,,,2,,,,,,2,,,EN,2025-12-19T00:00:00.000Z
MALARIA_EST_CASES,Estimated number of malaria cases,text,AFR,Africa,Country,RWA,Rwanda,Year,2014,false,,,,,,,,,,,,,2299121,,,1727000,,2892000,2 299 121 [1 727 000-2 892 000],,,EN,2025-12-19T00:00:00.000Z
MALARIA_EST_CASES,Estimated number of malaria cases,text,AFR,Africa,Country,SLE,Sierra Leone,Year,2014,false,,,,,,,,,,,,,2615056,,,2078000,,3236000,2 615 056 [2 078 000-3 236 000],,,EN,2025-12-19T00:00:00.000Z
MALARIA_EST_CASES,Estimated number of malaria cases,text,AFR,Africa,Country,BDI,Burundi,Year,2014,false,,,,,,,,,,,,,2709188,,,2004000,,3581000,2 709 188 [2 004 000-3 581 000],,,EN,2025-12-19T00:00:00.000Z
MALARIA_EST_CASES,Estimated number of malaria cases,text,AFR,Africa,Country,TGO,Togo,Year,2014,false,,,,,,,,,,,,,2757163,,,2256000,,3333000,2 757 163 [2 256 000-3 333 000],,,EN,2025-12-19T00:00:00.000Z
MALARIA_EST_CASES,Estimated number of malaria cases,text,AFR,Africa,Country,TCD,Chad,Year,2014,false,,,,,,,,,,,,,2975136,,,1857000,,4478000,2 975 136 [1 857 000-4 478 000],,,EN,2025-12-19T00:00:00.000Z
MALARIA_EST_CASES,Estimated number of malaria cases,text,AFR,Africa,Country,BWA,Botswana,Year,2014,false,,,,,,,,,,,,,2076,,,1600,,2800,2076 [1600-2800],,,EN,2025-12-19T00:00:00.000Z
MALARIA_EST_CASES,Estimated number of malaria cases,text,AFR,Africa,Country,MRT,Mauritania,Year,2014,false,,,,,,,,,,,,,216687,,,77000,,432000,216 687 [77 000-432 000],,,EN,2025-12-19T00:00:00.000Z
MALARIA_EST_CASES,Estimated number of malaria cases,text,AMR,Americas,Country,GUY,Guyana,Year,2014,false,,,,,,,,,,,,,22310,,,17000,,31000,22 310 [17 000-31 000],,,EN,2025-12-19T00:00:00.000Z
MALARIA_EST_CASES,Estimated number of malaria cases,text,AFR,Africa,Country,COM,Comoros,Year,2014,false,,,,,,,,,,,,,2203,,,,,,2203,,,EN,2025-12-19T00:00:00.000Z
MALARIA_EST_CASES,Estimated number of malaria cases,text,AFR,Africa,Country,COD,Democratic Republic of the Congo,Year,2014,false,,,,,,,,,,,,,23314218,,,18190000,,29590000,23 314 218 [18 190 000-29 590 000],,,EN,2025-12-19T00:00:00.000Z
MALARIA_EST_CASES,Estimated number of malaria cases,text,WPR,Western Pacific,Country,KHM,Cambodia,Year,2014,false,,,,,,,,,,,,,240449,,,208000,,282000,240 449 [208 000-282 000],,,EN,2025-12-19T00:00:00.000Z
MALARIA_EST_CASES,Estimated number of malaria cases,text,AMR,Americas,Country,ECU,Ecuador,Year,2014,false,,,,,,,,,,,,,242,,,,,,242,,,EN,2025-12-19T00:00:00.000Z
MALARIA_EST_CASES,Estimated number of malaria cases,text,AFR,Africa,Country,NAM,Namibia,Year,2014,false,,,,,,,,,,,,,25780,,,20000,,32000,25 780 [20 000-32 000],,,EN,2025-12-19T00:00:00.000Z
MALARIA_EST_CASES,Estimated number of malaria cases,text,WPR,Western Pacific,Country,VUT,Vanuatu,Year,2014,false,,,,,,,,,,,,,2579,,,1900,,3600,2579 [1900-3600],,,EN,2025-12-19T00:00:00.000Z
MALARIA_EST_CASES,Estimated number of malaria cases,text,AFR,Africa,Country,CPV,Cabo Verde,Year,2014,false,,,,,,,,,,,,,26,,,,,,26,,,EN,2025-12-19T00:00:00.000Z
MALARIA_EST_CASES,Estimated number of malaria cases,text,AFR,Africa,Country,SSD,South Sudan,Year,2014,false,,,,,,,,,,,,,3045151,,,2257000,,3997000,3 045 151 [2 257 000-3 997 000],,,EN,2025-12-19T00:00:00.000Z
MALARIA_EST_CASES,Estimated number of malaria cases,text,AFR,Africa,Country,ZMB,Zambia,Year,2014,false,,,,,,,,,,,,,3774704,,,2988000,,4720000,3 774 704 [2 988 000-4 720 000],,,EN,2025-12-19T00:00:00.000Z
MALARIA_EST_CASES,Estimated number of malaria cases,text,AFR,Africa,Country,KEN,Kenya,Year,2014,false,,,,,,,,,,,,,3888161,,,2900000,,5116000,3 888 161 [2 900 000-5 116 000],,,EN,2025-12-19T00:00:00.000Z
MALARIA_EST_CASES,Estimated number of malaria cases,text,EMR,Eastern Mediterranean,Country,SAU,Saudi Arabia,Year,2014,false,,,,,,,,,,,,,30,,,,,,30,,,EN,2025-12-19T00:00:00.000Z
MALARIA_EST_CASES,Estimated number of malaria cases,text,AFR,Africa,Country,GMB,Gambia,Year,2014,false,,,,,,,,,,,,,303721,,,237000,,378000,303 721 [237 000-378 000],,,EN,2025-12-19T00:00:00.000Z
MALARIA_EST_CASES,Estimated number of malaria cases,text,EMR,Eastern Mediterranean,Country,AFG,Afghanistan,Year,2014,false,,,,,,,,,,,,,319142,,,221000,,443000,319 142 [221 000-443 000],,,EN,2025-12-19T00:00:00.000Z
MALARIA_EST_CASES,Estimated number of malaria cases,text,AMR,Americas,Country,HTI,Haiti,Year,2014,false,,,,,,,,,,,,,33119,,,22000,,45000,33 119 [22 000-45 000],,,EN,2025-12-19T00:00:00.000Z
MALARIA_EST_CASES,Estimated number of malaria cases,text,WPR,Western Pacific,Country,SLB,Solomon Islands,Year,2014,false,,,,,,,,,,,,,34803,,,26000,,46000,34 803 [26 000-46 000],,,EN,2025-12-19T00:00:00.000Z
MALARIA_EST_CASES,Estimated number of malaria cases,text,EMR,Eastern Mediterranean,Country,IRN,Iran (Islamic Republic of),Year,2014,false,,,,,,,,,,,,,358,,,,,,358,,,EN,2025-12-19T00:00:00.000Z
MALARIA_EST_CASES,Estimated number of malaria cases,text,AFR,Africa,Country,GAB,Gabon,Year,2014,false,,,,,,,,,,,,,383546,,,214000,,624000,383 546 [214 000-624 000],,,EN,2025-12-19T00:00:00.000Z
MALARIA_EST_CASES,Estimated number of malaria cases,text,SEAR,South-East Asia,Country,MMR,Myanmar,Year,2014,false,,,,,,,,,,,,,383705,,,282000,,532000,383 705 [282 000-532 000],,,EN,2025-12-19T00:00:00.000Z
MALARIA_EST_CASES,Estimated number of malaria cases,text,AFR,Africa,Country,SWZ,Eswatini,Year,2014,false,,,,,,,,,,,,,389,,,,,,389,,,EN,2025-12-19T00:00:00.000Z
MALARIA_EST_CASES,Estimated number of malaria cases,text,AFR,Africa,Country,BEN,Benin,Year,2014,false,,,,,,,,,,,,,4071327,,,3142000,,5192000,4 071 327 [3 142 000-5 192 000],,,EN,2025-12-19T00:00:00.000Z
MALARIA_EST_CASES,Estimated number of malaria cases,text,AFR,Africa,Country,AGO,Angola,Year,2014,false,,,,,,,,,,,,,4450526,,,3267000,,5894000,4 450 526 [3 267 000-5 894 000],,,EN,2025-12-19T00:00:00.000Z
MALARIA_EST_CASES,Estimated number of malaria cases,text,AFR,Africa,Country,GIN,Guinea,Year,2014,false,,,,,,,,,,,,,4551149,,,3472000,,5819000,4 551 149 [3 472 000-5 819 000],,,EN,2025-12-19T00:00:00.000Z
MALARIA_EST_CASES,Estimated number of malaria cases,text,AFR,Africa,Country,MWI,Malawi,Year,2014,false,,,,,,,,,,,,,4571742,,,3409000,,5972000,4 571 742 [3 409 000-5 972 000],,,EN,2025-12-19T00:00:00.000Z
MALARIA_EST_CASES,Estimated number of malaria cases,text,AMR,Americas,Country,SUR,Suriname,Year,2014,false,,,,,,,,,,,,,401,,,,,,401,,,EN,2025-12-19T00:00:00.000Z
MALARIA_EST_CASES,Estimated number of malaria cases,text,SEAR,South-East Asia,Country,THA,Thailand,Year,2014,false,,,,,,,,,,,,,41218,,,,,,41 218,,,EN,2025-12-19T00:00:00.000Z
MALARIA_EST_CASES,Estimated number of malaria cases,text,AMR,Americas,Country,HND,Honduras,Year,2014,false,,,,,,,,,,,,,4594,,,3600,,5700,4594 [3600-5700],,,EN,2025-12-19T00:00:00.000Z
MALARIA_EST_CASES,Estimated number of malaria cases,text,AFR,Africa,Country,GNQ,Equatorial Guinea,Year,2014,false,,,,,,,,,,,,,467538,,,331000,,649000,467 538 [331 000-649 000],,,EN,2025-12-19T00:00:00.000Z
MALARIA_EST_CASES,Estimated number of malaria cases,text,SEAR,South-East Asia,Country,TLS,Timor-Leste,Year,2014,false,,,,,,,,,,,,,473,,,400,,550,473 [400-550],,,EN,2025-12-19T00:00:00.000Z
MALARIA_EST_CASES,Estimated number of malaria cases,text,SEAR,South-East Asia,Country,NPL,Nepal,Year,2014,false,,,,,,,,,,,,,4912,,,3000,,9900,4912 [3000-9900],,,EN,2025-12-19T00:00:00.000Z
MALARIA_EST_CASES,Estimated number of malaria cases,text,AFR,Africa,Country,CIV,Cote d'Ivoire,Year,2014,false,,,,,,,,,,,,,5966178,,,4272000,,8161000,5 966 178 [4 272 000-8 161 000],,,EN,2025-12-19T00:00:00.000Z
MALARIA_EST_CASES,Estimated number of malaria cases,text,WPR,Western Pacific,Country,CHN,China,Year,2014,false,,,,,,,,,,,,,53,,,,,,53,,,EN,2025-12-19T00:00:00.000Z
MALARIA_EST_CASES,Estimated number of malaria cases,text,AFR,Africa,Country,NGA,Nigeria,Year,2014,false,,,,,,,,,,,,,53483458,,,42810000,,65930000,53 483 458 [42 810 000-65 930 000],,,EN,2025-12-19T00:00:00.000Z
MALARIA_EST_CASES,Estimated number of malaria cases,text,AFR,Africa,Country,SEN,Senegal,Year,2014,false,,,,,,,,,,,,,532782,,,391000,,692000,532 782 [391 000-692 000],,,EN,2025-12-19T00:00:00.000Z
MALARIA_EST_CASES,Estimated number of malaria cases,text,AMR,Americas,Country,GUF,French Guiana,Year,2014,false,,,,,,,,,,,,,541,,,480,,620,541 [480-620],,,EN,2025-12-19T00:00:00.000Z
MALARIA_EST_CASES,Estimated number of malaria cases,text,WPR,Western Pacific,Country,KOR,Republic of Korea,Year,2014,false,,,,,,,,,,,,,557,,,,,,557,,,EN,2025-12-19T00:00:00.000Z
MALARIA_EST_CASES,Estimated number of malaria cases,text,AMR,Americas,Country,DOM,Dominican Republic,Year,2014,false,,,,,,,,,,,,,566,,,480,,660,566 [480-660],,,EN,2025-12-19T00:00:00.000Z
MALARIA_EST_CASES,Estimated number of malaria cases,text,AMR,Americas,Country,COL,Colombia,Year,2014,false,,,,,,,,,,,,,57024,,,43000,,71000,57 024 [43 000-71 000],,,EN,2025-12-19T00:00:00.000Z
MALARIA_EST_CASES,Estimated number of malaria cases,text,AMR,Americas,Country,GTM,Guatemala,Year,2014,false,,,,,,,,,,,,,5766,,,5100,,6600,5766 [5100-6600],,,EN,2025-12-19T00:00:00.000Z
MALARIA_EST_CASES,Estimated number of malaria cases,text,EMR,Eastern Mediterranean,Country,YEM,Yemen,Year,2014,false,,,,,,,,,,,,,591805,,,412000,,857000,591 805 [412 000-857 000],,,EN,2025-12-19T00:00:00.000Z
MALARIA_EST_CASES,Estimated number of malaria cases,text,WPR,Western Pacific,Country,MYS,Malaysia,Year,2014,false,,,,,,,,,,,,,596,,,,,,596,,,EN,2025-12-19T00:00:00.000Z
MALARIA_EST_CASES,Estimated number of malaria cases,text,AMR,Americas,Country,SLV,El Salvador,Year,2014,false,,,,,,,,,,,,,6,,,,,,6,,,EN,2025-12-19T00:00:00.000Z
MALARIA_EST_CASES,Estimated number of malaria cases,text,AFR,Africa,Country,CMR,Cameroon,Year,2014,false,,,,,,,,,,,,,6011473,,,4242000,,8265000,6 011 473 [4 242 000-8 265 000],,,EN,2025-12-19T00:00:00.000Z
MALARIA_EST_CASES,Estimated number of malaria cases,text,EMR,Eastern Mediterranean,Country,SOM,Somalia,Year,2014,false,,,,,,,,,,,,,621798,,,433000,,866000,621 798 [433 000-866 000],,,EN,2025-12-19T00:00:00.000Z
MALARIA_EST_CASES,Estimated number of malaria cases,text,AMR,Americas,Country,MEX,Mexico,Year,2014,false,,,,,,,,,,,,,656,,,,,,656,,,EN,2025-12-19T00:00:00.000Z
MALARIA_EST_CASES,Estimated number of malaria cases,text,SEAR,South-East Asia,Country,BGD,Bangladesh,Year,2014,false,,,,,,,,,,,,,66274,,,60000,,74000,66 274 [60 000-74 000],,,EN,2025-12-19T00:00:00.000Z
MALARIA_EST_CASES,Estimated number of malaria cases,text,AFR,Africa,Country,TZA,United Republic of Tanzania,Year,2014,false,,,,,,,,,,,,,7369397,,,5495000,,9673000,7 369 397 [5 495 000-9 673 000],,,EN,2025-12-19T00:00:00.000Z
MALARIA_EST_CASES,Estimated number of malaria cases,text,AFR,Africa,Country,MLI,Mali,Year,2014,false,,,,,,,,,,,,,7740479,,,5562000,,10730000,7 740 479 [5 562 000-10 730 000],,,EN,2025-12-19T00:00:00.000Z
MALARIA_EST_CASES,Estimated number of malaria cases,text,SEAR,South-East Asia,Country,IND,India,Year,2014,false,,,,,,,,,,,,,7764484,,,6247000,,9456000,7 764 484 [6 247 000-9 456 000],,,EN,2025-12-19T00:00:00.000Z
MALARIA_EST_CASES,Estimated number of malaria cases,text,AFR,Africa,Country,NER,Niger,Year,2014,false,,,,,,,,,,,,,7880779,,,5052000,,11660000,7 880 779 [5 052 000-11 660 000],,,EN,2025-12-19T00:00:00.000Z
MALARIA_EST_CASES,Estimated number of malaria cases,text,AFR,Africa,Country,BFA,Burkina Faso,Year,2014,false,,,,,,,,,,,,,8132937,,,6535000,,10000000,8 132 937 [6 535 000-10 000 000],,,EN,2025-12-19T00:00:00.000Z
MALARIA_EST_CASES,Estimated number of malaria cases,text,AFR,Africa,Country,GHA,Ghana,Year,2014,false,,,,,,,,,,,,,8799642,,,7034000,,10870000,8 799 642 [7 034 000-10 870 000],,,EN,2025-12-19T00:00:00.000Z
MALARIA_EST_CASES,Estimated number of malaria cases,text,AMR,Americas,Country,PER,Peru,Year,2014,false,,,,,,,,,,,,,83936,,,69000,,100000,83 936 [69 000-100 000],,,EN,2025-12-19T00:00:00.000Z
MALARIA_EST_CASES,Estimated number of malaria cases,text,WPR,Western Pacific,Country,LAO,Lao People's Democratic Republic,Year,2014,false,,,,,,,,,,,,,87770,,,63000,,115000,87 770 [63 000-115 000],,,EN,2025-12-19T00:00:00.000Z
MALARIA_EST_CASES,Estimated number of malaria cases,text,AFR,Africa,Country,MOZ,Mozambique,Year,2014,false,,,,,,,,,,,,,9321871,,,7633000,,11340000,9 321 871 [7 633 000-11 340 000],,,EN,2025-12-19T00:00:00.000Z
MALARIA_EST_CASES,Estimated number of malaria cases,text,AFR,Africa,Country,ETH,Ethiopia,Year,2014,false,,,,,,,,,,,,,9906043,,,3720000,,17290000,9 906 043 [3 720 000-17 290 000],,,EN,2025-12-19T00:00:00.000Z
MALARIA_EST_CASES,Estimated number of malaria cases,text,EMR,Eastern Mediterranean,Country,DJI,Djibouti,Year,2014,false,,,,,,,,,,,,,9439,,,,,,9439,,,EN,2025-12-19T00:00:00.000Z
MALARIA_EST_CASES,Estimated number of malaria cases,text,EMR,Eastern Mediterranean,Country,PAK,Pakistan,Year,2014,false,,,,,,,,,,,,,994600,,,556000,,1814000,994 600 [556 000-1 814 000],,,EN,2025-12-19T00:00:00.000Z
MALARIA_EST_CASES,Estimated number of malaria cases,text,AMR,Americas,Country,ARG,Argentina,Year,2013,false,,,,,,,,,,,,,0,,,,,,0,,,EN,2025-12-19T00:00:00.000Z
MALARIA_EST_CASES,Estimated number of malaria cases,text,EUR,Europe,Country,ARM,Armenia,Year,2013,false,,,,,,,,,,,,,0,,,,,,0,,,EN,2025-12-19T00:00:00.000Z
MALARIA_EST_CASES,Estimated number of malaria cases,text,EUR,Europe,Country,AZE,Azerbaijan,Year,2013,false,,,,,,,,,,,,,0,,,,,,0,,,EN,2025-12-19T00:00:00.000Z
MALARIA_EST_CASES,Estimated number of malaria cases,text,AMR,Americas,Country,CRI,Costa Rica,Year,2013,false,,,,,,,,,,,,,0,,,,,,0,,,EN,2025-12-19T00:00:00.000Z
MALARIA_EST_CASES,Estimated number of malaria cases,text,EMR,Eastern Mediterranean,Country,EGY,Egypt,Year,2013,false,,,,,,,,,,,,,0,,,,,,0,,,EN,2025-12-19T00:00:00.000Z
MALARIA_EST_CASES,Estimated number of malaria cases,text,EUR,Europe,Country,GEO,Georgia,Year,2013,false,,,,,,,,,,,,,0,,,,,,0,,,EN,2025-12-19T00:00:00.000Z
MALARIA_EST_CASES,Estimated number of malaria cases,text,EMR,Eastern Mediterranean,Country,IRQ,Iraq,Year,2013,false,,,,,,,,,,,,,0,,,,,,0,,,EN,2025-12-19T00:00:00.000Z
MALARIA_EST_CASES,Estimated number of malaria cases,text,EUR,Europe,Country,KAZ,Kazakhstan,Year,2013,false,,,,,,,,,,,,,0,,,,,,0,,,EN,2025-12-19T00:00:00.000Z
MALARIA_EST_CASES,Estimated number of malaria cases,text,EUR,Europe,Country,KGZ,Kyrgyzstan,Year,2013,false,,,,,,,,,,,,,0,,,,,,0,,,EN,2025-12-19T00:00:00.000Z
MALARIA_EST_CASES,Estimated number of malaria cases,text,EMR,Eastern Mediterranean,Country,MAR,Morocco,Year,2013,false,,,,,,,,,,,,,0,,,,,,0,,,EN,2025-12-19T00:00:00.000Z
MALARIA_EST_CASES,Estimated number of malaria cases,text,EMR,Eastern Mediterranean,Country,OMN,Oman,Year,2013,false,,,,,,,,,,,,,0,,,,,,0,,,EN,2025-12-19T00:00:00.000Z
MALARIA_EST_CASES,Estimated number of malaria cases,text,AMR,Americas,Country,PRY,Paraguay,Year,2013,false,,,,,,,,,,,,,0,,,,,,0,,,EN,2025-12-19T00:00:00.000Z
MALARIA_EST_CASES,Estimated number of malaria cases,text,SEAR,South-East Asia,Country,LKA,Sri Lanka,Year,2013,false,,,,,,,,,,,,,0,,,,,,0,,,EN,2025-12-19T00:00:00.000Z
MALARIA_EST_CASES,Estimated number of malaria cases,text,EMR,Eastern Mediterranean,Country,SYR,Syrian Arab Republic,Year,2013,false,,,,,,,,,,,,,0,,,,,,0,,,EN,2025-12-19T00:00:00.000Z
MALARIA_EST_CASES,Estimated number of malaria cases,text,EUR,Europe,Country,TUR,Türkiye,Year,2013,false,,,,,,,,,,,,,0,,,,,,0,,,EN,2025-12-19T00:00:00.000Z
MALARIA_EST_CASES,Estimated number of malaria cases,text,EUR,Europe,Country,TKM,Turkmenistan,Year,2013,false,,,,,,,,,,,,,0,,,,,,0,,,EN,2025-12-19T00:00:00.000Z
MALARIA_EST_CASES,Estimated number of malaria cases,text,EMR,Eastern Mediterranean,Country,ARE,United Arab Emirates,Year,2013,false,,,,,,,,,,,,,0,,,,,,0,,,EN,2025-12-19T00:00:00.000Z
MALARIA_EST_CASES,Estimated number of malaria cases,text,EUR,Europe,Country,UZB,Uzbekistan,Year,2013,false,,,,,,,,,,,,,0,,,,,,0,,,EN,2025-12-19T00:00:00.000Z
MALARIA_EST_CASES,Estimated number of malaria cases,text,AFR,Africa,Country,MYT,Mayotte,Year,2013,false,,,,,,,,,,,,,1,,,1,,1,1 [1-1],,,EN,2025-12-19T00:00:00.000Z
MALARIA_EST_CASES,Estimated number of malaria cases,text,AFR,Africa,Country,COG,Congo,Year,2013,false,,,,,,,,,,,,,1059771,,,671000,,1581000,1 059 771 [671 000-1 581 000],,,EN,2025-12-19T00:00:00.000Z
MALARIA_EST_CASES,Estimated number of malaria cases,text,AFR,Africa,Country,LBR,Liberia,Year,2013,false,,,,,,,,,,,,,1165597,,,758000,,1720000,1 165 597 [758 000-1 720 000],,,EN,2025-12-19T00:00:00.000Z
MALARIA_EST_CASES,Estimated number of malaria cases,text,AFR,Africa,Country,RWA,Rwanda,Year,2013,false,,,,,,,,,,,,,1214623,,,1012000,,1429000,1 214 623 [1 012 000-1 429 000],,,EN,2025-12-19T00:00:00.000Z
MALARIA_EST_CASES,Estimated number of malaria cases,text,EMR,Eastern Mediterranean,Country,SDN,Sudan,Year,2013,false,,,,,,,,,,,,,1273369,,,927000,,1701000,1 273 369 [927 000-1 701 000],,,EN,2025-12-19T00:00:00.000Z
MALARIA_EST_CASES,Estimated number of malaria cases,text,EMR,Eastern Mediterranean,Country,PAK,Pakistan,Year,2013,false,,,,,,,,,,,,,1381009,,,725000,,2675000,1 381 009 [725 000-2 675 000],,,EN,2025-12-19T00:00:00.000Z
MALARIA_EST_CASES,Estimated number of malaria cases,text,WPR,Western Pacific,Country,PNG,Papua New Guinea,Year,2013,false,,,,,,,,,,,,,1420220,,,769000,,2236000,1 420 220 [769 000-2 236 000],,,EN,2025-12-19T00:00:00.000Z
MALARIA_EST_CASES,Estimated number of malaria cases,text,WPR,Western Pacific,Country,IDN,Indonesia,Year,2013,false,,,,,,,,,,,,,1529542,,,1380000,,1706000,1 529 542 [1 380 000-1 706 000],,,EN,2025-12-19T00:00:00.000Z
MALARIA_EST_CASES,Estimated number of malaria cases,text,AFR,Africa,Country,MDG,Madagascar,Year,2013,false,,,,,,,,,,,,,1535144,,,984000,,2358000,1 535 144 [984 000-2 358 000],,,EN,2025-12-19T00:00:00.000Z
MALARIA_EST_CASES,Estimated number of malaria cases,text,AFR,Africa,Country,CAF,Central African Republic,Year,2013,false,,,,,,,,,,,,,1983793,,,1173000,,3136000,1 983 793 [1 173 000-3 136 000],,,EN,2025-12-19T00:00:00.000Z
MALARIA_EST_CASES,Estimated number of malaria cases,text,SEAR,South-East Asia,Country,NPL,Nepal,Year,2013,false,,,,,,,,,,,,,10164,,,7000,,17000,10 164 [7000-17 000],,,EN,2025-12-19T00:00:00.000Z
MALARIA_EST_CASES,Estimated number of malaria cases,text,AMR,Americas,Country,BOL,Bolivia (Plurinational State of),Year,2013,false,,,,,,,,,,,,,10906,,,8300,,14000,10 906 [8300-14 000],,,EN,2025-12-19T00:00:00.000Z
MALARIA_EST_CASES,Estimated number of malaria cases,text,AFR,Africa,Country,UGA,Uganda,Year,2013,false,,,,,,,,,,,,,10964151,,,8642000,,13700000,10 964 151 [8 642 000-13 700 000],,,EN,2025-12-19T00:00:00.000Z
MALARIA_EST_CASES,Estimated number of malaria cases,text,AFR,Africa,Country,MRT,Mauritania,Year,2013,false,,,,,,,,,,,,,101247,,,6000,,242000,101 247 [6000-242 000],,,EN,2025-12-19T00:00:00.000Z
MALARIA_EST_CASES,Estimated number of malaria cases,text,AMR,Americas,Country,GUF,French Guiana,Year,2013,false,,,,,,,,,,,,,1025,,,910,,1200,1025 [910-1200],,,EN,2025-12-19T00:00:00.000Z
MALARIA_EST_CASES,Estimated number of malaria cases,text,WPR,Western Pacific,Country,MYS,Malaysia,Year,2013,false,,,,,,,,,,,,,1028,,,,,,1028,,,EN,2025-12-19T00:00:00.000Z
MALARIA_EST_CASES,Estimated number of malaria cases,text,AFR,Africa,Country,ETH,Ethiopia,Year,2013,false,,,,,,,,,,,,,12323076,,,6748000,,22780000,12 323 076 [6 748 000-22 780 000],,,EN,2025-12-19T00:00:00.000Z
MALARIA_EST_CASES,Estimated number of malaria cases,text,SEAR,South-East Asia,Country,PRK,Democratic People's Republic of Korea,Year,2013,false,,,,,,,,,,,,,14407,,,,,,14 407,,,EN,2025-12-19T00:00:00.000Z
MALARIA_EST_CASES,Estimated number of malaria cases,text,SEAR,South-East Asia,Country,TLS,Timor-Leste,Year,2013,false,,,,,,,,,,,,,1418,,,1200,,1700,1418 [1200-1700],,,EN,2025-12-19T00:00:00.000Z
MALARIA_EST_CASES,Estimated number of malaria cases,text,AMR,Americas,Country,NIC,Nicaragua,Year,2013,false,,,,,,,,,,,,,1471,,,1200,,1700,1471 [1200-1700],,,EN,2025-12-19T00:00:00.000Z
MALARIA_EST_CASES,Estimated number of malaria cases,text,SEAR,South-East Asia,Country,BTN,Bhutan,Year,2013,false,,,,,,,,,,,,,15,,,,,,15,,,EN,2025-12-19T00:00:00.000Z
MALARIA_EST_CASES,Estimated number of malaria cases,text,WPR,Western Pacific,Country,KHM,Cambodia,Year,2013,false,,,,,,,,,,,,,168806,,,146000,,196000,168 806 [146 000-196 000],,,EN,2025-12-19T00:00:00.000Z
MALARIA_EST_CASES,Estimated number of malaria cases,text,EMR,Eastern Mediterranean,Country,DJI,Djibouti,Year,2013,false,,,,,,,,,,,,,1684,,,,,,1684,,,EN,2025-12-19T00:00:00.000Z
MALARIA_EST_CASES,Estimated number of malaria cases,text,WPR,Western Pacific,Country,PHL,Philippines,Year,2013,false,,,,,,,,,,,,,17518,,,13000,,23000,17 518 [13 000-23 000],,,EN,2025-12-19T00:00:00.000Z
MALARIA_EST_CASES,Estimated number of malaria cases,text,AMR,Americas,Country,BRA,Brazil,Year,2013,false,,,,,,,,,,,,,197679,,,177000,,214000,197 679 [177 000-214 000],,,EN,2025-12-19T00:00:00.000Z
MALARIA_EST_CASES,Estimated number of malaria cases,text,AFR,Africa,Country,BDI,Burundi,Year,2013,false,,,,,,,,,,,,,2452824,,,1816000,,3231000,2 452 824 [1 816 000-3 231 000],,,EN,2025-12-19T00:00:00.000Z
MALARIA_EST_CASES,Estimated number of malaria cases,text,AFR,Africa,Country,SLE,Sierra Leone,Year,2013,false,,,,,,,,,,,,,2659590,,,2147000,,3271000,2 659 590 [2 147 000-3 271 000],,,EN,2025-12-19T00:00:00.000Z
MALARIA_EST_CASES,Estimated number of malaria cases,text,AFR,Africa,Country,TGO,Togo,Year,2013,false,,,,,,,,,,,,,2692633,,,2197000,,3264000,2 692 633 [2 197 000-3 264 000],,,EN,2025-12-19T00:00:00.000Z
MALARIA_EST_CASES,Estimated number of malaria cases,text,AFR,Africa,Country,TCD,Chad,Year,2013,false,,,,,,,,,,,,,2816847,,,1863000,,4059000,2 816 847 [1 863 000-4 059 000],,,EN,2025-12-19T00:00:00.000Z
MALARIA_EST_CASES,Estimated number of malaria cases,text,AMR,Americas,Country,BLZ,Belize,Year,2013,false,,,,,,,,,,,,,20,,,,,,20,,,EN,2025-12-19T00:00:00.000Z
MALARIA_EST_CASES,Estimated number of malaria cases,text,WPR,Western Pacific,Country,VNM,Viet Nam,Year,2013,false,,,,,,,,,,,,,20760,,,19000,,23000,20 760 [19 000-23 000],,,EN,2025-12-19T00:00:00.000Z
MALARIA_EST_CASES,Estimated number of malaria cases,text,AFR,Africa,Country,GNB,Guinea-Bissau,Year,2013,false,,,,,,,,,,,,,205017,,,95000,,395000,205 017 [95 000-395 000],,,EN,2025-12-19T00:00:00.000Z
MALARIA_EST_CASES,Estimated number of malaria cases,text,AFR,Africa,Country,CPV,Cabo Verde,Year,2013,false,,,,,,,,,,,,,22,,,,,,22,,,EN,2025-12-19T00:00:00.000Z
MALARIA_EST_CASES,Estimated number of malaria cases,text,AFR,Africa,Country,COD,Democratic Republic of the Congo,Year,2013,false,,,,,,,,,,,,,23531534,,,18530000,,29410000,23 531 534 [18 530 000-29 410 000],,,EN,2025-12-19T00:00:00.000Z
MALARIA_EST_CASES,Estimated number of malaria cases,text,EMR,Eastern Mediterranean,Country,AFG,Afghanistan,Year,2013,false,,,,,,,,,,,,,279634,,,143000,,446000,279 634 [143 000-446 000],,,EN,2025-12-19T00:00:00.000Z
MALARIA_EST_CASES,Estimated number of malaria cases,text,AFR,Africa,Country,SSD,South Sudan,Year,2013,false,,,,,,,,,,,,,3083024,,,2334000,,4004000,3 083 024 [2 334 000-4 004 000],,,EN,2025-12-19T00:00:00.000Z
MALARIA_EST_CASES,Estimated number of malaria cases,text,AFR,Africa,Country,ZMB,Zambia,Year,2013,false,,,,,,,,,,,,,3511365,,,2732000,,4434000,3 511 365 [2 732 000-4 434 000],,,EN,2025-12-19T00:00:00.000Z
MALARIA_EST_CASES,Estimated number of malaria cases,text,AFR,Africa,Country,KEN,Kenya,Year,2013,false,,,,,,,,,,,,,3843685,,,2874000,,5020000,3 843 685 [2 874 000-5 020 000],,,EN,2025-12-19T00:00:00.000Z
MALARIA_EST_CASES,Estimated number of malaria cases,text,AFR,Africa,Country,BEN,Benin,Year,2013,false,,,,,,,,,,,,,3878086,,,2989000,,4950000,3 878 086 [2 989 000-4 950 000],,,EN,2025-12-19T00:00:00.000Z
MALARIA_EST_CASES,Estimated number of malaria cases,text,SEAR,South-East Asia,Country,BGD,Bangladesh,Year,2013,false,,,,,,,,,,,,,31594,,,28000,,36000,31 594 [28 000-36 000],,,EN,2025-12-19T00:00:00.000Z
MALARIA_EST_CASES,Estimated number of malaria cases,text,EMR,Eastern Mediterranean,Country,SAU,Saudi Arabia,Year,2013,false,,,,,,,,,,,,,34,,,,,,34,,,EN,2025-12-19T00:00:00.000Z
MALARIA_EST_CASES,Estimated number of malaria cases,text,AMR,Americas,Country,ECU,Ecuador,Year,2013,false,,,,,,,,,,,,,368,,,,,,368,,,EN,2025-12-19T00:00:00.000Z
MALARIA_EST_CASES,Estimated number of malaria cases,text,AFR,Africa,Country,GAB,Gabon,Year,2013,false,,,,,,,,,,,,,381053,,,207000,,644000,381 053 [207 000-644 000],,,EN,2025-12-19T00:00:00.000Z
MALARIA_EST_CASES,Estimated number of malaria cases,text,WPR,Western Pacific,Country,KOR,Republic of Korea,Year,2013,false,,,,,,,,,,,,,383,,,,,,383,,,EN,2025-12-19T00:00:00.000Z
MALARIA_EST_CASES,Estimated number of malaria cases,text,EUR,Europe,Country,TJK,Tajikistan,Year,2013,false,,,,,,,,,,,,,4,,,,,,4,,,EN,2025-12-19T00:00:00.000Z
MALARIA_EST_CASES,Estimated number of malaria cases,text,AFR,Africa,Country,AGO,Angola,Year,2013,false,,,,,,,,,,,,,4136885,,,3031000,,5538000,4 136 885 [3 031 000-5 538 000],,,EN,2025-12-19T00:00:00.000Z
MALARIA_EST_CASES,Estimated number of malaria cases,text,AFR,Africa,Country,GIN,Guinea,Year,2013,false,,,,,,,,,,,,,4630441,,,3692000,,5761000,4 630 441 [3 692 000-5 761 000],,,EN,2025-12-19T00:00:00.000Z
MALARIA_EST_CASES,Estimated number of malaria cases,text,AFR,Africa,Country,MWI,Malawi,Year,2013,false,,,,,,,,,,,,,4947690,,,3789000,,6422000,4 947 690 [3 789 000-6 422 000],,,EN,2025-12-19T00:00:00.000Z
MALARIA_EST_CASES,Estimated number of malaria cases,text,SEAR,South-East Asia,Country,THA,Thailand,Year,2013,false,,,,,,,,,,,,,41602,,,,,,41 602,,,EN,2025-12-19T00:00:00.000Z
MALARIA_EST_CASES,Estimated number of malaria cases,text,AFR,Africa,Country,GMB,Gambia,Year,2013,false,,,,,,,,,,,,,429429,,,338000,,532000,429 429 [338 000-532 000],,,EN,2025-12-19T00:00:00.000Z
MALARIA_EST_CASES,Estimated number of malaria cases,text,AFR,Africa,Country,GNQ,Equatorial Guinea,Year,2013,false,,,,,,,,,,,,,449175,,,316000,,618000,449 175 [316 000-618 000],,,EN,2025-12-19T00:00:00.000Z
MALARIA_EST_CASES,Estimated number of malaria cases,text,EMR,Eastern Mediterranean,Country,IRN,Iran (Islamic Republic of),Year,2013,false,,,,,,,,,,,,,480,,,,,,480,,,EN,2025-12-19T00:00:00.000Z
MALARIA_EST_CASES,Estimated number of malaria cases,text,AFR,Africa,Country,ERI,Eritrea,Year,2013,false,,,,,,,,,,,,,49309,,,31000,,70000,49 309 [31 000-70 000],,,EN,2025-12-19T00:00:00.000Z
MALARIA_EST_CASES,Estimated number of malaria cases,text,AMR,Americas,Country,MEX,Mexico,Year,2013,false,,,,,,,,,,,,,495,,,,,,495,,,EN,2025-12-19T00:00:00.000Z
MALARIA_EST_CASES,Estimated number of malaria cases,text,AFR,Africa,Country,CMR,Cameroon,Year,2013,false,,,,,,,,,,,,,5802116,,,4071000,,7957000,5 802 116 [4 071 000-7 957 000],,,EN,2025-12-19T00:00:00.000Z
MALARIA_EST_CASES,Estimated number of malaria cases,text,EMR,Eastern Mediterranean,Country,SOM,Somalia,Year,2013,false,,,,,,,,,,,,,520274,,,366000,,714000,520 274 [366 000-714 000],,,EN,2025-12-19T00:00:00.000Z
MALARIA_EST_CASES,Estimated number of malaria cases,text,AMR,Americas,Country,SUR,Suriname,Year,2013,false,,,,,,,,,,,,,525,,,,,,525,,,EN,2025-12-19T00:00:00.000Z
MALARIA_EST_CASES,Estimated number of malaria cases,text,AFR,Africa,Country,COM,Comoros,Year,2013,false,,,,,,,,,,,,,53156,,,,,,53 156,,,EN,2025-12-19T00:00:00.000Z
MALARIA_EST_CASES,Estimated number of malaria cases,text,WPR,Western Pacific,Country,SLB,Solomon Islands,Year,2013,false,,,,,,,,,,,,,53689,,,40000,,74000,53 689 [40 000-74 000],,,EN,2025-12-19T00:00:00.000Z
MALARIA_EST_CASES,Estimated number of malaria cases,text,AFR,Africa,Country,NGA,Nigeria,Year,2013,false,,,,,,,,,,,,,53921321,,,43380000,,66320000,53 921 321 [43 380 000-66 320 000],,,EN,2025-12-19T00:00:00.000Z
MALARIA_EST_CASES,Estimated number of malaria cases,text,WPR,Western Pacific,Country,VUT,Vanuatu,Year,2013,false,,,,,,,,,,,,,5539,,,4100,,7600,5539 [4100-7600],,,EN,2025-12-19T00:00:00.000Z
MALARIA_EST_CASES,Estimated number of malaria cases,text,AMR,Americas,Country,GUY,Guyana,Year,2013,false,,,,,,,,,,,,,57459,,,43000,,79000,57 459 [43 000-79 000],,,EN,2025-12-19T00:00:00.000Z
MALARIA_EST_CASES,Estimated number of malaria cases,text,AMR,Americas,Country,SLV,El Salvador,Year,2013,false,,,,,,,,,,,,,6,,,,,,6,,,EN,2025-12-19T00:00:00.000Z
MALARIA_EST_CASES,Estimated number of malaria cases,text,AFR,Africa,Country,TZA,United Republic of Tanzania,Year,2013,false,,,,,,,,,,,,,6434966,,,4807000,,8504000,6 434 966 [4 807 000-8 504 000],,,EN,2025-12-19T00:00:00.000Z
MALARIA_EST_CASES,Estimated number of malaria cases,text,AFR,Africa,Country,CIV,Cote d'Ivoire,Year,2013,false,,,,,,,,,,,,,6879970,,,5183000,,8970000,6 879 970 [5 183 000-8 970 000],,,EN,2025-12-19T00:00:00.000Z
MALARIA_EST_CASES,Estimated number of malaria cases,text,SEAR,South-East Asia,Country,MMR,Myanmar,Year,2013,false,,,,,,,,,,,,,611838,,,455000,,846000,611 838 [455 000-846 000],,,EN,2025-12-19T00:00:00.000Z
MALARIA_EST_CASES,Estimated number of malaria cases,text,AMR,Americas,Country,DOM,Dominican Republic,Year,2013,false,,,,,,,,,,,,,613,,,500,,740,613 [500-740],,,EN,2025-12-19T00:00:00.000Z
MALARIA_EST_CASES,Estimated number of malaria cases,text,AMR,Americas,Country,HTI,Haiti,Year,2013,false,,,,,,,,,,,,,62551,,,38000,,97000,62 551 [38 000-97 000],,,EN,2025-12-19T00:00:00.000Z
MALARIA_EST_CASES,Estimated number of malaria cases,text,AMR,Americas,Country,PER,Peru,Year,2013,false,,,,,,,,,,,,,62669,,,51000,,75000,62 669 [51 000-75 000],,,EN,2025-12-19T00:00:00.000Z
MALARIA_EST_CASES,Estimated number of malaria cases,text,WPR,Western Pacific,Country,LAO,Lao People's Democratic Republic,Year,2013,false,,,,,,,,,,,,,68570,,,50000,,91000,68 570 [50 000-91 000],,,EN,2025-12-19T00:00:00.000Z
MALARIA_EST_CASES,Estimated number of malaria cases,text,SEAR,South-East Asia,Country,IND,India,Year,2013,false,,,,,,,,,,,,,7574468,,,6007000,,9354000,7 574 468 [6 007 000-9 354 000],,,EN,2025-12-19T00:00:00.000Z
MALARIA_EST_CASES,Estimated number of malaria cases,text,AFR,Africa,Country,MLI,Mali,Year,2013,false,,,,,,,,,,,,,7699696,,,5513000,,10580000,7 699 696 [5 513 000-10 580 000],,,EN,2025-12-19T00:00:00.000Z
MALARIA_EST_CASES,Estimated number of malaria cases,text,AFR,Africa,Country,NER,Niger,Year,2013,false,,,,,,,,,,,,,7717689,,,5056000,,11360000,7 717 689 [5 056 000-11 360 000],,,EN,2025-12-19T00:00:00.000Z
MALARIA_EST_CASES,Estimated number of malaria cases,text,EMR,Eastern Mediterranean,Country,YEM,Yemen,Year,2013,false,,,,,,,,,,,,,700432,,,489000,,1009000,700 432 [489 000-1 009 000],,,EN,2025-12-19T00:00:00.000Z
MALARIA_EST_CASES,Estimated number of malaria cases,text,AMR,Americas,Country,COL,Colombia,Year,2013,false,,,,,,,,,,,,,72346,,,55000,,90000,72 346 [55 000-90 000],,,EN,2025-12-19T00:00:00.000Z
MALARIA_EST_CASES,Estimated number of malaria cases,text,AFR,Africa,Country,BWA,Botswana,Year,2013,false,,,,,,,,,,,,,725,,,560,,970,725 [560-970],,,EN,2025-12-19T00:00:00.000Z
MALARIA_EST_CASES,Estimated number of malaria cases,text,AMR,Americas,Country,HND,Honduras,Year,2013,false,,,,,,,,,,,,,7274,,,5700,,8900,7274 [5700-8900],,,EN,2025-12-19T00:00:00.000Z
MALARIA_EST_CASES,Estimated number of malaria cases,text,AFR,Africa,Country,SWZ,Eswatini,Year,2013,false,,,,,,,,,,,,,728,,,,,,728,,,EN,2025-12-19T00:00:00.000Z
MALARIA_EST_CASES,Estimated number of malaria cases,text,AMR,Americas,Country,GTM,Guatemala,Year,2013,false,,,,,,,,,,,,,7283,,,6500,,8500,7283 [6500-8500],,,EN,2025-12-19T00:00:00.000Z
MALARIA_EST_CASES,Estimated number of malaria cases,text,AMR,Americas,Country,PAN,Panama,Year,2013,false,,,,,,,,,,,,,740,,,710,,790,740 [710-790],,,EN,2025-12-19T00:00:00.000Z
MALARIA_EST_CASES,Estimated number of malaria cases,text,AFR,Africa,Country,NAM,Namibia,Year,2013,false,,,,,,,,,,,,,7844,,,6200,,9600,7844 [6200-9600],,,EN,2025-12-19T00:00:00.000Z
MALARIA_EST_CASES,Estimated number of malaria cases,text,AFR,Africa,Country,SEN,Senegal,Year,2013,false,,,,,,,,,,,,,793415,,,566000,,1052000,793 415 [566 000-1 052 000],,,EN,2025-12-19T00:00:00.000Z
MALARIA_EST_CASES,Estimated number of malaria cases,text,AFR,Africa,Country,DZA,Algeria,Year,2013,false,,,,,,,,,,,,,8,,,,,,8,,,EN,2025-12-19T00:00:00.000Z
MALARIA_EST_CASES,Estimated number of malaria cases,text,AFR,Africa,Country,BFA,Burkina Faso,Year,2013,false,,,,,,,,,,,,,8620220,,,6941000,,10590000,8 620 220 [6 941 000-10 590 000],,,EN,2025-12-19T00:00:00.000Z
MALARIA_EST_CASES,Estimated number of malaria cases,text,WPR,Western Pacific,Country,CHN,China,Year,2013,false,,,,,,,,,,,,,83,,,,,,83,,,EN,2025-12-19T00:00:00.000Z
MALARIA_EST_CASES,Estimated number of malaria cases,text,AFR,Africa,Country,ZWE,Zimbabwe,Year,2013,false,,,,,,,,,,,,,863692,,,614000,,1131000,863 692 [614 000-1 131 000],,,EN,2025-12-19T00:00:00.000Z
MALARIA_EST_CASES,Estimated number of malaria cases,text,AFR,Africa,Country,ZAF,South Africa,Year,2013,false,,,,,,,,,,,,,8645,,,,,,8645,,,EN,2025-12-19T00:00:00.000Z
MALARIA_EST_CASES,Estimated number of malaria cases,text,AFR,Africa,Country,MOZ,Mozambique,Year,2013,false,,,,,,,,,,,,,9328796,,,7595000,,11350000,9 328 796 [7 595 000-11 350 000],,,EN,2025-12-19T00:00:00.000Z
MALARIA_EST_CASES,Estimated number of malaria cases,text,AFR,Africa,Country,GHA,Ghana,Year,2013,false,,,,,,,,,,,,,9429908,,,7682000,,11510000,9 429 908 [7 682 000-11 510 000],,,EN,2025-12-19T00:00:00.000Z
MALARIA_EST_CASES,Estimated number of malaria cases,text,AMR,Americas,Country,VEN,Venezuela (Bolivarian Republic of),Year,2013,false,,,,,,,,,,,,,92182,,,82000,,107000,92 182 [82 000-107 000],,,EN,2025-12-19T00:00:00.000Z
MALARIA_EST_CASES,Estimated number of malaria cases,text,AFR,Africa,Country,STP,Sao Tome and Principe,Year,2013,false,,,,,,,,,,,,,9243,,,,,,9243,,,EN,2025-12-19T00:00:00.000Z
MALARIA_EST_CASES,Estimated number of malaria cases,text,AMR,Americas,Country,ARG,Argentina,Year,2012,false,,,,,,,,,,,,,0,,,,,,0,,,EN,2025-12-19T00:00:00.000Z
MALARIA_EST_CASES,Estimated number of malaria cases,text,EUR,Europe,Country,ARM,Armenia,Year,2012,false,,,,,,,,,,,,,0,,,,,,0,,,EN,2025-12-19T00:00:00.000Z
MALARIA_EST_CASES,Estimated number of malaria cases,text,EMR,Eastern Mediterranean,Country,EGY,Egypt,Year,2012,false,,,,,,,,,,,,,0,,,,,,0,,,EN,2025-12-19T00:00:00.000Z
MALARIA_EST_CASES,Estimated number of malaria cases,text,EUR,Europe,Country,GEO,Georgia,Year,2012,false,,,,,,,,,,,,,0,,,,,,0,,,EN,2025-12-19T00:00:00.000Z
MALARIA_EST_CASES,Estimated number of malaria cases,text,EMR,Eastern Mediterranean,Country,IRQ,Iraq,Year,2012,false,,,,,,,,,,,,,0,,,,,,0,,,EN,2025-12-19T00:00:00.000Z
MALARIA_EST_CASES,Estimated number of malaria cases,text,EUR,Europe,Country,KAZ,Kazakhstan,Year,2012,false,,,,,,,,,,,,,0,,,,,,0,,,EN,2025-12-19T00:00:00.000Z
MALARIA_EST_CASES,Estimated number of malaria cases,text,EUR,Europe,Country,KGZ,Kyrgyzstan,Year,2012,false,,,,,,,,,,,,,0,,,,,,0,,,EN,2025-12-19T00:00:00.000Z
MALARIA_EST_CASES,Estimated number of malaria cases,text,EMR,Eastern Mediterranean,Country,MAR,Morocco,Year,2012,false,,,,,,,,,,,,,0,,,,,,0,,,EN,2025-12-19T00:00:00.000Z
MALARIA_EST_CASES,Estimated number of malaria cases,text,EMR,Eastern Mediterranean,Country,OMN,Oman,Year,2012,false,,,,,,,,,,,,,0,,,,,,0,,,EN,2025-12-19T00:00:00.000Z
MALARIA_EST_CASES,Estimated number of malaria cases,text,AMR,Americas,Country,PRY,Paraguay,Year,2012,false,,,,,,,,,,,,,0,,,,,,0,,,EN,2025-12-19T00:00:00.000Z
MALARIA_EST_CASES,Estimated number of malaria cases,text,EMR,Eastern Mediterranean,Country,SYR,Syrian Arab Republic,Year,2012,false,,,,,,,,,,,,,0,,,,,,0,,,EN,2025-12-19T00:00:00.000Z
MALARIA_EST_CASES,Estimated number of malaria cases,text,EUR,Europe,Country,TUR,Türkiye,Year,2012,false,,,,,,,,,,,,,0,,,,,,0,,,EN,2025-12-19T00:00:00.000Z
MALARIA_EST_CASES,Estimated number of malaria cases,text,EUR,Europe,Country,TKM,Turkmenistan,Year,2012,false,,,,,,,,,,,,,0,,,,,,0,,,EN,2025-12-19T00:00:00.000Z
MALARIA_EST_CASES,Estimated number of malaria cases,text,EMR,Eastern Mediterranean,Country,ARE,United Arab Emirates,Year,2012,false,,,,,,,,,,,,,0,,,,,,0,,,EN,2025-12-19T00:00:00.000Z
MALARIA_EST_CASES,Estimated number of malaria cases,text,EUR,Europe,Country,UZB,Uzbekistan,Year,2012,false,,,,,,,,,,,,,0,,,,,,0,,,EN,2025-12-19T00:00:00.000Z
MALARIA_EST_CASES,Estimated number of malaria cases,text,AFR,Africa,Country,CPV,Cabo Verde,Year,2012,false,,,,,,,,,,,,,1,,,,,,1,,,EN,2025-12-19T00:00:00.000Z
MALARIA_EST_CASES,Estimated number of malaria cases,text,AFR,Africa,Country,COG,Congo,Year,2012,false,,,,,,,,,,,,,1023460,,,656000,,1531000,1 023 460 [656 000-1 531 000],,,EN,2025-12-19T00:00:00.000Z
MALARIA_EST_CASES,Estimated number of malaria cases,text,AFR,Africa,Country,LBR,Liberia,Year,2012,false,,,,,,,,,,,,,1163762,,,820000,,1605000,1 163 762 [820 000-1 605 000],,,EN,2025-12-19T00:00:00.000Z
MALARIA_EST_CASES,Estimated number of malaria cases,text,EMR,Eastern Mediterranean,Country,SDN,Sudan,Year,2012,false,,,,,,,,,,,,,1193740,,,908000,,1524000,1 193 740 [908 000-1 524 000],,,EN,2025-12-19T00:00:00.000Z
MALARIA_EST_CASES,Estimated number of malaria cases,text,WPR,Western Pacific,Country,PNG,Papua New Guinea,Year,2012,false,,,,,,,,,,,,,1249917,,,408000,,2564000,1 249 917 [408 000-2 564 000],,,EN,2025-12-19T00:00:00.000Z
MALARIA_EST_CASES,Estimated number of malaria cases,text,EMR,Eastern Mediterranean,Country,PAK,Pakistan,Year,2012,false,,,,,,,,,,,,,1652576,,,781000,,3340000,1 652 576 [781 000-3 340 000],,,EN,2025-12-19T00:00:00.000Z
MALARIA_EST_CASES,Estimated number of malaria cases,text,AFR,Africa,Country,MDG,Madagascar,Year,2012,false,,,,,,,,,,,,,1660818,,,1016000,,2608000,1 660 818 [1 016 000-2 608 000],,,EN,2025-12-19T00:00:00.000Z
MALARIA_EST_CASES,Estimated number of malaria cases,text,SEAR,South-East Asia,Country,MMR,Myanmar,Year,2012,false,,,,,,,,,,,,,1754334,,,1254000,,2535000,1 754 334 [1 254 000-2 535 000],,,EN,2025-12-19T00:00:00.000Z
MALARIA_EST_CASES,Estimated number of malaria cases,text,WPR,Western Pacific,Country,IDN,Indonesia,Year,2012,false,,,,,,,,,,,,,1797022,,,1620000,,2005000,1 797 022 [1 620 000-2 005 000],,,EN,2025-12-19T00:00:00.000Z
MALARIA_EST_CASES,Estimated number of malaria cases,text,AMR,Americas,Country,BOL,Bolivia (Plurinational State of),Year,2012,false,,,,,,,,,,,,,10048,,,7900,,12000,10 048 [7900-12 000],,,EN,2025-12-19T00:00:00.000Z
MALARIA_EST_CASES,Estimated number of malaria cases,text,AFR,Africa,Country,ETH,Ethiopia,Year,2012,false,,,,,,,,,,,,,10401659,,,5130000,,23840000,10 401 659 [5 130 000-23 840 000],,,EN,2025-12-19T00:00:00.000Z
MALARIA_EST_CASES,Estimated number of malaria cases,text,AMR,Americas,Country,GUF,French Guiana,Year,2012,false,,,,,,,,,,,,,1054,,,940,,1200,1054 [940-1200],,,EN,2025-12-19T00:00:00.000Z
MALARIA_EST_CASES,Estimated number of malaria cases,text,AFR,Africa,Country,UGA,Uganda,Year,2012,false,,,,,,,,,,,,,12011037,,,9539000,,14940000,12 011 037 [9 539 000-14 940 000],,,EN,2025-12-19T00:00:00.000Z
MALARIA_EST_CASES,Estimated number of malaria cases,text,AFR,Africa,Country,STP,Sao Tome and Principe,Year,2012,false,,,,,,,,,,,,,12550,,,,,,12 550,,,EN,2025-12-19T00:00:00.000Z
MALARIA_EST_CASES,Estimated number of malaria cases,text,AMR,Americas,Country,DOM,Dominican Republic,Year,2012,false,,,,,,,,,,,,,1232,,,1000,,1500,1232 [1000-1500],,,EN,2025-12-19T00:00:00.000Z
MALARIA_EST_CASES,Estimated number of malaria cases,text,AMR,Americas,Country,SLV,El Salvador,Year,2012,false,,,,,,,,,,,,,13,,,,,,13,,,EN,2025-12-19T00:00:00.000Z
MALARIA_EST_CASES,Estimated number of malaria cases,text,SEAR,South-East Asia,Country,NPL,Nepal,Year,2012,false,,,,,,,,,,,,,13662,,,8500,,28000,13 662 [8500-28 000],,,EN,2025-12-19T00:00:00.000Z
MALARIA_EST_CASES,Estimated number of malaria cases,text,AMR,Americas,Country,NIC,Nicaragua,Year,2012,false,,,,,,,,,,,,,1564,,,1300,,1800,1564 [1300-1800],,,EN,2025-12-19T00:00:00.000Z
MALARIA_EST_CASES,Estimated number of malaria cases,text,WPR,Western Pacific,Country,PHL,Philippines,Year,2012,false,,,,,,,,,,,,,19171,,,14000,,25000,19 171 [14 000-25 000],,,EN,2025-12-19T00:00:00.000Z
MALARIA_EST_CASES,Estimated number of malaria cases,text,AFR,Africa,Country,CAF,Central African Republic,Year,2012,false,,,,,,,,,,,,,2004745,,,1202000,,3144000,2 004 745 [1 202 000-3 144 000],,,EN,2025-12-19T00:00:00.000Z
MALARIA_EST_CASES,Estimated number of malaria cases,text,AFR,Africa,Country,BDI,Burundi,Year,2012,false,,,,,,,,,,,,,2338904,,,1788000,,3009000,2 338 904 [1 788 000-3 009 000],,,EN,2025-12-19T00:00:00.000Z
MALARIA_EST_CASES,Estimated number of malaria cases,text,AFR,Africa,Country,TGO,Togo,Year,2012,false,,,,,,,,,,,,,2387317,,,1894000,,2971000,2 387 317 [1 894 000-2 971 000],,,EN,2025-12-19T00:00:00.000Z
MALARIA_EST_CASES,Estimated number of malaria cases,text,AFR,Africa,Country,SLE,Sierra Leone,Year,2012,false,,,,,,,,,,,,,2708451,,,2144000,,3366000,2 708 451 [2 144 000-3 366 000],,,EN,2025-12-19T00:00:00.000Z
MALARIA_EST_CASES,Estimated number of malaria cases,text,AFR,Africa,Country,TCD,Chad,Year,2012,false,,,,,,,,,,,,,2815468,,,2097000,,3720000,2 815 468 [2 097 000-3 720 000],,,EN,2025-12-19T00:00:00.000Z
MALARIA_EST_CASES,Estimated number of malaria cases,text,AFR,Africa,Country,SSD,South Sudan,Year,2012,false,,,,,,,,,,,,,2994497,,,2263000,,3869000,2 994 497 [2 263 000-3 869 000],,,EN,2025-12-19T00:00:00.000Z
MALARIA_EST_CASES,Estimated number of malaria cases,text,AFR,Africa,Country,GNB,Guinea-Bissau,Year,2012,false,,,,,,,,,,,,,208994,,,106000,,374000,208 994 [106 000-374 000],,,EN,2025-12-19T00:00:00.000Z
MALARIA_EST_CASES,Estimated number of malaria cases,text,SEAR,South-East Asia,Country,PRK,Democratic People's Republic of Korea,Year,2012,false,,,,,,,,,,,,,21850,,,,,,21 850,,,EN,2025-12-19T00:00:00.000Z
MALARIA_EST_CASES,Estimated number of malaria cases,text,EMR,Eastern Mediterranean,Country,AFG,Afghanistan,Year,2012,false,,,,,,,,,,,,,220653,,,122000,,356000,220 653 [122 000-356 000],,,EN,2025-12-19T00:00:00.000Z
MALARIA_EST_CASES,Estimated number of malaria cases,text,EMR,Eastern Mediterranean,Country,DJI,Djibouti,Year,2012,false,,,,,,,,,,,,,2227,,,,,,2227,,,EN,2025-12-19T00:00:00.000Z
MALARIA_EST_CASES,Estimated number of malaria cases,text,SEAR,South-East Asia,Country,LKA,Sri Lanka,Year,2012,false,,,,,,,,,,,,,23,,,,,,23,,,EN,2025-12-19T00:00:00.000Z
MALARIA_EST_CASES,Estimated number of malaria cases,text,WPR,Western Pacific,Country,VNM,Viet Nam,Year,2012,false,,,,,,,,,,,,,23838,,,22000,,27000,23 838 [22 000-27 000],,,EN,2025-12-19T00:00:00.000Z
MALARIA_EST_CASES,Estimated number of malaria cases,text,AFR,Africa,Country,COD,Democratic Republic of the Congo,Year,2012,false,,,,,,,,,,,,,24598662,,,19390000,,30740000,24 598 662 [19 390 000-30 740 000],,,EN,2025-12-19T00:00:00.000Z
MALARIA_EST_CASES,Estimated number of malaria cases,text,WPR,Western Pacific,Country,CHN,China,Year,2012,false,,,,,,,,,,,,,244,,,,,,244,,,EN,2025-12-19T00:00:00.000Z
MALARIA_EST_CASES,Estimated number of malaria cases,text,AMR,Americas,Country,BRA,Brazil,Year,2012,false,,,,,,,,,,,,,258095,,,248000,,275000,258 095 [248 000-275 000],,,EN,2025-12-19T00:00:00.000Z
MALARIA_EST_CASES,Estimated number of malaria cases,text,WPR,Western Pacific,Country,KHM,Cambodia,Year,2012,false,,,,,,,,,,,,,260016,,,225000,,301000,260 016 [225 000-301 000],,,EN,2025-12-19T00:00:00.000Z
MALARIA_EST_CASES,Estimated number of malaria cases,text,EUR,Europe,Country,TJK,Tajikistan,Year,2012,false,,,,,,,,,,,,,28,,,,,,28,,,EN,2025-12-19T00:00:00.000Z
MALARIA_EST_CASES,Estimated number of malaria cases,text,AFR,Africa,Country,MYT,Mayotte,Year,2012,false,,,,,,,,,,,,,29,,,29,,29,29 [29-29],,,EN,2025-12-19T00:00:00.000Z
MALARIA_EST_CASES,Estimated number of malaria cases,text,EUR,Europe,Country,AZE,Azerbaijan,Year,2012,false,,,,,,,,,,,,,3,,,,,,3,,,EN,2025-12-19T00:00:00.000Z
MALARIA_EST_CASES,Estimated number of malaria cases,text,AFR,Africa,Country,ZMB,Zambia,Year,2012,false,,,,,,,,,,,,,3074514,,,2385000,,3867000,3 074 514 [2 385 000-3 867 000],,,EN,2025-12-19T00:00:00.000Z
MALARIA_EST_CASES,Estimated number of malaria cases,text,AFR,Africa,Country,KEN,Kenya,Year,2012,false,,,,,,,,,,,,,3696499,,,2777000,,4834000,3 696 499 [2 777 000-4 834 000],,,EN,2025-12-19T00:00:00.000Z
MALARIA_EST_CASES,Estimated number of malaria cases,text,AFR,Africa,Country,BEN,Benin,Year,2012,false,,,,,,,,,,,,,3797021,,,2986000,,4745000,3 797 021 [2 986 000-4 745 000],,,EN,2025-12-19T00:00:00.000Z
MALARIA_EST_CASES,Estimated number of malaria cases,text,AFR,Africa,Country,AGO,Angola,Year,2012,false,,,,,,,,,,,,,3853483,,,2857000,,5084000,3 853 483 [2 857 000-5 084 000],,,EN,2025-12-19T00:00:00.000Z
MALARIA_EST_CASES,Estimated number of malaria cases,text,AFR,Africa,Country,BWA,Botswana,Year,2012,false,,,,,,,,,,,,,304,,,230,,450,304 [230-450],,,EN,2025-12-19T00:00:00.000Z
MALARIA_EST_CASES,Estimated number of malaria cases,text,AMR,Americas,Country,BLZ,Belize,Year,2012,false,,,,,,,,,,,,,33,,,,,,33,,,EN,2025-12-19T00:00:00.000Z
MALARIA_EST_CASES,Estimated number of malaria cases,text,SEAR,South-East Asia,Country,BGD,Bangladesh,Year,2012,false,,,,,,,,,,,,,35375,,,31000,,40000,35 375 [31 000-40 000],,,EN,2025-12-19T00:00:00.000Z
MALARIA_EST_CASES,Estimated number of malaria cases,text,WPR,Western Pacific,Country,MYS,Malaysia,Year,2012,false,,,,,,,,,,,,,3662,,,,,,3662,,,EN,2025-12-19T00:00:00.000Z
MALARIA_EST_CASES,Estimated number of malaria cases,text,AFR,Africa,Country,GAB,Gabon,Year,2012,false,,,,,,,,,,,,,369662,,,190000,,649000,369 662 [190 000-649 000],,,EN,2025-12-19T00:00:00.000Z
MALARIA_EST_CASES,Estimated number of malaria cases,text,WPR,Western Pacific,Country,KOR,Republic of Korea,Year,2012,false,,,,,,,,,,,,,394,,,,,,394,,,EN,2025-12-19T00:00:00.000Z
MALARIA_EST_CASES,Estimated number of malaria cases,text,AFR,Africa,Country,GIN,Guinea,Year,2012,false,,,,,,,,,,,,,4715376,,,3910000,,5660000,4 715 376 [3 910 000-5 660 000],,,EN,2025-12-19T00:00:00.000Z
MALARIA_EST_CASES,Estimated number of malaria cases,text,AMR,Americas,Country,PER,Peru,Year,2012,false,,,,,,,,,,,,,40437,,,33000,,48000,40 437 [33 000-48 000],,,EN,2025-12-19T00:00:00.000Z
MALARIA_EST_CASES,Estimated number of malaria cases,text,AFR,Africa,Country,GNQ,Equatorial Guinea,Year,2012,false,,,,,,,,,,,,,404560,,,285000,,558000,404 560 [285 000-558 000],,,EN,2025-12-19T00:00:00.000Z
MALARIA_EST_CASES,Estimated number of malaria cases,text,AFR,Africa,Country,SWZ,Eswatini,Year,2012,false,,,,,,,,,,,,,409,,,,,,409,,,EN,2025-12-19T00:00:00.000Z
MALARIA_EST_CASES,Estimated number of malaria cases,text,EMR,Eastern Mediterranean,Country,SOM,Somalia,Year,2012,false,,,,,,,,,,,,,425283,,,307000,,576000,425 283 [307 000-576 000],,,EN,2025-12-19T00:00:00.000Z
MALARIA_EST_CASES,Estimated number of malaria cases,text,AMR,Americas,Country,GUY,Guyana,Year,2012,false,,,,,,,,,,,,,43572,,,36000,,52000,43 572 [36 000-52 000],,,EN,2025-12-19T00:00:00.000Z
MALARIA_EST_CASES,Estimated number of malaria cases,text,SEAR,South-East Asia,Country,THA,Thailand,Year,2012,false,,,,,,,,,,,,,46895,,,,,,46 895,,,EN,2025-12-19T00:00:00.000Z
MALARIA_EST_CASES,Estimated number of malaria cases,text,AFR,Africa,Country,COM,Comoros,Year,2012,false,,,,,,,,,,,,,49840,,,,,,49 840,,,EN,2025-12-19T00:00:00.000Z
MALARIA_EST_CASES,Estimated number of malaria cases,text,AFR,Africa,Country,CMR,Cameroon,Year,2012,false,,,,,,,,,,,,,5434180,,,4028000,,7178000,5 434 180 [4 028 000-7 178 000],,,EN,2025-12-19T00:00:00.000Z
MALARIA_EST_CASES,Estimated number of malaria cases,text,AFR,Africa,Country,MWI,Malawi,Year,2012,false,,,,,,,,,,,,,5576252,,,4397000,,6965000,5 576 252 [4 397 000-6 965 000],,,EN,2025-12-19T00:00:00.000Z
MALARIA_EST_CASES,Estimated number of malaria cases,text,AFR,Africa,Country,TZA,United Republic of Tanzania,Year,2012,false,,,,,,,,,,,,,5753489,,,4263000,,7592000,5 753 489 [4 263 000-7 592 000],,,EN,2025-12-19T00:00:00.000Z
MALARIA_EST_CASES,Estimated number of malaria cases,text,WPR,Western Pacific,Country,SLB,Solomon Islands,Year,2012,false,,,,,,,,,,,,,52221,,,39000,,73000,52 221 [39 000-73 000],,,EN,2025-12-19T00:00:00.000Z
MALARIA_EST_CASES,Estimated number of malaria cases,text,AFR,Africa,Country,ERI,Eritrea,Year,2012,false,,,,,,,,,,,,,52483,,,33000,,75000,52 483 [33 000-75 000],,,EN,2025-12-19T00:00:00.000Z
MALARIA_EST_CASES,Estimated number of malaria cases,text,AFR,Africa,Country,GMB,Gambia,Year,2012,false,,,,,,,,,,,,,523991,,,418000,,641000,523 991 [418 000-641 000],,,EN,2025-12-19T00:00:00.000Z
MALARIA_EST_CASES,Estimated number of malaria cases,text,AMR,Americas,Country,ECU,Ecuador,Year,2012,false,,,,,,,,,,,,,544,,,,,,544,,,EN,2025-12-19T00:00:00.000Z
MALARIA_EST_CASES,Estimated number of malaria cases,text,AFR,Africa,Country,NAM,Namibia,Year,2012,false,,,,,,,,,,,,,5456,,,2200,,9400,5456 [2200-9400],,,EN,2025-12-19T00:00:00.000Z
MALARIA_EST_CASES,Estimated number of malaria cases,text,AFR,Africa,Country,DZA,Algeria,Year,2012,false,,,,,,,,,,,,,55,,,,,,55,,,EN,2025-12-19T00:00:00.000Z
MALARIA_EST_CASES,Estimated number of malaria cases,text,AFR,Africa,Country,NGA,Nigeria,Year,2012,false,,,,,,,,,,,,,55718235,,,44970000,,68540000,55 718 235 [44 970 000-68 540 000],,,EN,2025-12-19T00:00:00.000Z
MALARIA_EST_CASES,Estimated number of malaria cases,text,AMR,Americas,Country,SUR,Suriname,Year,2012,false,,,,,,,,,,,,,569,,,,,,569,,,EN,2025-12-19T00:00:00.000Z
MALARIA_EST_CASES,Estimated number of malaria cases,text,AFR,Africa,Country,ZWE,Zimbabwe,Year,2012,false,,,,,,,,,,,,,592559,,,405000,,793000,592 559 [405 000-793 000],,,EN,2025-12-19T00:00:00.000Z
MALARIA_EST_CASES,Estimated number of malaria cases,text,AMR,Americas,Country,VEN,Venezuela (Bolivarian Republic of),Year,2012,false,,,,,,,,,,,,,61858,,,55000,,71000,61 858 [55 000-71 000],,,EN,2025-12-19T00:00:00.000Z
MALARIA_EST_CASES,Estimated number of malaria cases,text,AMR,Americas,Country,GTM,Guatemala,Year,2012,false,,,,,,,,,,,,,6262,,,5600,,7200,6262 [5600-7200],,,EN,2025-12-19T00:00:00.000Z
MALARIA_EST_CASES,Estimated number of malaria cases,text,AFR,Africa,Country,RWA,Rwanda,Year,2012,false,,,,,,,,,,,,,646386,,,511000,,787000,646 386 [511 000-787 000],,,EN,2025-12-19T00:00:00.000Z
MALARIA_EST_CASES,Estimated number of malaria cases,text,AMR,Americas,Country,HTI,Haiti,Year,2012,false,,,,,,,,,,,,,65545,,,40000,,102000,65 545 [40 000-102 000],,,EN,2025-12-19T00:00:00.000Z
MALARIA_EST_CASES,Estimated number of malaria cases,text,AFR,Africa,Country,ZAF,South Africa,Year,2012,false,,,,,,,,,,,,,6621,,,,,,6621,,,EN,2025-12-19T00:00:00.000Z
MALARIA_EST_CASES,Estimated number of malaria cases,text,AMR,Americas,Country,CRI,Costa Rica,Year,2012,false,,,,,,,,,,,,,7,,,,,,7,,,EN,2025-12-19T00:00:00.000Z
MALARIA_EST_CASES,Estimated number of malaria cases,text,AFR,Africa,Country,MLI,Mali,Year,2012,false,,,,,,,,,,,,,7194633,,,5122000,,9768000,7 194 633 [5 122 000-9 768 000],,,EN,2025-12-19T00:00:00.000Z
MALARIA_EST_CASES,Estimated number of malaria cases,text,AFR,Africa,Country,NER,Niger,Year,2012,false,,,,,,,,,,,,,7633594,,,5207000,,10810000,7 633 594 [5 207 000-10 810 000],,,EN,2025-12-19T00:00:00.000Z
MALARIA_EST_CASES,Estimated number of malaria cases,text,AFR,Africa,Country,SEN,Senegal,Year,2012,false,,,,,,,,,,,,,706020,,,490000,,957000,706 020 [490 000-957 000],,,EN,2025-12-19T00:00:00.000Z
MALARIA_EST_CASES,Estimated number of malaria cases,text,SEAR,South-East Asia,Country,TLS,Timor-Leste,Year,2012,false,,,,,,,,,,,,,7263,,,6100,,8500,7263 [6100-8500],,,EN,2025-12-19T00:00:00.000Z
MALARIA_EST_CASES,Estimated number of malaria cases,text,EMR,Eastern Mediterranean,Country,IRN,Iran (Islamic Republic of),Year,2012,false,,,,,,,,,,,,,756,,,,,,756,,,EN,2025-12-19T00:00:00.000Z
MALARIA_EST_CASES,Estimated number of malaria cases,text,WPR,Western Pacific,Country,LAO,Lao People's Democratic Republic,Year,2012,false,,,,,,,,,,,,,79939,,,58000,,106000,79 939 [58 000-106 000],,,EN,2025-12-19T00:00:00.000Z
MALARIA_EST_CASES,Estimated number of malaria cases,text,AFR,Africa,Country,CIV,Cote d'Ivoire,Year,2012,false,,,,,,,,,,,,,8804653,,,7047000,,10990000,8 804 653 [7 047 000-10 990 000],,,EN,2025-12-19T00:00:00.000Z
MALARIA_EST_CASES,Estimated number of malaria cases,text,SEAR,South-East Asia,Country,BTN,Bhutan,Year,2012,false,,,,,,,,,,,,,82,,,,,,82,,,EN,2025-12-19T00:00:00.000Z
MALARIA_EST_CASES,Estimated number of malaria cases,text,EMR,Eastern Mediterranean,Country,SAU,Saudi Arabia,Year,2012,false,,,,,,,,,,,,,82,,,,,,82,,,EN,2025-12-19T00:00:00.000Z
MALARIA_EST_CASES,Estimated number of malaria cases,text,AMR,Americas,Country,MEX,Mexico,Year,2012,false,,,,,,,,,,,,,833,,,,,,833,,,EN,2025-12-19T00:00:00.000Z
MALARIA_EST_CASES,Estimated number of malaria cases,text,AMR,Americas,Country,COL,Colombia,Year,2012,false,,,,,,,,,,,,,84176,,,64000,,105000,84 176 [64 000-105 000],,,EN,2025-12-19T00:00:00.000Z
MALARIA_EST_CASES,Estimated number of malaria cases,text,WPR,Western Pacific,Country,VUT,Vanuatu,Year,2012,false,,,,,,,,,,,,,8557,,,6500,,12000,8557 [6500-12 000],,,EN,2025-12-19T00:00:00.000Z
MALARIA_EST_CASES,Estimated number of malaria cases,text,EMR,Eastern Mediterranean,Country,YEM,Yemen,Year,2012,false,,,,,,,,,,,,,860962,,,574000,,1300000,860 962 [574 000-1 300 000],,,EN,2025-12-19T00:00:00.000Z
MALARIA_EST_CASES,Estimated number of malaria cases,text,AMR,Americas,Country,HND,Honduras,Year,2012,false,,,,,,,,,,,,,8706,,,6800,,11000,8706 [6800-11 000],,,EN,2025-12-19T00:00:00.000Z
MALARIA_EST_CASES,Estimated number of malaria cases,text,AFR,Africa,Country,MRT,Mauritania,Year,2012,false,,,,,,,,,,,,,88074,,,5500,,215000,88 074 [5500-215 000],,,EN,2025-12-19T00:00:00.000Z
MALARIA_EST_CASES,Estimated number of malaria cases,text,AMR,Americas,Country,PAN,Panama,Year,2012,false,,,,,,,,,,,,,888,,,860,,950,888 [860-950],,,EN,2025-12-19T00:00:00.000Z
MALARIA_EST_CASES,Estimated number of malaria cases,text,AFR,Africa,Country,MOZ,Mozambique,Year,2012,false,,,,,,,,,,,,,9132343,,,7468000,,11050000,9 132 343 [7 468 000-11 050 000],,,EN,2025-12-19T00:00:00.000Z
MALARIA_EST_CASES,Estimated number of malaria cases,text,AFR,Africa,Country,BFA,Burkina Faso,Year,2012,false,,,,,,,,,,,,,9159529,,,7380000,,11230000,9 159 529 [7 380 000-11 230 000],,,EN,2025-12-19T00:00:00.000Z
MALARIA_EST_CASES,Estimated number of malaria cases,text,SEAR,South-East Asia,Country,IND,India,Year,2012,false,,,,,,,,,,,,,9674537,,,7600000,,12170000,9 674 537 [7 600 000-12 170 000],,,EN,2025-12-19T00:00:00.000Z
MALARIA_EST_CASES,Estimated number of malaria cases,text,AFR,Africa,Country,GHA,Ghana,Year,2012,false,,,,,,,,,,,,,9819967,,,8026000,,11980000,9 819 967 [8 026 000-11 980 000],,,EN,2025-12-19T00:00:00.000Z
MALARIA_EST_CASES,Estimated number of malaria cases,text,AMR,Americas,Country,ARG,Argentina,Year,2011,false,,,,,,,,,,,,,0,,,,,,0,,,EN,2025-12-19T00:00:00.000Z
MALARIA_EST_CASES,Estimated number of malaria cases,text,EUR,Europe,Country,ARM,Armenia,Year,2011,false,,,,,,,,,,,,,0,,,,,,0,,,EN,2025-12-19T00:00:00.000Z
MALARIA_EST_CASES,Estimated number of malaria cases,text,EMR,Eastern Mediterranean,Country,EGY,Egypt,Year,2011,false,,,,,,,,,,,,,0,,,,,,0,,,EN,2025-12-19T00:00:00.000Z
MALARIA_EST_CASES,Estimated number of malaria cases,text,EUR,Europe,Country,GEO,Georgia,Year,2011,false,,,,,,,,,,,,,0,,,,,,0,,,EN,2025-12-19T00:00:00.000Z
MALARIA_EST_CASES,Estimated number of malaria cases,text,EMR,Eastern Mediterranean,Country,IRQ,Iraq,Year,2011,false,,,,,,,,,,,,,0,,,,,,0,,,EN,2025-12-19T00:00:00.000Z
MALARIA_EST_CASES,Estimated number of malaria cases,text,EUR,Europe,Country,KAZ,Kazakhstan,Year,2011,false,,,,,,,,,,,,,0,,,,,,0,,,EN,2025-12-19T00:00:00.000Z
MALARIA_EST_CASES,Estimated number of malaria cases,text,EUR,Europe,Country,KGZ,Kyrgyzstan,Year,2011,false,,,,,,,,,,,,,0,,,,,,0,,,EN,2025-12-19T00:00:00.000Z
MALARIA_EST_CASES,Estimated number of malaria cases,text,EMR,Eastern Mediterranean,Country,MAR,Morocco,Year,2011,false,,,,,,,,,,,,,0,,,,,,0,,,EN,2025-12-19T00:00:00.000Z
MALARIA_EST_CASES,Estimated number of malaria cases,text,EMR,Eastern Mediterranean,Country,OMN,Oman,Year,2011,false,,,,,,,,,,,,,0,,,,,,0,,,EN,2025-12-19T00:00:00.000Z
MALARIA_EST_CASES,Estimated number of malaria cases,text,EMR,Eastern Mediterranean,Country,SYR,Syrian Arab Republic,Year,2011,false,,,,,,,,,,,,,0,,,,,,0,,,EN,2025-12-19T00:00:00.000Z
MALARIA_EST_CASES,Estimated number of malaria cases,text,EUR,Europe,Country,TUR,Türkiye,Year,2011,false,,,,,,,,,,,,,0,,,,,,0,,,EN,2025-12-19T00:00:00.000Z
MALARIA_EST_CASES,Estimated number of malaria cases,text,EUR,Europe,Country,TKM,Turkmenistan,Year,2011,false,,,,,,,,,,,,,0,,,,,,0,,,EN,2025-12-19T00:00:00.000Z
MALARIA_EST_CASES,Estimated number of malaria cases,text,EMR,Eastern Mediterranean,Country,ARE,United Arab Emirates,Year,2011,false,,,,,,,,,,,,,0,,,,,,0,,,EN,2025-12-19T00:00:00.000Z
MALARIA_EST_CASES,Estimated number of malaria cases,text,EUR,Europe,Country,UZB,Uzbekistan,Year,2011,false,,,,,,,,,,,,,0,,,,,,0,,,EN,2025-12-19T00:00:00.000Z
MALARIA_EST_CASES,Estimated number of malaria cases,text,AFR,Africa,Country,DZA,Algeria,Year,2011,false,,,,,,,,,,,,,1,,,,,,1,,,EN,2025-12-19T00:00:00.000Z
MALARIA_EST_CASES,Estimated number of malaria cases,text,AMR,Americas,Country,PRY,Paraguay,Year,2011,false,,,,,,,,,,,,,1,,,,,,1,,,EN,2025-12-19T00:00:00.000Z
MALARIA_EST_CASES,Estimated number of malaria cases,text,EMR,Eastern Mediterranean,Country,SDN,Sudan,Year,2011,false,,,,,,,,,,,,,1157720,,,882000,,1489000,1 157 720 [882 000-1 489 000],,,EN,2025-12-19T00:00:00.000Z
MALARIA_EST_CASES,Estimated number of malaria cases,text,AFR,Africa,Country,LBR,Liberia,Year,2011,false,,,,,,,,,,,,,1263723,,,946000,,1660000,1 263 723 [946 000-1 660 000],,,EN,2025-12-19T00:00:00.000Z
MALARIA_EST_CASES,Estimated number of malaria cases,text,SEAR,South-East Asia,Country,MMR,Myanmar,Year,2011,false,,,,,,,,,,,,,1326603,,,1024000,,1772000,1 326 603 [1 024 000-1 772 000],,,EN,2025-12-19T00:00:00.000Z
MALARIA_EST_CASES,Estimated number of malaria cases,text,WPR,Western Pacific,Country,IDN,Indonesia,Year,2011,false,,,,,,,,,,,,,1811566,,,1633000,,2017000,1 811 566 [1 633 000-2 017 000],,,EN,2025-12-19T00:00:00.000Z
MALARIA_EST_CASES,Estimated number of malaria cases,text,EMR,Eastern Mediterranean,Country,PAK,Pakistan,Year,2011,false,,,,,,,,,,,,,1905938,,,911000,,3760000,1 905 938 [911 000-3 760 000],,,EN,2025-12-19T00:00:00.000Z
MALARIA_EST_CASES,Estimated number of malaria cases,text,AMR,Americas,Country,CRI,Costa Rica,Year,2011,false,,,,,,,,,,,,,10,,,,,,10,,,EN,2025-12-19T00:00:00.000Z
MALARIA_EST_CASES,Estimated number of malaria cases,text,AMR,Americas,Country,HND,Honduras,Year,2011,false,,,,,,,,,,,,,10269,,,8100,,13000,10 269 [8100-13 000],,,EN,2025-12-19T00:00:00.000Z
MALARIA_EST_CASES,Estimated number of malaria cases,text,AFR,Africa,Country,CIV,Cote d'Ivoire,Year,2011,false,,,,,,,,,,,,,10608018,,,8731000,,12800000,10 608 018 [8 731 000-12 800 000],,,EN,2025-12-19T00:00:00.000Z
MALARIA_EST_CASES,Estimated number of malaria cases,text,AMR,Americas,Country,MEX,Mexico,Year,2011,false,,,,,,,,,,,,,1039,,,,,,1039,,,EN,2025-12-19T00:00:00.000Z
MALARIA_EST_CASES,Estimated number of malaria cases,text,WPR,Western Pacific,Country,VUT,Vanuatu,Year,2011,false,,,,,,,,,,,,,11631,,,8900,,16000,11 631 [8900-16 000],,,EN,2025-12-19T00:00:00.000Z
MALARIA_EST_CASES,Estimated number of malaria cases,text,AMR,Americas,Country,NIC,Nicaragua,Year,2011,false,,,,,,,,,,,,,1171,,,970,,1400,1171 [970-1400],,,EN,2025-12-19T00:00:00.000Z
MALARIA_EST_CASES,Estimated number of malaria cases,text,SEAR,South-East Asia,Country,IND,India,Year,2011,false,,,,,,,,,,,,,12426642,,,9759000,,15690000,12 426 642 [9 759 000-15 690 000],,,EN,2025-12-19T00:00:00.000Z
MALARIA_EST_CASES,Estimated number of malaria cases,text,AFR,Africa,Country,UGA,Uganda,Year,2011,false,,,,,,,,,,,,,12771289,,,10100000,,15950000,12 771 289 [10 100 000-15 950 000],,,EN,2025-12-19T00:00:00.000Z
MALARIA_EST_CASES,Estimated number of malaria cases,text,AMR,Americas,Country,ECU,Ecuador,Year,2011,false,,,,,,,,,,,,,1219,,,,,,1219,,,EN,2025-12-19T00:00:00.000Z
MALARIA_EST_CASES,Estimated number of malaria cases,text,SEAR,South-East Asia,Country,LKA,Sri Lanka,Year,2011,false,,,,,,,,,,,,,124,,,,,,124,,,EN,2025-12-19T00:00:00.000Z
MALARIA_EST_CASES,Estimated number of malaria cases,text,WPR,Western Pacific,Country,CHN,China,Year,2011,false,,,,,,,,,,,,,1308,,,,,,1308,,,EN,2025-12-19T00:00:00.000Z
MALARIA_EST_CASES,Estimated number of malaria cases,text,AMR,Americas,Country,GUF,French Guiana,Year,2011,false,,,,,,,,,,,,,1413,,,1300,,1600,1413 [1300-1600],,,EN,2025-12-19T00:00:00.000Z
MALARIA_EST_CASES,Estimated number of malaria cases,text,SEAR,South-East Asia,Country,PRK,Democratic People's Republic of Korea,Year,2011,false,,,,,,,,,,,,,16760,,,,,,16 760,,,EN,2025-12-19T00:00:00.000Z
MALARIA_EST_CASES,Estimated number of malaria cases,text,AFR,Africa,Country,MRT,Mauritania,Year,2011,false,,,,,,,,,,,,,162490,,,32000,,349000,162 490 [32 000-349 000],,,EN,2025-12-19T00:00:00.000Z
MALARIA_EST_CASES,Estimated number of malaria cases,text,EMR,Eastern Mediterranean,Country,IRN,Iran (Islamic Republic of),Year,2011,false,,,,,,,,,,,,,1632,,,,,,1632,,,EN,2025-12-19T00:00:00.000Z
MALARIA_EST_CASES,Estimated number of malaria cases,text,SEAR,South-East Asia,Country,NPL,Nepal,Year,2011,false,,,,,,,,,,,,,18512,,,9700,,39000,18 512 [9700-39 000],,,EN,2025-12-19T00:00:00.000Z
MALARIA_EST_CASES,Estimated number of malaria cases,text,SEAR,South-East Asia,Country,BTN,Bhutan,Year,2011,false,,,,,,,,,,,,,194,,,,,,194,,,EN,2025-12-19T00:00:00.000Z
MALARIA_EST_CASES,Estimated number of malaria cases,text,AFR,Africa,Country,CAF,Central African Republic,Year,2011,false,,,,,,,,,,,,,2022476,,,1264000,,3110000,2 022 476 [1 264 000-3 110 000],,,EN,2025-12-19T00:00:00.000Z
MALARIA_EST_CASES,Estimated number of malaria cases,text,AFR,Africa,Country,TGO,Togo,Year,2011,false,,,,,,,,,,,,,2148045,,,1646000,,2757000,2 148 045 [1 646 000-2 757 000],,,EN,2025-12-19T00:00:00.000Z
MALARIA_EST_CASES,Estimated number of malaria cases,text,AFR,Africa,Country,BDI,Burundi,Year,2011,false,,,,,,,,,,,,,2384307,,,1791000,,3097000,2 384 307 [1 791 000-3 097 000],,,EN,2025-12-19T00:00:00.000Z
MALARIA_EST_CASES,Estimated number of malaria cases,text,AFR,Africa,Country,ZMB,Zambia,Year,2011,false,,,,,,,,,,,,,2614996,,,2044000,,3285000,2 614 996 [2 044 000-3 285 000],,,EN,2025-12-19T00:00:00.000Z
MALARIA_EST_CASES,Estimated number of malaria cases,text,AFR,Africa,Country,SLE,Sierra Leone,Year,2011,false,,,,,,,,,,,,,2732401,,,2120000,,3472000,2 732 401 [2 120 000-3 472 000],,,EN,2025-12-19T00:00:00.000Z
MALARIA_EST_CASES,Estimated number of malaria cases,text,AFR,Africa,Country,TCD,Chad,Year,2011,false,,,,,,,,,,,,,2880875,,,2281000,,3597000,2 880 875 [2 281 000-3 597 000],,,EN,2025-12-19T00:00:00.000Z
MALARIA_EST_CASES,Estimated number of malaria cases,text,AFR,Africa,Country,SSD,South Sudan,Year,2011,false,,,,,,,,,,,,,2894329,,,2198000,,3735000,2 894 329 [2 198 000-3 735 000],,,EN,2025-12-19T00:00:00.000Z
MALARIA_EST_CASES,Estimated number of malaria cases,text,WPR,Western Pacific,Country,VNM,Viet Nam,Year,2011,false,,,,,,,,,,,,,20206,,,19000,,23000,20 206 [19 000-23 000],,,EN,2025-12-19T00:00:00.000Z
MALARIA_EST_CASES,Estimated number of malaria cases,text,AFR,Africa,Country,GNB,Guinea-Bissau,Year,2011,false,,,,,,,,,,,,,207934,,,109000,,365000,207 934 [109 000-365 000],,,EN,2025-12-19T00:00:00.000Z
MALARIA_EST_CASES,Estimated number of malaria cases,text,AMR,Americas,Country,DOM,Dominican Republic,Year,2011,false,,,,,,,,,,,,,2088,,,1700,,2500,2088 [1700-2500],,,EN,2025-12-19T00:00:00.000Z
MALARIA_EST_CASES,Estimated number of malaria cases,text,EMR,Eastern Mediterranean,Country,DJI,Djibouti,Year,2011,false,,,,,,,,,,,,,2185,,,,,,2185,,,EN,2025-12-19T00:00:00.000Z
MALARIA_EST_CASES,Estimated number of malaria cases,text,WPR,Western Pacific,Country,PHL,Philippines,Year,2011,false,,,,,,,,,,,,,23918,,,17000,,31000,23 918 [17 000-31 000],,,EN,2025-12-19T00:00:00.000Z
MALARIA_EST_CASES,Estimated number of malaria cases,text,AFR,Africa,Country,COM,Comoros,Year,2011,false,,,,,,,,,,,,,24856,,,,,,24 856,,,EN,2025-12-19T00:00:00.000Z
MALARIA_EST_CASES,Estimated number of malaria cases,text,SEAR,South-East Asia,Country,THA,Thailand,Year,2011,false,,,,,,,,,,,,,24897,,,,,,24 897,,,EN,2025-12-19T00:00:00.000Z
MALARIA_EST_CASES,Estimated number of malaria cases,text,AFR,Africa,Country,COD,Democratic Republic of the Congo,Year,2011,false,,,,,,,,,,,,,25522250,,,20390000,,31680000,25 522 250 [20 390 000-31 680 000],,,EN,2025-12-19T00:00:00.000Z
MALARIA_EST_CASES,Estimated number of malaria cases,text,AMR,Americas,Country,BRA,Brazil,Year,2011,false,,,,,,,,,,,,,284024,,,273000,,303000,284 024 [273 000-303 000],,,EN,2025-12-19T00:00:00.000Z
MALARIA_EST_CASES,Estimated number of malaria cases,text,AFR,Africa,Country,KEN,Kenya,Year,2011,false,,,,,,,,,,,,,3531077,,,2620000,,4691000,3 531 077 [2 620 000-4 691 000],,,EN,2025-12-19T00:00:00.000Z
MALARIA_EST_CASES,Estimated number of malaria cases,text,AFR,Africa,Country,AGO,Angola,Year,2011,false,,,,,,,,,,,,,3803798,,,2848000,,4966000,3 803 798 [2 848 000-4 966 000],,,EN,2025-12-19T00:00:00.000Z
MALARIA_EST_CASES,Estimated number of malaria cases,text,AFR,Africa,Country,BEN,Benin,Year,2011,false,,,,,,,,,,,,,3865748,,,3047000,,4847000,3 865 748 [3 047 000-4 847 000],,,EN,2025-12-19T00:00:00.000Z
MALARIA_EST_CASES,Estimated number of malaria cases,text,WPR,Western Pacific,Country,LAO,Lao People's Democratic Republic,Year,2011,false,,,,,,,,,,,,,30366,,,22000,,40000,30 366 [22 000-40 000],,,EN,2025-12-19T00:00:00.000Z
MALARIA_EST_CASES,Estimated number of malaria cases,text,SEAR,South-East Asia,Country,TLS,Timor-Leste,Year,2011,false,,,,,,,,,,,,,30828,,,25000,,38000,30 828 [25 000-38 000],,,EN,2025-12-19T00:00:00.000Z
MALARIA_EST_CASES,Estimated number of malaria cases,text,AMR,Americas,Country,PER,Peru,Year,2011,false,,,,,,,,,,,,,30924,,,26000,,36000,30 924 [26 000-36 000],,,EN,2025-12-19T00:00:00.000Z
MALARIA_EST_CASES,Estimated number of malaria cases,text,AFR,Africa,Country,NAM,Namibia,Year,2011,false,,,,,,,,,,,,,3092,,,2100,,4700,3092 [2100-4700],,,EN,2025-12-19T00:00:00.000Z
MALARIA_EST_CASES,Estimated number of malaria cases,text,AFR,Africa,Country,GAB,Gabon,Year,2011,false,,,,,,,,,,,,,348201,,,170000,,639000,348 201 [170 000-639 000],,,EN,2025-12-19T00:00:00.000Z
MALARIA_EST_CASES,Estimated number of malaria cases,text,AFR,Africa,Country,GNQ,Equatorial Guinea,Year,2011,false,,,,,,,,,,,,,361159,,,252000,,501000,361 159 [252 000-501 000],,,EN,2025-12-19T00:00:00.000Z
MALARIA_EST_CASES,Estimated number of malaria cases,text,EMR,Eastern Mediterranean,Country,AFG,Afghanistan,Year,2011,false,,,,,,,,,,,,,362319,,,200000,,571000,362 319 [200 000-571 000],,,EN,2025-12-19T00:00:00.000Z
MALARIA_EST_CASES,Estimated number of malaria cases,text,WPR,Western Pacific,Country,KHM,Cambodia,Year,2011,false,,,,,,,,,,,,,368041,,,320000,,426000,368 041 [320 000-426 000],,,EN,2025-12-19T00:00:00.000Z
MALARIA_EST_CASES,Estimated number of malaria cases,text,AMR,Americas,Country,PAN,Panama,Year,2011,false,,,,,,,,,,,,,372,,,360,,400,372 [360-400],,,EN,2025-12-19T00:00:00.000Z
MALARIA_EST_CASES,Estimated number of malaria cases,text,AFR,Africa,Country,SWZ,Eswatini,Year,2011,false,,,,,,,,,,,,,379,,,,,,379,,,EN,2025-12-19T00:00:00.000Z
MALARIA_EST_CASES,Estimated number of malaria cases,text,AMR,Americas,Country,GUY,Guyana,Year,2011,false,,,,,,,,,,,,,38863,,,32000,,46000,38 863 [32 000-46 000],,,EN,2025-12-19T00:00:00.000Z
MALARIA_EST_CASES,Estimated number of malaria cases,text,AFR,Africa,Country,RWA,Rwanda,Year,2011,false,,,,,,,,,,,,,390611,,,292000,,495000,390 611 [292 000-495 000],,,EN,2025-12-19T00:00:00.000Z
MALARIA_EST_CASES,Estimated number of malaria cases,text,WPR,Western Pacific,Country,MYS,Malaysia,Year,2011,false,,,,,,,,,,,,,3954,,,,,,3954,,,EN,2025-12-19T00:00:00.000Z
MALARIA_EST_CASES,Estimated number of malaria cases,text,EUR,Europe,Country,AZE,Azerbaijan,Year,2011,false,,,,,,,,,,,,,4,,,,,,4,,,EN,2025-12-19T00:00:00.000Z
MALARIA_EST_CASES,Estimated number of malaria cases,text,AFR,Africa,Country,GIN,Guinea,Year,2011,false,,,,,,,,,,,,,4569440,,,3742000,,5505000,4 569 440 [3 742 000-5 505 000],,,EN,2025-12-19T00:00:00.000Z
MALARIA_EST_CASES,Estimated number of malaria cases,text,EMR,Eastern Mediterranean,Country,SOM,Somalia,Year,2011,false,,,,,,,,,,,,,415188,,,294000,,572000,415 188 [294 000-572 000],,,EN,2025-12-19T00:00:00.000Z
MALARIA_EST_CASES,Estimated number of malaria cases,text,AFR,Africa,Country,GMB,Gambia,Year,2011,false,,,,,,,,,,,,,473874,,,383000,,575000,473 874 [383 000-575 000],,,EN,2025-12-19T00:00:00.000Z
MALARIA_EST_CASES,Estimated number of malaria cases,text,AFR,Africa,Country,CMR,Cameroon,Year,2011,false,,,,,,,,,,,,,5393901,,,4102000,,6928000,5 393 901 [4 102 000-6 928 000],,,EN,2025-12-19T00:00:00.000Z
MALARIA_EST_CASES,Estimated number of malaria cases,text,AFR,Africa,Country,MYT,Mayotte,Year,2011,false,,,,,,,,,,,,,50,,,50,,50,50 [50-50],,,EN,2025-12-19T00:00:00.000Z
MALARIA_EST_CASES,Estimated number of malaria cases,text,WPR,Western Pacific,Country,KOR,Republic of Korea,Year,2011,false,,,,,,,,,,,,,505,,,,,,505,,,EN,2025-12-19T00:00:00.000Z
MALARIA_EST_CASES,Estimated number of malaria cases,text,AMR,Americas,Country,VEN,Venezuela (Bolivarian Republic of),Year,2011,false,,,,,,,,,,,,,53565,,,48000,,62000,53 565 [48 000-62 000],,,EN,2025-12-19T00:00:00.000Z
MALARIA_EST_CASES,Estimated number of malaria cases,text,AFR,Africa,Country,NGA,Nigeria,Year,2011,false,,,,,,,,,,,,,58184509,,,46920000,,71320000,58 184 509 [46 920 000-71 320 000],,,EN,2025-12-19T00:00:00.000Z
MALARIA_EST_CASES,Estimated number of malaria cases,text,AFR,Africa,Country,MWI,Malawi,Year,2011,false,,,,,,,,,,,,,6033448,,,4866000,,7390000,6 033 448 [4 866 000-7 390 000],,,EN,2025-12-19T00:00:00.000Z
MALARIA_EST_CASES,Estimated number of malaria cases,text,AFR,Africa,Country,TZA,United Republic of Tanzania,Year,2011,false,,,,,,,,,,,,,6120602,,,4551000,,8082000,6 120 602 [4 551 000-8 082 000],,,EN,2025-12-19T00:00:00.000Z
MALARIA_EST_CASES,Estimated number of malaria cases,text,AFR,Africa,Country,MLI,Mali,Year,2011,false,,,,,,,,,,,,,6491808,,,4634000,,8858000,6 491 808 [4 634 000-8 858 000],,,EN,2025-12-19T00:00:00.000Z
MALARIA_EST_CASES,Estimated number of malaria cases,text,WPR,Western Pacific,Country,SLB,Solomon Islands,Year,2011,false,,,,,,,,,,,,,62676,,,44000,,91000,62 676 [44 000-91 000],,,EN,2025-12-19T00:00:00.000Z
MALARIA_EST_CASES,Estimated number of malaria cases,text,AFR,Africa,Country,SEN,Senegal,Year,2011,false,,,,,,,,,,,,,626038,,,441000,,833000,626 038 [441 000-833 000],,,EN,2025-12-19T00:00:00.000Z
MALARIA_EST_CASES,Estimated number of malaria cases,text,SEAR,South-East Asia,Country,BGD,Bangladesh,Year,2011,false,,,,,,,,,,,,,63432,,,54000,,73000,63 432 [54 000-73 000],,,EN,2025-12-19T00:00:00.000Z
MALARIA_EST_CASES,Estimated number of malaria cases,text,EUR,Europe,Country,TJK,Tajikistan,Year,2011,false,,,,,,,,,,,,,65,,,,,,65,,,EN,2025-12-19T00:00:00.000Z
MALARIA_EST_CASES,Estimated number of malaria cases,text,AFR,Africa,Country,BWA,Botswana,Year,2011,false,,,,,,,,,,,,,682,,,520,,940,682 [520-940],,,EN,2025-12-19T00:00:00.000Z
MALARIA_EST_CASES,Estimated number of malaria cases,text,EMR,Eastern Mediterranean,Country,SAU,Saudi Arabia,Year,2011,false,,,,,,,,,,,,,69,,,,,,69,,,EN,2025-12-19T00:00:00.000Z
MALARIA_EST_CASES,Estimated number of malaria cases,text,AFR,Africa,Country,CPV,Cabo Verde,Year,2011,false,,,,,,,,,,,,,7,,,,,,7,,,EN,2025-12-19T00:00:00.000Z
MALARIA_EST_CASES,Estimated number of malaria cases,text,AMR,Americas,Country,SLV,El Salvador,Year,2011,false,,,,,,,,,,,,,7,,,,,,7,,,EN,2025-12-19T00:00:00.000Z
MALARIA_EST_CASES,Estimated number of malaria cases,text,AFR,Africa,Country,NER,Niger,Year,2011,false,,,,,,,,,,,,,7283090,,,5094000,,10040000,7 283 090 [5 094 000-10 040 000],,,EN,2025-12-19T00:00:00.000Z
MALARIA_EST_CASES,Estimated number of malaria cases,text,AMR,Americas,Country,BLZ,Belize,Year,2011,false,,,,,,,,,,,,,72,,,,,,72,,,EN,2025-12-19T00:00:00.000Z
MALARIA_EST_CASES,Estimated number of malaria cases,text,AFR,Africa,Country,ZWE,Zimbabwe,Year,2011,false,,,,,,,,,,,,,722030,,,475000,,996000,722 030 [475 000-996 000],,,EN,2025-12-19T00:00:00.000Z
MALARIA_EST_CASES,Estimated number of malaria cases,text,AFR,Africa,Country,ERI,Eritrea,Year,2011,false,,,,,,,,,,,,,76678,,,49000,,106000,76 678 [49 000-106 000],,,EN,2025-12-19T00:00:00.000Z
MALARIA_EST_CASES,Estimated number of malaria cases,text,EMR,Eastern Mediterranean,Country,YEM,Yemen,Year,2011,false,,,,,,,,,,,,,792771,,,493000,,1296000,792 771 [493 000-1 296 000],,,EN,2025-12-19T00:00:00.000Z
MALARIA_EST_CASES,Estimated number of malaria cases,text,AMR,Americas,Country,SUR,Suriname,Year,2011,false,,,,,,,,,,,,,795,,,,,,795,,,EN,2025-12-19T00:00:00.000Z
MALARIA_EST_CASES,Estimated number of malaria cases,text,AMR,Americas,Country,GTM,Guatemala,Year,2011,false,,,,,,,,,,,,,7968,,,7100,,9200,7968 [7100-9200],,,EN,2025-12-19T00:00:00.000Z
MALARIA_EST_CASES,Estimated number of malaria cases,text,AFR,Africa,Country,MOZ,Mozambique,Year,2011,false,,,,,,,,,,,,,8891760,,,7314000,,10720000,8 891 760 [7 314 000-10 720 000],,,EN,2025-12-19T00:00:00.000Z
MALARIA_EST_CASES,Estimated number of malaria cases,text,AMR,Americas,Country,HTI,Haiti,Year,2011,false,,,,,,,,,,,,,81483,,,49000,,127000,81 483 [49 000-127 000],,,EN,2025-12-19T00:00:00.000Z
MALARIA_EST_CASES,Estimated number of malaria cases,text,AFR,Africa,Country,STP,Sao Tome and Principe,Year,2011,false,,,,,,,,,,,,,8442,,,,,,8442,,,EN,2025-12-19T00:00:00.000Z
MALARIA_EST_CASES,Estimated number of malaria cases,text,AFR,Africa,Country,MDG,Madagascar,Year,2011,false,,,,,,,,,,,,,846187,,,516000,,1242000,846 187 [516 000-1 242 000],,,EN,2025-12-19T00:00:00.000Z
MALARIA_EST_CASES,Estimated number of malaria cases,text,WPR,Western Pacific,Country,PNG,Papua New Guinea,Year,2011,false,,,,,,,,,,,,,899054,,,326000,,1593000,899 054 [326 000-1 593 000],,,EN,2025-12-19T00:00:00.000Z
MALARIA_EST_CASES,Estimated number of malaria cases,text,AFR,Africa,Country,ETH,Ethiopia,Year,2011,false,,,,,,,,,,,,,9101932,,,3647000,,23770000,9 101 932 [3 647 000-23 770 000],,,EN,2025-12-19T00:00:00.000Z
MALARIA_EST_CASES,Estimated number of malaria cases,text,AFR,Africa,Country,BFA,Burkina Faso,Year,2011,false,,,,,,,,,,,,,9242057,,,7455000,,11290000,9 242 057 [7 455 000-11 290 000],,,EN,2025-12-19T00:00:00.000Z
MALARIA_EST_CASES,Estimated number of malaria cases,text,AFR,Africa,Country,GHA,Ghana,Year,2011,false,,,,,,,,,,,,,9789325,,,8019000,,11840000,9 789 325 [8 019 000-11 840 000],,,EN,2025-12-19T00:00:00.000Z
MALARIA_EST_CASES,Estimated number of malaria cases,text,AMR,Americas,Country,COL,Colombia,Year,2011,false,,,,,,,,,,,,,90130,,,69000,,113000,90 130 [69 000-113 000],,,EN,2025-12-19T00:00:00.000Z
MALARIA_EST_CASES,Estimated number of malaria cases,text,AMR,Americas,Country,BOL,Bolivia (Plurinational State of),Year,2011,false,,,,,,,,,,,,,9680,,,7600,,12000,9680 [7600-12 000],,,EN,2025-12-19T00:00:00.000Z
MALARIA_EST_CASES,Estimated number of malaria cases,text,AFR,Africa,Country,ZAF,South Africa,Year,2011,false,,,,,,,,,,,,,9866,,,,,,9866,,,EN,2025-12-19T00:00:00.000Z
MALARIA_EST_CASES,Estimated number of malaria cases,text,AFR,Africa,Country,COG,Congo,Year,2011,false,,,,,,,,,,,,,994217,,,635000,,1472000,994 217 [635 000-1 472 000],,,EN,2025-12-19T00:00:00.000Z
MALARIA_EST_CASES,Estimated number of malaria cases,text,EUR,Europe,Country,ARM,Armenia,Year,2010,false,,,,,,,,,,,,,0,,,,,,0,,,EN,2025-12-19T00:00:00.000Z
MALARIA_EST_CASES,Estimated number of malaria cases,text,EMR,Eastern Mediterranean,Country,EGY,Egypt,Year,2010,false,,,,,,,,,,,,,0,,,,,,0,,,EN,2025-12-19T00:00:00.000Z
MALARIA_EST_CASES,Estimated number of malaria cases,text,EUR,Europe,Country,GEO,Georgia,Year,2010,false,,,,,,,,,,,,,0,,,,,,0,,,EN,2025-12-19T00:00:00.000Z
MALARIA_EST_CASES,Estimated number of malaria cases,text,EMR,Eastern Mediterranean,Country,IRQ,Iraq,Year,2010,false,,,,,,,,,,,,,0,,,,,,0,,,EN,2025-12-19T00:00:00.000Z
MALARIA_EST_CASES,Estimated number of malaria cases,text,EUR,Europe,Country,KAZ,Kazakhstan,Year,2010,false,,,,,,,,,,,,,0,,,,,,0,,,EN,2025-12-19T00:00:00.000Z
MALARIA_EST_CASES,Estimated number of malaria cases,text,EMR,Eastern Mediterranean,Country,MAR,Morocco,Year,2010,false,,,,,,,,,,,,,0,,,,,,0,,,EN,2025-12-19T00:00:00.000Z
MALARIA_EST_CASES,Estimated number of malaria cases,text,EMR,Eastern Mediterranean,Country,OMN,Oman,Year,2010,false,,,,,,,,,,,,,0,,,,,,0,,,EN,2025-12-19T00:00:00.000Z
MALARIA_EST_CASES,Estimated number of malaria cases,text,EMR,Eastern Mediterranean,Country,SYR,Syrian Arab Republic,Year,2010,false,,,,,,,,,,,,,0,,,,,,0,,,EN,2025-12-19T00:00:00.000Z
MALARIA_EST_CASES,Estimated number of malaria cases,text,EUR,Europe,Country,TUR,Türkiye,Year,2010,false,,,,,,,,,,,,,0,,,,,,0,,,EN,2025-12-19T00:00:00.000Z
MALARIA_EST_CASES,Estimated number of malaria cases,text,EUR,Europe,Country,TKM,Turkmenistan,Year,2010,false,,,,,,,,,,,,,0,,,,,,0,,,EN,2025-12-19T00:00:00.000Z
MALARIA_EST_CASES,Estimated number of malaria cases,text,EMR,Eastern Mediterranean,Country,ARE,United Arab Emirates,Year,2010,false,,,,,,,,,,,,,0,,,,,,0,,,EN,2025-12-19T00:00:00.000Z
MALARIA_EST_CASES,Estimated number of malaria cases,text,AFR,Africa,Country,DZA,Algeria,Year,2010,false,,,,,,,,,,,,,1,,,,,,1,,,EN,2025-12-19T00:00:00.000Z
MALARIA_EST_CASES,Estimated number of malaria cases,text,WPR,Western Pacific,Country,PNG,Papua New Guinea,Year,2010,false,,,,,,,,,,,,,1079284,,,387000,,1924000,1 079 284 [387 000-1 924 000],,,EN,2025-12-19T00:00:00.000Z
MALARIA_EST_CASES,Estimated number of malaria cases,text,AFR,Africa,Country,RWA,Rwanda,Year,2010,false,,,,,,,,,,,,,1079765,,,748000,,1426000,1 079 765 [748 000-1 426 000],,,EN,2025-12-19T00:00:00.000Z
MALARIA_EST_CASES,Estimated number of malaria cases,text,AFR,Africa,Country,ZWE,Zimbabwe,Year,2010,false,,,,,,,,,,,,,1097776,,,597000,,1746000,1 097 776 [597 000-1 746 000],,,EN,2025-12-19T00:00:00.000Z
MALARIA_EST_CASES,Estimated number of malaria cases,text,EMR,Eastern Mediterranean,Country,YEM,Yemen,Year,2010,false,,,,,,,,,,,,,1131912,,,640000,,2130000,1 131 912 [640 000-2 130 000],,,EN,2025-12-19T00:00:00.000Z
MALARIA_EST_CASES,Estimated number of malaria cases,text,EMR,Eastern Mediterranean,Country,SDN,Sudan,Year,2010,false,,,,,,,,,,,,,1147070,,,866000,,1486000,1 147 070 [866 000-1 486 000],,,EN,2025-12-19T00:00:00.000Z
MALARIA_EST_CASES,Estimated number of malaria cases,text,AFR,Africa,Country,LBR,Liberia,Year,2010,false,,,,,,,,,,,,,1307545,,,994000,,1685000,1 307 545 [994 000-1 685 000],,,EN,2025-12-19T00:00:00.000Z
MALARIA_EST_CASES,Estimated number of malaria cases,text,EMR,Eastern Mediterranean,Country,PAK,Pakistan,Year,2010,false,,,,,,,,,,,,,1445704,,,641000,,3020000,1 445 704 [641 000-3 020 000],,,EN,2025-12-19T00:00:00.000Z
MALARIA_EST_CASES,Estimated number of malaria cases,text,SEAR,South-East Asia,Country,MMR,Myanmar,Year,2010,false,,,,,,,,,,,,,1507212,,,1100000,,2137000,1 507 212 [1 100 000-2 137 000],,,EN,2025-12-19T00:00:00.000Z
MALARIA_EST_CASES,Estimated number of malaria cases,text,WPR,Western Pacific,Country,IDN,Indonesia,Year,2010,false,,,,,,,,,,,,,1991459,,,1792000,,2218000,1 991 459 [1 792 000-2 218 000],,,EN,2025-12-19T00:00:00.000Z
MALARIA_EST_CASES,Estimated number of malaria cases,text,AFR,Africa,Country,CIV,Cote d'Ivoire,Year,2010,false,,,,,,,,,,,,,10302284,,,8455000,,12450000,10 302 284 [8 455 000-12 450 000],,,EN,2025-12-19T00:00:00.000Z
MALARIA_EST_CASES,Estimated number of malaria cases,text,EMR,Eastern Mediterranean,Country,DJI,Djibouti,Year,2010,false,,,,,,,,,,,,,1010,,,,,,1010,,,EN,2025-12-19T00:00:00.000Z
MALARIA_EST_CASES,Estimated number of malaria cases,text,AMR,Americas,Country,CRI,Costa Rica,Year,2010,false,,,,,,,,,,,,,110,,,,,,110,,,EN,2025-12-19T00:00:00.000Z
MALARIA_EST_CASES,Estimated number of malaria cases,text,EUR,Europe,Country,TJK,Tajikistan,Year,2010,false,,,,,,,,,,,,,111,,,,,,111,,,EN,2025-12-19T00:00:00.000Z
MALARIA_EST_CASES,Estimated number of malaria cases,text,AMR,Americas,Country,MEX,Mexico,Year,2010,false,,,,,,,,,,,,,1226,,,,,,1226,,,EN,2025-12-19T00:00:00.000Z
MALARIA_EST_CASES,Estimated number of malaria cases,text,AFR,Africa,Country,MRT,Mauritania,Year,2010,false,,,,,,,,,,,,,123009,,,6900,,274000,123 009 [6900-274 000],,,EN,2025-12-19T00:00:00.000Z
MALARIA_EST_CASES,Estimated number of malaria cases,text,WPR,Western Pacific,Country,KOR,Republic of Korea,Year,2010,false,,,,,,,,,,,,,1267,,,,,,1267,,,EN,2025-12-19T00:00:00.000Z
MALARIA_EST_CASES,Estimated number of malaria cases,text,AFR,Africa,Country,UGA,Uganda,Year,2010,false,,,,,,,,,,,,,13149835,,,10440000,,16320000,13 149 835 [10 440 000-16 320 000],,,EN,2025-12-19T00:00:00.000Z
MALARIA_EST_CASES,Estimated number of malaria cases,text,AMR,Americas,Country,HND,Honduras,Year,2010,false,,,,,,,,,,,,,13308,,,10000,,16000,13 308 [10 000-16 000],,,EN,2025-12-19T00:00:00.000Z
MALARIA_EST_CASES,Estimated number of malaria cases,text,SEAR,South-East Asia,Country,PRK,Democratic People's Republic of Korea,Year,2010,false,,,,,,,,,,,,,13520,,,,,,13 520,,,EN,2025-12-19T00:00:00.000Z
MALARIA_EST_CASES,Estimated number of malaria cases,text,SEAR,South-East Asia,Country,IND,India,Year,2010,false,,,,,,,,,,,,,15211854,,,11850000,,19570000,15 211 854 [11 850 000-19 570 000],,,EN,2025-12-19T00:00:00.000Z
MALARIA_EST_CASES,Estimated number of malaria cases,text,AMR,Americas,Country,BLZ,Belize,Year,2010,false,,,,,,,,,,,,,150,,,,,,150,,,EN,2025-12-19T00:00:00.000Z
MALARIA_EST_CASES,Estimated number of malaria cases,text,AMR,Americas,Country,COL,Colombia,Year,2010,false,,,,,,,,,,,,,164564,,,125000,,205000,164 564 [125 000-205 000],,,EN,2025-12-19T00:00:00.000Z
MALARIA_EST_CASES,Estimated number of malaria cases,text,AMR,Americas,Country,SLV,El Salvador,Year,2010,false,,,,,,,,,,,,,17,,,,,,17,,,EN,2025-12-19T00:00:00.000Z
MALARIA_EST_CASES,Estimated number of malaria cases,text,AMR,Americas,Country,SUR,Suriname,Year,2010,false,,,,,,,,,,,,,1771,,,,,,1771,,,EN,2025-12-19T00:00:00.000Z
MALARIA_EST_CASES,Estimated number of malaria cases,text,AMR,Americas,Country,BOL,Bolivia (Plurinational State of),Year,2010,false,,,,,,,,,,,,,18659,,,15000,,23000,18 659 [15 000-23 000],,,EN,2025-12-19T00:00:00.000Z
MALARIA_EST_CASES,Estimated number of malaria cases,text,EMR,Eastern Mediterranean,Country,IRN,Iran (Islamic Republic of),Year,2010,false,,,,,,,,,,,,,1847,,,,,,1847,,,EN,2025-12-19T00:00:00.000Z
MALARIA_EST_CASES,Estimated number of malaria cases,text,AMR,Americas,Country,ECU,Ecuador,Year,2010,false,,,,,,,,,,,,,1888,,,,,,1888,,,EN,2025-12-19T00:00:00.000Z
MALARIA_EST_CASES,Estimated number of malaria cases,text,AFR,Africa,Country,GNB,Guinea-Bissau,Year,2010,false,,,,,,,,,,,,,195072,,,111000,,320000,195 072 [111 000-320 000],,,EN,2025-12-19T00:00:00.000Z
MALARIA_EST_CASES,Estimated number of malaria cases,text,AFR,Africa,Country,CAF,Central African Republic,Year,2010,false,,,,,,,,,,,,,2035817,,,1314000,,3030000,2 035 817 [1 314 000-3 030 000],,,EN,2025-12-19T00:00:00.000Z
MALARIA_EST_CASES,Estimated number of malaria cases,text,AFR,Africa,Country,TGO,Togo,Year,2010,false,,,,,,,,,,,,,2144504,,,1640000,,2784000,2 144 504 [1 640 000-2 784 000],,,EN,2025-12-19T00:00:00.000Z
MALARIA_EST_CASES,Estimated number of malaria cases,text,AFR,Africa,Country,ZMB,Zambia,Year,2010,false,,,,,,,,,,,,,2373068,,,1871000,,2968000,2 373 068 [1 871 000-2 968 000],,,EN,2025-12-19T00:00:00.000Z
MALARIA_EST_CASES,Estimated number of malaria cases,text,AFR,Africa,Country,BDI,Burundi,Year,2010,false,,,,,,,,,,,,,2431684,,,1780000,,3231000,2 431 684 [1 780 000-3 231 000],,,EN,2025-12-19T00:00:00.000Z
MALARIA_EST_CASES,Estimated number of malaria cases,text,AFR,Africa,Country,SSD,South Sudan,Year,2010,false,,,,,,,,,,,,,2686136,,,2102000,,3380000,2 686 136 [2 102 000-3 380 000],,,EN,2025-12-19T00:00:00.000Z
MALARIA_EST_CASES,Estimated number of malaria cases,text,AFR,Africa,Country,SLE,Sierra Leone,Year,2010,false,,,,,,,,,,,,,2731064,,,2104000,,3477000,2 731 064 [2 104 000-3 477 000],,,EN,2025-12-19T00:00:00.000Z
MALARIA_EST_CASES,Estimated number of malaria cases,text,AFR,Africa,Country,TCD,Chad,Year,2010,false,,,,,,,,,,,,,2979466,,,2384000,,3674000,2 979 466 [2 384 000-3 674 000],,,EN,2025-12-19T00:00:00.000Z
MALARIA_EST_CASES,Estimated number of malaria cases,text,AMR,Americas,Country,PRY,Paraguay,Year,2010,false,,,,,,,,,,,,,20,,,,,,20,,,EN,2025-12-19T00:00:00.000Z
MALARIA_EST_CASES,Estimated number of malaria cases,text,WPR,Western Pacific,Country,VUT,Vanuatu,Year,2010,false,,,,,,,,,,,,,20972,,,15000,,29000,20 972 [15 000-29 000],,,EN,2025-12-19T00:00:00.000Z
MALARIA_EST_CASES,Estimated number of malaria cases,text,AMR,Americas,Country,GUF,French Guiana,Year,2010,false,,,,,,,,,,,,,2092,,,1700,,2700,2092 [1700-2700],,,EN,2025-12-19T00:00:00.000Z
MALARIA_EST_CASES,Estimated number of malaria cases,text,WPR,Western Pacific,Country,VNM,Viet Nam,Year,2010,false,,,,,,,,,,,,,22959,,,21000,,26000,22 959 [21 000-26 000],,,EN,2025-12-19T00:00:00.000Z
MALARIA_EST_CASES,Estimated number of malaria cases,text,AFR,Africa,Country,BWA,Botswana,Year,2010,false,,,,,,,,,,,,,2229,,,1300,,4000,2229 [1300-4000],,,EN,2025-12-19T00:00:00.000Z
MALARIA_EST_CASES,Estimated number of malaria cases,text,AFR,Africa,Country,MYT,Mayotte,Year,2010,false,,,,,,,,,,,,,237,,,237,,237,237 [237-237],,,EN,2025-12-19T00:00:00.000Z
MALARIA_EST_CASES,Estimated number of malaria cases,text,AFR,Africa,Country,NAM,Namibia,Year,2010,false,,,,,,,,,,,,,2590,,,800,,6200,2590 [800-6200],,,EN,2025-12-19T00:00:00.000Z
MALARIA_EST_CASES,Estimated number of malaria cases,text,AFR,Africa,Country,COD,Democratic Republic of the Congo,Year,2010,false,,,,,,,,,,,,,26144344,,,21050000,,32050000,26 144 344 [21 050 000-32 050 000],,,EN,2025-12-19T00:00:00.000Z
MALARIA_EST_CASES,Estimated number of malaria cases,text,AFR,Africa,Country,SWZ,Eswatini,Year,2010,false,,,,,,,,,,,,,268,,,,,,268,,,EN,2025-12-19T00:00:00.000Z
MALARIA_EST_CASES,Estimated number of malaria cases,text,EMR,Eastern Mediterranean,Country,SAU,Saudi Arabia,Year,2010,false,,,,,,,,,,,,,29,,,,,,29,,,EN,2025-12-19T00:00:00.000Z
MALARIA_EST_CASES,Estimated number of malaria cases,text,AMR,Americas,Country,GUY,Guyana,Year,2010,false,,,,,,,,,,,,,29631,,,24000,,35000,29 631 [24 000-35 000],,,EN,2025-12-19T00:00:00.000Z
MALARIA_EST_CASES,Estimated number of malaria cases,text,EMR,Eastern Mediterranean,Country,AFG,Afghanistan,Year,2010,false,,,,,,,,,,,,,292015,,,166000,,459000,292 015 [166 000-459 000],,,EN,2025-12-19T00:00:00.000Z
MALARIA_EST_CASES,Estimated number of malaria cases,text,EUR,Europe,Country,KGZ,Kyrgyzstan,Year,2010,false,,,,,,,,,,,,,3,,,,,,3,,,EN,2025-12-19T00:00:00.000Z
MALARIA_EST_CASES,Estimated number of malaria cases,text,EUR,Europe,Country,UZB,Uzbekistan,Year,2010,false,,,,,,,,,,,,,3,,,,,,3,,,EN,2025-12-19T00:00:00.000Z
MALARIA_EST_CASES,Estimated number of malaria cases,text,AFR,Africa,Country,KEN,Kenya,Year,2010,false,,,,,,,,,,,,,3339223,,,2470000,,4439000,3 339 223 [2 470 000-4 439 000],,,EN,2025-12-19T00:00:00.000Z
MALARIA_EST_CASES,Estimated number of malaria cases,text,AFR,Africa,Country,AGO,Angola,Year,2010,false,,,,,,,,,,,,,3968548,,,3008000,,5118000,3 968 548 [3 008 000-5 118 000],,,EN,2025-12-19T00:00:00.000Z
MALARIA_EST_CASES,Estimated number of malaria cases,text,SEAR,South-East Asia,Country,NPL,Nepal,Year,2010,false,,,,,,,,,,,,,30196,,,15000,,63000,30 196 [15 000-63 000],,,EN,2025-12-19T00:00:00.000Z
MALARIA_EST_CASES,Estimated number of malaria cases,text,AFR,Africa,Country,GAB,Gabon,Year,2010,false,,,,,,,,,,,,,305927,,,144000,,580000,305 927 [144 000-580 000],,,EN,2025-12-19T00:00:00.000Z
MALARIA_EST_CASES,Estimated number of malaria cases,text,AFR,Africa,Country,STP,Sao Tome and Principe,Year,2010,false,,,,,,,,,,,,,3146,,,,,,3146,,,EN,2025-12-19T00:00:00.000Z
MALARIA_EST_CASES,Estimated number of malaria cases,text,SEAR,South-East Asia,Country,THA,Thailand,Year,2010,false,,,,,,,,,,,,,32480,,,,,,32 480,,,EN,2025-12-19T00:00:00.000Z
MALARIA_EST_CASES,Estimated number of malaria cases,text,AMR,Americas,Country,DOM,Dominican Republic,Year,2010,false,,,,,,,,,,,,,3202,,,2600,,3800,3202 [2600-3800],,,EN,2025-12-19T00:00:00.000Z
MALARIA_EST_CASES,Estimated number of malaria cases,text,AFR,Africa,Country,GNQ,Equatorial Guinea,Year,2010,false,,,,,,,,,,,,,342895,,,238000,,477000,342 895 [238 000-477 000],,,EN,2025-12-19T00:00:00.000Z
MALARIA_EST_CASES,Estimated number of malaria cases,text,WPR,Western Pacific,Country,KHM,Cambodia,Year,2010,false,,,,,,,,,,,,,353293,,,291000,,429000,353 293 [291 000-429 000],,,EN,2025-12-19T00:00:00.000Z
MALARIA_EST_CASES,Estimated number of malaria cases,text,AFR,Africa,Country,COM,Comoros,Year,2010,false,,,,,,,,,,,,,36538,,,,,,36 538,,,EN,2025-12-19T00:00:00.000Z
MALARIA_EST_CASES,Estimated number of malaria cases,text,AMR,Americas,Country,PER,Peru,Year,2010,false,,,,,,,,,,,,,37847,,,33000,,43000,37 847 [33 000-43 000],,,EN,2025-12-19T00:00:00.000Z
MALARIA_EST_CASES,Estimated number of malaria cases,text,AMR,Americas,Country,BRA,Brazil,Year,2010,false,,,,,,,,,,,,,390024,,,348000,,422000,390 024 [348 000-422 000],,,EN,2025-12-19T00:00:00.000Z
MALARIA_EST_CASES,Estimated number of malaria cases,text,AFR,Africa,Country,BEN,Benin,Year,2010,false,,,,,,,,,,,,,4086249,,,3259000,,5090000,4 086 249 [3 259 000-5 090 000],,,EN,2025-12-19T00:00:00.000Z
MALARIA_EST_CASES,Estimated number of malaria cases,text,AFR,Africa,Country,GIN,Guinea,Year,2010,false,,,,,,,,,,,,,4322048,,,3477000,,5341000,4 322 048 [3 477 000-5 341 000],,,EN,2025-12-19T00:00:00.000Z
MALARIA_EST_CASES,Estimated number of malaria cases,text,WPR,Western Pacific,Country,LAO,Lao People's Democratic Republic,Year,2010,false,,,,,,,,,,,,,43766,,,31000,,59000,43 766 [31 000-59 000],,,EN,2025-12-19T00:00:00.000Z
MALARIA_EST_CASES,Estimated number of malaria cases,text,SEAR,South-East Asia,Country,BTN,Bhutan,Year,2010,false,,,,,,,,,,,,,436,,,,,,436,,,EN,2025-12-19T00:00:00.000Z
MALARIA_EST_CASES,Estimated number of malaria cases,text,AMR,Americas,Country,PAN,Panama,Year,2010,false,,,,,,,,,,,,,440,,,420,,470,440 [420-470],,,EN,2025-12-19T00:00:00.000Z
MALARIA_EST_CASES,Estimated number of malaria cases,text,AFR,Africa,Country,GMB,Gambia,Year,2010,false,,,,,,,,,,,,,448540,,,333000,,582000,448 540 [333 000-582 000],,,EN,2025-12-19T00:00:00.000Z
MALARIA_EST_CASES,Estimated number of malaria cases,text,AFR,Africa,Country,CPV,Cabo Verde,Year,2010,false,,,,,,,,,,,,,47,,,,,,47,,,EN,2025-12-19T00:00:00.000Z
MALARIA_EST_CASES,Estimated number of malaria cases,text,WPR,Western Pacific,Country,CHN,China,Year,2010,false,,,,,,,,,,,,,4990,,,,,,4990,,,EN,2025-12-19T00:00:00.000Z
MALARIA_EST_CASES,Estimated number of malaria cases,text,AFR,Africa,Country,MWI,Malawi,Year,2010,false,,,,,,,,,,,,,5779560,,,4668000,,7071000,5 779 560 [4 668 000-7 071 000],,,EN,2025-12-19T00:00:00.000Z
MALARIA_EST_CASES,Estimated number of malaria cases,text,AFR,Africa,Country,CMR,Cameroon,Year,2010,false,,,,,,,,,,,,,5815288,,,4444000,,7467000,5 815 288 [4 444 000-7 467 000],,,EN,2025-12-19T00:00:00.000Z
MALARIA_EST_CASES,Estimated number of malaria cases,text,AFR,Africa,Country,MLI,Mali,Year,2010,false,,,,,,,,,,,,,5957047,,,4268000,,8204000,5 957 047 [4 268 000-8 204 000],,,EN,2025-12-19T00:00:00.000Z
MALARIA_EST_CASES,Estimated number of malaria cases,text,EUR,Europe,Country,AZE,Azerbaijan,Year,2010,false,,,,,,,,,,,,,50,,,,,,50,,,EN,2025-12-19T00:00:00.000Z
MALARIA_EST_CASES,Estimated number of malaria cases,text,EMR,Eastern Mediterranean,Country,SOM,Somalia,Year,2010,false,,,,,,,,,,,,,504146,,,352000,,701000,504 146 [352 000-701 000],,,EN,2025-12-19T00:00:00.000Z
MALARIA_EST_CASES,Estimated number of malaria cases,text,WPR,Western Pacific,Country,MYS,Malaysia,Year,2010,false,,,,,,,,,,,,,5194,,,,,,5194,,,EN,2025-12-19T00:00:00.000Z
MALARIA_EST_CASES,Estimated number of malaria cases,text,WPR,Western Pacific,Country,PHL,Philippines,Year,2010,false,,,,,,,,,,,,,53512,,,37000,,71000,53 512 [37 000-71 000],,,EN,2025-12-19T00:00:00.000Z
MALARIA_EST_CASES,Estimated number of malaria cases,text,AMR,Americas,Country,ARG,Argentina,Year,2010,false,,,,,,,,,,,,,54,,,,,,54,,,EN,2025-12-19T00:00:00.000Z
MALARIA_EST_CASES,Estimated number of malaria cases,text,AMR,Americas,Country,VEN,Venezuela (Bolivarian Republic of),Year,2010,false,,,,,,,,,,,,,57905,,,48000,,74000,57 905 [48 000-74 000],,,EN,2025-12-19T00:00:00.000Z
MALARIA_EST_CASES,Estimated number of malaria cases,text,AFR,Africa,Country,TZA,United Republic of Tanzania,Year,2010,false,,,,,,,,,,,,,6515227,,,4813000,,8638000,6 515 227 [4 813 000-8 638 000],,,EN,2025-12-19T00:00:00.000Z
MALARIA_EST_CASES,Estimated number of malaria cases,text,AFR,Africa,Country,NER,Niger,Year,2010,false,,,,,,,,,,,,,6785885,,,4821000,,9379000,6 785 885 [4 821 000-9 379 000],,,EN,2025-12-19T00:00:00.000Z
MALARIA_EST_CASES,Estimated number of malaria cases,text,AFR,Africa,Country,NGA,Nigeria,Year,2010,false,,,,,,,,,,,,,60551056,,,49030000,,73900000,60 551 056 [49 030 000-73 900 000],,,EN,2025-12-19T00:00:00.000Z
MALARIA_EST_CASES,Estimated number of malaria cases,text,SEAR,South-East Asia,Country,LKA,Sri Lanka,Year,2010,false,,,,,,,,,,,,,684,,,,,,684,,,EN,2025-12-19T00:00:00.000Z
MALARIA_EST_CASES,Estimated number of malaria cases,text,SEAR,South-East Asia,Country,BGD,Bangladesh,Year,2010,false,,,,,,,,,,,,,69307,,,59000,,80000,69 307 [59 000-80 000],,,EN,2025-12-19T00:00:00.000Z
MALARIA_EST_CASES,Estimated number of malaria cases,text,AFR,Africa,Country,SEN,Senegal,Year,2010,false,,,,,,,,,,,,,763134,,,536000,,1015000,763 134 [536 000-1 015 000],,,EN,2025-12-19T00:00:00.000Z
MALARIA_EST_CASES,Estimated number of malaria cases,text,AFR,Africa,Country,MOZ,Mozambique,Year,2010,false,,,,,,,,,,,,,8692340,,,7151000,,10470000,8 692 340 [7 151 000-10 470 000],,,EN,2025-12-19T00:00:00.000Z
MALARIA_EST_CASES,Estimated number of malaria cases,text,AFR,Africa,Country,ZAF,South Africa,Year,2010,false,,,,,,,,,,,,,8060,,,,,,8060,,,EN,2025-12-19T00:00:00.000Z
MALARIA_EST_CASES,Estimated number of malaria cases,text,AFR,Africa,Country,ERI,Eritrea,Year,2010,false,,,,,,,,,,,,,83471,,,53000,,118000,83 471 [53 000-118 000],,,EN,2025-12-19T00:00:00.000Z
MALARIA_EST_CASES,Estimated number of malaria cases,text,AMR,Americas,Country,HTI,Haiti,Year,2010,false,,,,,,,,,,,,,85077,,,48000,,138000,85 077 [48 000-138 000],,,EN,2025-12-19T00:00:00.000Z
MALARIA_EST_CASES,Estimated number of malaria cases,text,AMR,Americas,Country,NIC,Nicaragua,Year,2010,false,,,,,,,,,,,,,876,,,730,,1000,876 [730-1000],,,EN,2025-12-19T00:00:00.000Z
MALARIA_EST_CASES,Estimated number of malaria cases,text,AFR,Africa,Country,BFA,Burkina Faso,Year,2010,false,,,,,,,,,,,,,9194223,,,7399000,,11260000,9 194 223 [7 399 000-11 260 000],,,EN,2025-12-19T00:00:00.000Z
MALARIA_EST_CASES,Estimated number of malaria cases,text,AFR,Africa,Country,GHA,Ghana,Year,2010,false,,,,,,,,,,,,,9334147,,,7627000,,11260000,9 334 147 [7 627 000-11 260 000],,,EN,2025-12-19T00:00:00.000Z
MALARIA_EST_CASES,Estimated number of malaria cases,text,AFR,Africa,Country,ETH,Ethiopia,Year,2010,false,,,,,,,,,,,,,9471475,,,3092000,,27090000,9 471 475 [3 092 000-27 090 000],,,EN,2025-12-19T00:00:00.000Z
MALARIA_EST_CASES,Estimated number of malaria cases,text,WPR,Western Pacific,Country,SLB,Solomon Islands,Year,2010,false,,,,,,,,,,,,,91425,,,66000,,131000,91 425 [66 000-131 000],,,EN,2025-12-19T00:00:00.000Z
MALARIA_EST_CASES,Estimated number of malaria cases,text,AMR,Americas,Country,GTM,Guatemala,Year,2010,false,,,,,,,,,,,,,9468,,,7800,,12000,9468 [7800-12 000],,,EN,2025-12-19T00:00:00.000Z
MALARIA_EST_CASES,Estimated number of malaria cases,text,SEAR,South-East Asia,Country,TLS,Timor-Leste,Year,2010,false,,,,,,,,,,,,,95412,,,68000,,126000,95 412 [68 000-126 000],,,EN,2025-12-19T00:00:00.000Z
MALARIA_EST_CASES,Estimated number of malaria cases,text,AFR,Africa,Country,COG,Congo,Year,2010,false,,,,,,,,,,,,,956879,,,618000,,1410000,956 879 [618 000-1 410 000],,,EN,2025-12-19T00:00:00.000Z
MALARIA_EST_CASES,Estimated number of malaria cases,text,AFR,Africa,Country,MDG,Madagascar,Year,2010,false,,,,,,,,,,,,,987619,,,571000,,1600000,987 619 [571 000-1 600 000],,,EN,2025-12-19T00:00:00.000Z
MALARIA_EST_CASES,Estimated number of malaria cases,text,AFR,Africa,Country,DZA,Algeria,Year,2009,false,,,,,,,,,,,,,0,,,,,,0,,,EN,2025-12-19T00:00:00.000Z
MALARIA_EST_CASES,Estimated number of malaria cases,text,EUR,Europe,Country,ARM,Armenia,Year,2009,false,,,,,,,,,,,,,0,,,,,,0,,,EN,2025-12-19T00:00:00.000Z
MALARIA_EST_CASES,Estimated number of malaria cases,text,EMR,Eastern Mediterranean,Country,EGY,Egypt,Year,2009,false,,,,,,,,,,,,,0,,,,,,0,,,EN,2025-12-19T00:00:00.000Z
MALARIA_EST_CASES,Estimated number of malaria cases,text,EMR,Eastern Mediterranean,Country,IRQ,Iraq,Year,2009,false,,,,,,,,,,,,,0,,,,,,0,,,EN,2025-12-19T00:00:00.000Z
MALARIA_EST_CASES,Estimated number of malaria cases,text,EUR,Europe,Country,KAZ,Kazakhstan,Year,2009,false,,,,,,,,,,,,,0,,,,,,0,,,EN,2025-12-19T00:00:00.000Z
MALARIA_EST_CASES,Estimated number of malaria cases,text,EMR,Eastern Mediterranean,Country,MAR,Morocco,Year,2009,false,,,,,,,,,,,,,0,,,,,,0,,,EN,2025-12-19T00:00:00.000Z
MALARIA_EST_CASES,Estimated number of malaria cases,text,EMR,Eastern Mediterranean,Country,OMN,Oman,Year,2009,false,,,,,,,,,,,,,0,,,,,,0,,,EN,2025-12-19T00:00:00.000Z
MALARIA_EST_CASES,Estimated number of malaria cases,text,EMR,Eastern Mediterranean,Country,SYR,Syrian Arab Republic,Year,2009,false,,,,,,,,,,,,,0,,,,,,0,,,EN,2025-12-19T00:00:00.000Z
MALARIA_EST_CASES,Estimated number of malaria cases,text,EUR,Europe,Country,TKM,Turkmenistan,Year,2009,false,,,,,,,,,,,,,0,,,,,,0,,,EN,2025-12-19T00:00:00.000Z
MALARIA_EST_CASES,Estimated number of malaria cases,text,EMR,Eastern Mediterranean,Country,ARE,United Arab Emirates,Year,2009,false,,,,,,,,,,,,,0,,,,,,0,,,EN,2025-12-19T00:00:00.000Z
MALARIA_EST_CASES,Estimated number of malaria cases,text,EUR,Europe,Country,UZB,Uzbekistan,Year,2009,false,,,,,,,,,,,,,0,,,,,,0,,,EN,2025-12-19T00:00:00.000Z
MALARIA_EST_CASES,Estimated number of malaria cases,text,EUR,Europe,Country,GEO,Georgia,Year,2009,false,,,,,,,,,,,,,1,,,,,,1,,,EN,2025-12-19T00:00:00.000Z
MALARIA_EST_CASES,Estimated number of malaria cases,text,EUR,Europe,Country,KGZ,Kyrgyzstan,Year,2009,false,,,,,,,,,,,,,1,,,,,,1,,,EN,2025-12-19T00:00:00.000Z
MALARIA_EST_CASES,Estimated number of malaria cases,text,EMR,Eastern Mediterranean,Country,PAK,Pakistan,Year,2009,false,,,,,,,,,,,,,1015691,,,439000,,2288000,1 015 691 [439 000-2 288 000],,,EN,2025-12-19T00:00:00.000Z
MALARIA_EST_CASES,Estimated number of malaria cases,text,EMR,Eastern Mediterranean,Country,SDN,Sudan,Year,2009,false,,,,,,,,,,,,,1185878,,,917000,,1518000,1 185 878 [917 000-1 518 000],,,EN,2025-12-19T00:00:00.000Z
MALARIA_EST_CASES,Estimated number of malaria cases,text,WPR,Western Pacific,Country,IDN,Indonesia,Year,2009,false,,,,,,,,,,,,,1285145,,,1061000,,1582000,1 285 145 [1 061 000-1 582 000],,,EN,2025-12-19T00:00:00.000Z
MALARIA_EST_CASES,Estimated number of malaria cases,text,AFR,Africa,Country,LBR,Liberia,Year,2009,false,,,,,,,,,,,,,1350162,,,1054000,,1701000,1 350 162 [1 054 000-1 701 000],,,EN,2025-12-19T00:00:00.000Z
MALARIA_EST_CASES,Estimated number of malaria cases,text,SEAR,South-East Asia,Country,MMR,Myanmar,Year,2009,false,,,,,,,,,,,,,1492378,,,1097000,,2134000,1 492 378 [1 097 000-2 134 000],,,EN,2025-12-19T00:00:00.000Z
MALARIA_EST_CASES,Estimated number of malaria cases,text,AFR,Africa,Country,RWA,Rwanda,Year,2009,false,,,,,,,,,,,,,1546660,,,1007000,,2170000,1 546 660 [1 007 000-2 170 000],,,EN,2025-12-19T00:00:00.000Z
MALARIA_EST_CASES,Estimated number of malaria cases,text,WPR,Western Pacific,Country,PNG,Papua New Guinea,Year,2009,false,,,,,,,,,,,,,1563409,,,598000,,2731000,1 563 409 [598 000-2 731 000],,,EN,2025-12-19T00:00:00.000Z
MALARIA_EST_CASES,Estimated number of malaria cases,text,SEAR,South-East Asia,Country,TLS,Timor-Leste,Year,2009,false,,,,,,,,,,,,,100128,,,65000,,140000,100 128 [65 000-140 000],,,EN,2025-12-19T00:00:00.000Z
MALARIA_EST_CASES,Estimated number of malaria cases,text,AFR,Africa,Country,MYT,Mayotte,Year,2009,false,,,,,,,,,,,,,102,,,102,,102,102 [102-102],,,EN,2025-12-19T00:00:00.000Z
MALARIA_EST_CASES,Estimated number of malaria cases,text,SEAR,South-East Asia,Country,BTN,Bhutan,Year,2009,false,,,,,,,,,,,,,1057,,,,,,1057,,,EN,2025-12-19T00:00:00.000Z
MALARIA_EST_CASES,Estimated number of malaria cases,text,AFR,Africa,Country,SWZ,Eswatini,Year,2009,false,,,,,,,,,,,,,106,,,,,,106,,,EN,2025-12-19T00:00:00.000Z
MALARIA_EST_CASES,Estimated number of malaria cases,text,AFR,Africa,Country,MRT,Mauritania,Year,2009,false,,,,,,,,,,,,,108312,,,3600,,254000,108 312 [3600-254 000],,,EN,2025-12-19T00:00:00.000Z
MALARIA_EST_CASES,Estimated number of malaria cases,text,AMR,Americas,Country,COL,Colombia,Year,2009,false,,,,,,,,,,,,,110555,,,84000,,138000,110 555 [84 000-138 000],,,EN,2025-12-19T00:00:00.000Z
MALARIA_EST_CASES,Estimated number of malaria cases,text,AMR,Americas,Country,HND,Honduras,Year,2009,false,,,,,,,,,,,,,12900,,,9900,,16000,12 900 [9900-16 000],,,EN,2025-12-19T00:00:00.000Z
MALARIA_EST_CASES,Estimated number of malaria cases,text,AFR,Africa,Country,UGA,Uganda,Year,2009,false,,,,,,,,,,,,,13297542,,,10750000,,16320000,13 297 542 [10 750 000-16 320 000],,,EN,2025-12-19T00:00:00.000Z
MALARIA_EST_CASES,Estimated number of malaria cases,text,AMR,Americas,Country,BOL,Bolivia (Plurinational State of),Year,2009,false,,,,,,,,,,,,,13344,,,10000,,16000,13 344 [10 000-16 000],,,EN,2025-12-19T00:00:00.000Z
MALARIA_EST_CASES,Estimated number of malaria cases,text,SEAR,South-East Asia,Country,PRK,Democratic People's Republic of Korea,Year,2009,false,,,,,,,,,,,,,14632,,,,,,14 632,,,EN,2025-12-19T00:00:00.000Z
MALARIA_EST_CASES,Estimated number of malaria cases,text,WPR,Western Pacific,Country,VUT,Vanuatu,Year,2009,false,,,,,,,,,,,,,14887,,,8200,,25000,14 887 [8200-25 000],,,EN,2025-12-19T00:00:00.000Z
MALARIA_EST_CASES,Estimated number of malaria cases,text,SEAR,South-East Asia,Country,IND,India,Year,2009,false,,,,,,,,,,,,,15853405,,,11920000,,21240000,15 853 405 [11 920 000-21 240 000],,,EN,2025-12-19T00:00:00.000Z
MALARIA_EST_CASES,Estimated number of malaria cases,text,AFR,Africa,Country,GNB,Guinea-Bissau,Year,2009,false,,,,,,,,,,,,,162319,,,112000,,228000,162 319 [112 000-228 000],,,EN,2025-12-19T00:00:00.000Z
MALARIA_EST_CASES,Estimated number of malaria cases,text,EUR,Europe,Country,TJK,Tajikistan,Year,2009,false,,,,,,,,,,,,,164,,,,,,164,,,EN,2025-12-19T00:00:00.000Z
MALARIA_EST_CASES,Estimated number of malaria cases,text,AMR,Americas,Country,GUY,Guyana,Year,2009,false,,,,,,,,,,,,,17877,,,14000,,22000,17 877 [14 000-22 000],,,EN,2025-12-19T00:00:00.000Z
MALARIA_EST_CASES,Estimated number of malaria cases,text,AFR,Africa,Country,CAF,Central African Republic,Year,2009,false,,,,,,,,,,,,,2099433,,,1400000,,3035000,2 099 433 [1 400 000-3 035 000],,,EN,2025-12-19T00:00:00.000Z
MALARIA_EST_CASES,Estimated number of malaria cases,text,AFR,Africa,Country,TGO,Togo,Year,2009,false,,,,,,,,,,,,,2248266,,,1674000,,2955000,2 248 266 [1 674 000-2 955 000],,,EN,2025-12-19T00:00:00.000Z
MALARIA_EST_CASES,Estimated number of malaria cases,text,AFR,Africa,Country,ZMB,Zambia,Year,2009,false,,,,,,,,,,,,,2249987,,,1753000,,2834000,2 249 987 [1 753 000-2 834 000],,,EN,2025-12-19T00:00:00.000Z
MALARIA_EST_CASES,Estimated number of malaria cases,text,AFR,Africa,Country,SSD,South Sudan,Year,2009,false,,,,,,,,,,,,,2506071,,,2027000,,3058000,2 506 071 [2 027 000-3 058 000],,,EN,2025-12-19T00:00:00.000Z
MALARIA_EST_CASES,Estimated number of malaria cases,text,AFR,Africa,Country,BDI,Burundi,Year,2009,false,,,,,,,,,,,,,2519306,,,1832000,,3396000,2 519 306 [1 832 000-3 396 000],,,EN,2025-12-19T00:00:00.000Z
MALARIA_EST_CASES,Estimated number of malaria cases,text,AFR,Africa,Country,SLE,Sierra Leone,Year,2009,false,,,,,,,,,,,,,2694987,,,2084000,,3402000,2 694 987 [2 084 000-3 402 000],,,EN,2025-12-19T00:00:00.000Z
MALARIA_EST_CASES,Estimated number of malaria cases,text,AFR,Africa,Country,TCD,Chad,Year,2009,false,,,,,,,,,,,,,2883287,,,2194000,,3746000,2 883 287 [2 194 000-3 746 000],,,EN,2025-12-19T00:00:00.000Z
MALARIA_EST_CASES,Estimated number of malaria cases,text,AMR,Americas,Country,SLV,El Salvador,Year,2009,false,,,,,,,,,,,,,21,,,,,,21,,,EN,2025-12-19T00:00:00.000Z
MALARIA_EST_CASES,Estimated number of malaria cases,text,AMR,Americas,Country,DOM,Dominican Republic,Year,2009,false,,,,,,,,,,,,,2115,,,1700,,2500,2115 [1700-2500],,,EN,2025-12-19T00:00:00.000Z
MALARIA_EST_CASES,Estimated number of malaria cases,text,WPR,Western Pacific,Country,VNM,Viet Nam,Year,2009,false,,,,,,,,,,,,,22853,,,21000,,26000,22 853 [21 000-26 000],,,EN,2025-12-19T00:00:00.000Z
MALARIA_EST_CASES,Estimated number of malaria cases,text,AFR,Africa,Country,GAB,Gabon,Year,2009,false,,,,,,,,,,,,,244304,,,117000,,456000,244 304 [117 000-456 000],,,EN,2025-12-19T00:00:00.000Z
MALARIA_EST_CASES,Estimated number of malaria cases,text,AMR,Americas,Country,SUR,Suriname,Year,2009,false,,,,,,,,,,,,,2499,,,,,,2499,,,EN,2025-12-19T00:00:00.000Z
MALARIA_EST_CASES,Estimated number of malaria cases,text,SEAR,South-East Asia,Country,NPL,Nepal,Year,2009,false,,,,,,,,,,,,,25643,,,12000,,60000,25 643 [12 000-60 000],,,EN,2025-12-19T00:00:00.000Z
MALARIA_EST_CASES,Estimated number of malaria cases,text,AMR,Americas,Country,BLZ,Belize,Year,2009,false,,,,,,,,,,,,,256,,,,,,256,,,EN,2025-12-19T00:00:00.000Z
MALARIA_EST_CASES,Estimated number of malaria cases,text,AFR,Africa,Country,COD,Democratic Republic of the Congo,Year,2009,false,,,,,,,,,,,,,26911954,,,21740000,,32850000,26 911 954 [21 740 000-32 850 000],,,EN,2025-12-19T00:00:00.000Z
MALARIA_EST_CASES,Estimated number of malaria cases,text,AMR,Americas,Country,CRI,Costa Rica,Year,2009,false,,,,,,,,,,,,,262,,,,,,262,,,EN,2025-12-19T00:00:00.000Z
MALARIA_EST_CASES,Estimated number of malaria cases,text,EMR,Eastern Mediterranean,Country,DJI,Djibouti,Year,2009,false,,,,,,,,,,,,,2686,,,,,,2686,,,EN,2025-12-19T00:00:00.000Z
MALARIA_EST_CASES,Estimated number of malaria cases,text,AFR,Africa,Country,ERI,Eritrea,Year,2009,false,,,,,,,,,,,,,27656,,,18000,,39000,27 656 [18 000-39 000],,,EN,2025-12-19T00:00:00.000Z
MALARIA_EST_CASES,Estimated number of malaria cases,text,AMR,Americas,Country,MEX,Mexico,Year,2009,false,,,,,,,,,,,,,2703,,,,,,2703,,,EN,2025-12-19T00:00:00.000Z
MALARIA_EST_CASES,Estimated number of malaria cases,text,AFR,Africa,Country,BWA,Botswana,Year,2009,false,,,,,,,,,,,,,2719,,,1300,,5300,2719 [1300-5300],,,EN,2025-12-19T00:00:00.000Z
MALARIA_EST_CASES,Estimated number of malaria cases,text,EMR,Eastern Mediterranean,Country,AFG,Afghanistan,Year,2009,false,,,,,,,,,,,,,274981,,,149000,,455000,274 981 [149 000-455 000],,,EN,2025-12-19T00:00:00.000Z
MALARIA_EST_CASES,Estimated number of malaria cases,text,SEAR,South-East Asia,Country,THA,Thailand,Year,2009,false,,,,,,,,,,,,,29462,,,,,,29 462,,,EN,2025-12-19T00:00:00.000Z
MALARIA_EST_CASES,Estimated number of malaria cases,text,AFR,Africa,Country,KEN,Kenya,Year,2009,false,,,,,,,,,,,,,3135574,,,2355000,,4069000,3 135 574 [2 355 000-4 069 000],,,EN,2025-12-19T00:00:00.000Z
MALARIA_EST_CASES,Estimated number of malaria cases,text,AFR,Africa,Country,GIN,Guinea,Year,2009,false,,,,,,,,,,,,,3994552,,,3069000,,5115000,3 994 552 [3 069 000-5 115 000],,,EN,2025-12-19T00:00:00.000Z
MALARIA_EST_CASES,Estimated number of malaria cases,text,AMR,Americas,Country,BRA,Brazil,Year,2009,false,,,,,,,,,,,,,328858,,,316000,,352000,328 858 [316 000-352 000],,,EN,2025-12-19T00:00:00.000Z
MALARIA_EST_CASES,Estimated number of malaria cases,text,AFR,Africa,Country,GNQ,Equatorial Guinea,Year,2009,false,,,,,,,,,,,,,344287,,,241000,,481000,344 287 [241 000-481 000],,,EN,2025-12-19T00:00:00.000Z
MALARIA_EST_CASES,Estimated number of malaria cases,text,AFR,Africa,Country,COM,Comoros,Year,2009,false,,,,,,,,,,,,,35622,,,,,,35 622,,,EN,2025-12-19T00:00:00.000Z
MALARIA_EST_CASES,Estimated number of malaria cases,text,EUR,Europe,Country,TUR,Türkiye,Year,2009,false,,,,,,,,,,,,,38,,,,,,38,,,EN,2025-12-19T00:00:00.000Z
MALARIA_EST_CASES,Estimated number of malaria cases,text,AFR,Africa,Country,BEN,Benin,Year,2009,false,,,,,,,,,,,,,4265555,,,3372000,,5295000,4 265 555 [3 372 000-5 295 000],,,EN,2025-12-19T00:00:00.000Z
MALARIA_EST_CASES,Estimated number of malaria cases,text,AFR,Africa,Country,AGO,Angola,Year,2009,false,,,,,,,,,,,,,4337475,,,3269000,,5633000,4 337 475 [3 269 000-5 633 000],,,EN,2025-12-19T00:00:00.000Z
MALARIA_EST_CASES,Estimated number of malaria cases,text,AFR,Africa,Country,SEN,Senegal,Year,2009,false,,,,,,,,,,,,,405713,,,277000,,552000,405 713 [277 000-552 000],,,EN,2025-12-19T00:00:00.000Z
MALARIA_EST_CASES,Estimated number of malaria cases,text,AMR,Americas,Country,GUF,French Guiana,Year,2009,false,,,,,,,,,,,,,4051,,,3600,,4700,4051 [3600-4700],,,EN,2025-12-19T00:00:00.000Z
MALARIA_EST_CASES,Estimated number of malaria cases,text,AMR,Americas,Country,VEN,Venezuela (Bolivarian Republic of),Year,2009,false,,,,,,,,,,,,,41927,,,37000,,49000,41 927 [37 000-49 000],,,EN,2025-12-19T00:00:00.000Z
MALARIA_EST_CASES,Estimated number of malaria cases,text,AMR,Americas,Country,ECU,Ecuador,Year,2009,false,,,,,,,,,,,,,4126,,,,,,4126,,,EN,2025-12-19T00:00:00.000Z
MALARIA_EST_CASES,Estimated number of malaria cases,text,WPR,Western Pacific,Country,KHM,Cambodia,Year,2009,false,,,,,,,,,,,,,426267,,,331000,,548000,426 267 [331 000-548 000],,,EN,2025-12-19T00:00:00.000Z
MALARIA_EST_CASES,Estimated number of malaria cases,text,EMR,Eastern Mediterranean,Country,IRN,Iran (Islamic Republic of),Year,2009,false,,,,,,,,,,,,,4345,,,,,,4345,,,EN,2025-12-19T00:00:00.000Z
MALARIA_EST_CASES,Estimated number of malaria cases,text,AFR,Africa,Country,GMB,Gambia,Year,2009,false,,,,,,,,,,,,,448654,,,334000,,584000,448 654 [334 000-584 000],,,EN,2025-12-19T00:00:00.000Z
MALARIA_EST_CASES,Estimated number of malaria cases,text,EMR,Eastern Mediterranean,Country,SOM,Somalia,Year,2009,false,,,,,,,,,,,,,455683,,,322000,,630000,455 683 [322 000-630 000],,,EN,2025-12-19T00:00:00.000Z
MALARIA_EST_CASES,Estimated number of malaria cases,text,WPR,Western Pacific,Country,LAO,Lao People's Democratic Republic,Year,2009,false,,,,,,,,,,,,,47466,,,33000,,66000,47 466 [33 000-66 000],,,EN,2025-12-19T00:00:00.000Z
MALARIA_EST_CASES,Estimated number of malaria cases,text,AFR,Africa,Country,MWI,Malawi,Year,2009,false,,,,,,,,,,,,,5435309,,,4338000,,6675000,5 435 309 [4 338 000-6 675 000],,,EN,2025-12-19T00:00:00.000Z
MALARIA_EST_CASES,Estimated number of malaria cases,text,AFR,Africa,Country,MLI,Mali,Year,2009,false,,,,,,,,,,,,,5630658,,,3905000,,7774000,5 630 658 [3 905 000-7 774 000],,,EN,2025-12-19T00:00:00.000Z
MALARIA_EST_CASES,Estimated number of malaria cases,text,AMR,Americas,Country,PER,Peru,Year,2009,false,,,,,,,,,,,,,52035,,,45000,,60000,52 035 [45 000-60 000],,,EN,2025-12-19T00:00:00.000Z
MALARIA_EST_CASES,Estimated number of malaria cases,text,SEAR,South-East Asia,Country,LKA,Sri Lanka,Year,2009,false,,,,,,,,,,,,,531,,,,,,531,,,EN,2025-12-19T00:00:00.000Z
MALARIA_EST_CASES,Estimated number of malaria cases,text,EMR,Eastern Mediterranean,Country,SAU,Saudi Arabia,Year,2009,false,,,,,,,,,,,,,58,,,,,,58,,,EN,2025-12-19T00:00:00.000Z
MALARIA_EST_CASES,Estimated number of malaria cases,text,WPR,Western Pacific,Country,PHL,Philippines,Year,2009,false,,,,,,,,,,,,,58824,,,40000,,79000,58 824 [40 000-79 000],,,EN,2025-12-19T00:00:00.000Z
MALARIA_EST_CASES,Estimated number of malaria cases,text,WPR,Western Pacific,Country,MYS,Malaysia,Year,2009,false,,,,,,,,,,,,,5955,,,,,,5955,,,EN,2025-12-19T00:00:00.000Z
MALARIA_EST_CASES,Estimated number of malaria cases,text,AFR,Africa,Country,NER,Niger,Year,2009,false,,,,,,,,,,,,,6017879,,,4323000,,8204000,6 017 879 [4 323 000-8 204 000],,,EN,2025-12-19T00:00:00.000Z
MALARIA_EST_CASES,Estimated number of malaria cases,text,AFR,Africa,Country,CMR,Cameroon,Year,2009,false,,,,,,,,,,,,,6711868,,,5181000,,8563000,6 711 868 [5 181 000-8 563 000],,,EN,2025-12-19T00:00:00.000Z
MALARIA_EST_CASES,Estimated number of malaria cases,text,AFR,Africa,Country,TZA,United Republic of Tanzania,Year,2009,false,,,,,,,,,,,,,6781466,,,5020000,,8969000,6 781 466 [5 020 000-8 969 000],,,EN,2025-12-19T00:00:00.000Z
MALARIA_EST_CASES,Estimated number of malaria cases,text,AFR,Africa,Country,NAM,Namibia,Year,2009,false,,,,,,,,,,,,,6068,,,790,,18000,6068 [790-18 000],,,EN,2025-12-19T00:00:00.000Z
MALARIA_EST_CASES,Estimated number of malaria cases,text,AFR,Africa,Country,ZAF,South Africa,Year,2009,false,,,,,,,,,,,,,6072,,,,,,6072,,,EN,2025-12-19T00:00:00.000Z
MALARIA_EST_CASES,Estimated number of malaria cases,text,AFR,Africa,Country,STP,Sao Tome and Principe,Year,2009,false,,,,,,,,,,,,,6182,,,,,,6182,,,EN,2025-12-19T00:00:00.000Z
MALARIA_EST_CASES,Estimated number of malaria cases,text,AFR,Africa,Country,NGA,Nigeria,Year,2009,false,,,,,,,,,,,,,63192869,,,51800000,,76430000,63 192 869 [51 800 000-76 430 000],,,EN,2025-12-19T00:00:00.000Z
MALARIA_EST_CASES,Estimated number of malaria cases,text,AFR,Africa,Country,CPV,Cabo Verde,Year,2009,false,,,,,,,,,,,,,65,,,,,,65,,,EN,2025-12-19T00:00:00.000Z
MALARIA_EST_CASES,Estimated number of malaria cases,text,EMR,Eastern Mediterranean,Country,YEM,Yemen,Year,2009,false,,,,,,,,,,,,,702010,,,361000,,1641000,702 010 [361 000-1 641 000],,,EN,2025-12-19T00:00:00.000Z
MALARIA_EST_CASES,Estimated number of malaria cases,text,WPR,Western Pacific,Country,SLB,Solomon Islands,Year,2009,false,,,,,,,,,,,,,75305,,,54000,,107000,75 305 [54 000-107 000],,,EN,2025-12-19T00:00:00.000Z
MALARIA_EST_CASES,Estimated number of malaria cases,text,AFR,Africa,Country,ZWE,Zimbabwe,Year,2009,false,,,,,,,,,,,,,763956,,,298000,,1347000,763 956 [298 000-1 347 000],,,EN,2025-12-19T00:00:00.000Z
MALARIA_EST_CASES,Estimated number of malaria cases,text,AMR,Americas,Country,NIC,Nicaragua,Year,2009,false,,,,,,,,,,,,,772,,,640,,910,772 [640-910],,,EN,2025-12-19T00:00:00.000Z
MALARIA_EST_CASES,Estimated number of malaria cases,text,EUR,Europe,Country,AZE,Azerbaijan,Year,2009,false,,,,,,,,,,,,,78,,,,,,78,,,EN,2025-12-19T00:00:00.000Z
MALARIA_EST_CASES,Estimated number of malaria cases,text,AFR,Africa,Country,ETH,Ethiopia,Year,2009,false,,,,,,,,,,,,,8006961,,,2647000,,22890000,8 006 961 [2 647 000-22 890 000],,,EN,2025-12-19T00:00:00.000Z
MALARIA_EST_CASES,Estimated number of malaria cases,text,AFR,Africa,Country,MOZ,Mozambique,Year,2009,false,,,,,,,,,,,,,8317814,,,6828000,,10000000,8 317 814 [6 828 000-10 000 000],,,EN,2025-12-19T00:00:00.000Z
MALARIA_EST_CASES,Estimated number of malaria cases,text,AFR,Africa,Country,GHA,Ghana,Year,2009,false,,,,,,,,,,,,,8463705,,,6808000,,10370000,8 463 705 [6 808 000-10 370 000],,,EN,2025-12-19T00:00:00.000Z
MALARIA_EST_CASES,Estimated number of malaria cases,text,AFR,Africa,Country,BFA,Burkina Faso,Year,2009,false,,,,,,,,,,,,,8932652,,,7147000,,10950000,8 932 652 [7 147 000-10 950 000],,,EN,2025-12-19T00:00:00.000Z
MALARIA_EST_CASES,Estimated number of malaria cases,text,AMR,Americas,Country,PRY,Paraguay,Year,2009,false,,,,,,,,,,,,,80,,,,,,80,,,EN,2025-12-19T00:00:00.000Z
MALARIA_EST_CASES,Estimated number of malaria cases,text,SEAR,South-East Asia,Country,BGD,Bangladesh,Year,2009,false,,,,,,,,,,,,,80603,,,68000,,94000,80 603 [68 000-94 000],,,EN,2025-12-19T00:00:00.000Z
MALARIA_EST_CASES,Estimated number of malaria cases,text,AMR,Americas,Country,PAN,Panama,Year,2009,false,,,,,,,,,,,,,819,,,790,,870,819 [790-870],,,EN,2025-12-19T00:00:00.000Z
MALARIA_EST_CASES,Estimated number of malaria cases,text,AMR,Americas,Country,GTM,Guatemala,Year,2009,false,,,,,,,,,,,,,8285,,,7400,,9600,8285 [7400-9600],,,EN,2025-12-19T00:00:00.000Z
MALARIA_EST_CASES,Estimated number of malaria cases,text,AMR,Americas,Country,HTI,Haiti,Year,2009,false,,,,,,,,,,,,,84091,,,48000,,137000,84 091 [48 000-137 000],,,EN,2025-12-19T00:00:00.000Z
MALARIA_EST_CASES,Estimated number of malaria cases,text,WPR,Western Pacific,Country,KOR,Republic of Korea,Year,2009,false,,,,,,,,,,,,,898,,,,,,898,,,EN,2025-12-19T00:00:00.000Z
MALARIA_EST_CASES,Estimated number of malaria cases,text,AFR,Africa,Country,CIV,Cote d'Ivoire,Year,2009,false,,,,,,,,,,,,,9374735,,,7689000,,11310000,9 374 735 [7 689 000-11 310 000],,,EN,2025-12-19T00:00:00.000Z
MALARIA_EST_CASES,Estimated number of malaria cases,text,AFR,Africa,Country,COG,Congo,Year,2009,false,,,,,,,,,,,,,918094,,,616000,,1318000,918 094 [616 000-1 318 000],,,EN,2025-12-19T00:00:00.000Z
MALARIA_EST_CASES,Estimated number of malaria cases,text,AMR,Americas,Country,ARG,Argentina,Year,2009,false,,,,,,,,,,,,,92,,,,,,92,,,EN,2025-12-19T00:00:00.000Z
MALARIA_EST_CASES,Estimated number of malaria cases,text,WPR,Western Pacific,Country,CHN,China,Year,2009,false,,,,,,,,,,,,,9287,,,,,,9287,,,EN,2025-12-19T00:00:00.000Z
MALARIA_EST_CASES,Estimated number of malaria cases,text,AFR,Africa,Country,MDG,Madagascar,Year,2009,false,,,,,,,,,,,,,960270,,,571000,,1547000,960 270 [571 000-1 547 000],,,EN,2025-12-19T00:00:00.000Z
MALARIA_EST_CASES,Estimated number of malaria cases,text,EUR,Europe,Country,ARM,Armenia,Year,2008,false,,,,,,,,,,,,,0,,,,,,0,,,EN,2025-12-19T00:00:00.000Z
MALARIA_EST_CASES,Estimated number of malaria cases,text,EMR,Eastern Mediterranean,Country,EGY,Egypt,Year,2008,false,,,,,,,,,,,,,0,,,,,,0,,,EN,2025-12-19T00:00:00.000Z
MALARIA_EST_CASES,Estimated number of malaria cases,text,EUR,Europe,Country,KAZ,Kazakhstan,Year,2008,false,,,,,,,,,,,,,0,,,,,,0,,,EN,2025-12-19T00:00:00.000Z
MALARIA_EST_CASES,Estimated number of malaria cases,text,EMR,Eastern Mediterranean,Country,MAR,Morocco,Year,2008,false,,,,,,,,,,,,,0,,,,,,0,,,EN,2025-12-19T00:00:00.000Z
MALARIA_EST_CASES,Estimated number of malaria cases,text,EMR,Eastern Mediterranean,Country,OMN,Oman,Year,2008,false,,,,,,,,,,,,,0,,,,,,0,,,EN,2025-12-19T00:00:00.000Z
MALARIA_EST_CASES,Estimated number of malaria cases,text,EMR,Eastern Mediterranean,Country,SYR,Syrian Arab Republic,Year,2008,false,,,,,,,,,,,,,0,,,,,,0,,,EN,2025-12-19T00:00:00.000Z
MALARIA_EST_CASES,Estimated number of malaria cases,text,EUR,Europe,Country,TKM,Turkmenistan,Year,2008,false,,,,,,,,,,,,,0,,,,,,0,,,EN,2025-12-19T00:00:00.000Z
MALARIA_EST_CASES,Estimated number of malaria cases,text,EMR,Eastern Mediterranean,Country,ARE,United Arab Emirates,Year,2008,false,,,,,,,,,,,,,0,,,,,,0,,,EN,2025-12-19T00:00:00.000Z
MALARIA_EST_CASES,Estimated number of malaria cases,text,WPR,Western Pacific,Country,PNG,Papua New Guinea,Year,2008,false,,,,,,,,,,,,,1180316,,,375000,,2158000,1 180 316 [375 000-2 158 000],,,EN,2025-12-19T00:00:00.000Z
MALARIA_EST_CASES,Estimated number of malaria cases,text,EMR,Eastern Mediterranean,Country,SDN,Sudan,Year,2008,false,,,,,,,,,,,,,1250162,,,935000,,1631000,1 250 162 [935 000-1 631 000],,,EN,2025-12-19T00:00:00.000Z
MALARIA_EST_CASES,Estimated number of malaria cases,text,WPR,Western Pacific,Country,IDN,Indonesia,Year,2008,false,,,,,,,,,,,,,1268965,,,1047000,,1561000,1 268 965 [1 047 000-1 561 000],,,EN,2025-12-19T00:00:00.000Z
MALARIA_EST_CASES,Estimated number of malaria cases,text,AFR,Africa,Country,LBR,Liberia,Year,2008,false,,,,,,,,,,,,,1364329,,,1066000,,1732000,1 364 329 [1 066 000-1 732 000],,,EN,2025-12-19T00:00:00.000Z
MALARIA_EST_CASES,Estimated number of malaria cases,text,SEAR,South-East Asia,Country,MMR,Myanmar,Year,2008,false,,,,,,,,,,,,,1573810,,,1157000,,2259000,1 573 810 [1 157 000-2 259 000],,,EN,2025-12-19T00:00:00.000Z
MALARIA_EST_CASES,Estimated number of malaria cases,text,AMR,Americas,Country,ARG,Argentina,Year,2008,false,,,,,,,,,,,,,105,,,,,,105,,,EN,2025-12-19T00:00:00.000Z
MALARIA_EST_CASES,Estimated number of malaria cases,text,WPR,Western Pacific,Country,KOR,Republic of Korea,Year,2008,false,,,,,,,,,,,,,1063,,,,,,1063,,,EN,2025-12-19T00:00:00.000Z
MALARIA_EST_CASES,Estimated number of malaria cases,text,AMR,Americas,Country,COL,Colombia,Year,2008,false,,,,,,,,,,,,,109966,,,84000,,137000,109 966 [84 000-137 000],,,EN,2025-12-19T00:00:00.000Z
MALARIA_EST_CASES,Estimated number of malaria cases,text,AMR,Americas,Country,HND,Honduras,Year,2008,false,,,,,,,,,,,,,11741,,,8900,,15000,11 741 [8900-15 000],,,EN,2025-12-19T00:00:00.000Z
MALARIA_EST_CASES,Estimated number of malaria cases,text,AFR,Africa,Country,NAM,Namibia,Year,2008,false,,,,,,,,,,,,,12094,,,1600,,33000,12 094 [1600-33 000],,,EN,2025-12-19T00:00:00.000Z
MALARIA_EST_CASES,Estimated number of malaria cases,text,AFR,Africa,Country,UGA,Uganda,Year,2008,false,,,,,,,,,,,,,12756439,,,10240000,,15660000,12 756 439 [10 240 000-15 660 000],,,EN,2025-12-19T00:00:00.000Z
MALARIA_EST_CASES,Estimated number of malaria cases,text,SEAR,South-East Asia,Country,BGD,Bangladesh,Year,2008,false,,,,,,,,,,,,,121043,,,96000,,150000,121 043 [96 000-150 000],,,EN,2025-12-19T00:00:00.000Z
MALARIA_EST_CASES,Estimated number of malaria cases,text,AMR,Americas,Country,BOL,Bolivia (Plurinational State of),Year,2008,false,,,,,,,,,,,,,13210,,,10000,,16000,13 210 [10 000-16 000],,,EN,2025-12-19T00:00:00.000Z
MALARIA_EST_CASES,Estimated number of malaria cases,text,AFR,Africa,Country,GNB,Guinea-Bissau,Year,2008,false,,,,,,,,,,,,,130206,,,96000,,172000,130 206 [96 000-172 000],,,EN,2025-12-19T00:00:00.000Z
MALARIA_EST_CASES,Estimated number of malaria cases,text,SEAR,South-East Asia,Country,TLS,Timor-Leste,Year,2008,false,,,,,,,,,,,,,134166,,,89000,,185000,134 166 [89 000-185 000],,,EN,2025-12-19T00:00:00.000Z
MALARIA_EST_CASES,Estimated number of malaria cases,text,AMR,Americas,Country,GUY,Guyana,Year,2008,false,,,,,,,,,,,,,16365,,,14000,,19000,16 365 [14 000-19 000],,,EN,2025-12-19T00:00:00.000Z
MALARIA_EST_CASES,Estimated number of malaria cases,text,SEAR,South-East Asia,Country,IND,India,Year,2008,false,,,,,,,,,,,,,16408857,,,12360000,,21980000,16 408 857 [12 360 000-21 980 000],,,EN,2025-12-19T00:00:00.000Z
MALARIA_EST_CASES,Estimated number of malaria cases,text,SEAR,South-East Asia,Country,PRK,Democratic People's Republic of Korea,Year,2008,false,,,,,,,,,,,,,16611,,,,,,16 611,,,EN,2025-12-19T00:00:00.000Z
MALARIA_EST_CASES,Estimated number of malaria cases,text,WPR,Western Pacific,Country,CHN,China,Year,2008,false,,,,,,,,,,,,,16650,,,,,,16 650,,,EN,2025-12-19T00:00:00.000Z
MALARIA_EST_CASES,Estimated number of malaria cases,text,EUR,Europe,Country,TUR,Türkiye,Year,2008,false,,,,,,,,,,,,,166,,,,,,166,,,EN,2025-12-19T00:00:00.000Z
MALARIA_EST_CASES,Estimated number of malaria cases,text,WPR,Western Pacific,Country,VNM,Viet Nam,Year,2008,false,,,,,,,,,,,,,17911,,,16000,,21000,17 911 [16 000-21 000],,,EN,2025-12-19T00:00:00.000Z
MALARIA_EST_CASES,Estimated number of malaria cases,text,EUR,Europe,Country,KGZ,Kyrgyzstan,Year,2008,false,,,,,,,,,,,,,18,,,,,,18,,,EN,2025-12-19T00:00:00.000Z
MALARIA_EST_CASES,Estimated number of malaria cases,text,AFR,Africa,Country,MYT,Mayotte,Year,2008,false,,,,,,,,,,,,,198,,,198,,198,198 [198-198],,,EN,2025-12-19T00:00:00.000Z
MALARIA_EST_CASES,Estimated number of malaria cases,text,AFR,Africa,Country,GAB,Gabon,Year,2008,false,,,,,,,,,,,,,199956,,,97000,,366000,199 956 [97 000-366 000],,,EN,2025-12-19T00:00:00.000Z
MALARIA_EST_CASES,Estimated number of malaria cases,text,EMR,Eastern Mediterranean,Country,IRQ,Iraq,Year,2008,false,,,,,,,,,,,,,2,,,,,,2,,,EN,2025-12-19T00:00:00.000Z
MALARIA_EST_CASES,Estimated number of malaria cases,text,AFR,Africa,Country,CAF,Central African Republic,Year,2008,false,,,,,,,,,,,,,2123317,,,1423000,,3053000,2 123 317 [1 423 000-3 053 000],,,EN,2025-12-19T00:00:00.000Z
MALARIA_EST_CASES,Estimated number of malaria cases,text,AFR,Africa,Country,ZMB,Zambia,Year,2008,false,,,,,,,,,,,,,2234659,,,1734000,,2814000,2 234 659 [1 734 000-2 814 000],,,EN,2025-12-19T00:00:00.000Z
MALARIA_EST_CASES,Estimated number of malaria cases,text,AFR,Africa,Country,SSD,South Sudan,Year,2008,false,,,,,,,,,,,,,2364003,,,1873000,,2943000,2 364 003 [1 873 000-2 943 000],,,EN,2025-12-19T00:00:00.000Z
MALARIA_EST_CASES,Estimated number of malaria cases,text,AFR,Africa,Country,BDI,Burundi,Year,2008,false,,,,,,,,,,,,,2456214,,,1747000,,3359000,2 456 214 [1 747 000-3 359 000],,,EN,2025-12-19T00:00:00.000Z
MALARIA_EST_CASES,Estimated number of malaria cases,text,AFR,Africa,Country,SLE,Sierra Leone,Year,2008,false,,,,,,,,,,,,,2517625,,,1887000,,3291000,2 517 625 [1 887 000-3 291 000],,,EN,2025-12-19T00:00:00.000Z
MALARIA_EST_CASES,Estimated number of malaria cases,text,AFR,Africa,Country,TGO,Togo,Year,2008,false,,,,,,,,,,,,,2524148,,,1859000,,3338000,2 524 148 [1 859 000-3 338 000],,,EN,2025-12-19T00:00:00.000Z
MALARIA_EST_CASES,Estimated number of malaria cases,text,AFR,Africa,Country,TCD,Chad,Year,2008,false,,,,,,,,,,,,,2699810,,,1846000,,3808000,2 699 810 [1 846 000-3 808 000],,,EN,2025-12-19T00:00:00.000Z
MALARIA_EST_CASES,Estimated number of malaria cases,text,AFR,Africa,Country,ERI,Eritrea,Year,2008,false,,,,,,,,,,,,,20767,,,13000,,29000,20 767 [13 000-29 000],,,EN,2025-12-19T00:00:00.000Z
MALARIA_EST_CASES,Estimated number of malaria cases,text,EMR,Eastern Mediterranean,Country,DJI,Djibouti,Year,2008,false,,,,,,,,,,,,,2057,,,,,,2057,,,EN,2025-12-19T00:00:00.000Z
MALARIA_EST_CASES,Estimated number of malaria cases,text,AFR,Africa,Country,MRT,Mauritania,Year,2008,false,,,,,,,,,,,,,208443,,,50000,,418000,208 443 [50 000-418 000],,,EN,2025-12-19T00:00:00.000Z
MALARIA_EST_CASES,Estimated number of malaria cases,text,AMR,Americas,Country,SUR,Suriname,Year,2008,false,,,,,,,,,,,,,2086,,,,,,2086,,,EN,2025-12-19T00:00:00.000Z
MALARIA_EST_CASES,Estimated number of malaria cases,text,WPR,Western Pacific,Country,KHM,Cambodia,Year,2008,false,,,,,,,,,,,,,214883,,,162000,,292000,214 883 [162 000-292 000],,,EN,2025-12-19T00:00:00.000Z
MALARIA_EST_CASES,Estimated number of malaria cases,text,AMR,Americas,Country,MEX,Mexico,Year,2008,false,,,,,,,,,,,,,2357,,,,,,2357,,,EN,2025-12-19T00:00:00.000Z
MALARIA_EST_CASES,Estimated number of malaria cases,text,AMR,Americas,Country,DOM,Dominican Republic,Year,2008,false,,,,,,,,,,,,,2365,,,1900,,2800,2365 [1900-2800],,,EN,2025-12-19T00:00:00.000Z
MALARIA_EST_CASES,Estimated number of malaria cases,text,AFR,Africa,Country,BWA,Botswana,Year,2008,false,,,,,,,,,,,,,2457,,,1200,,4900,2457 [1200-4900],,,EN,2025-12-19T00:00:00.000Z
MALARIA_EST_CASES,Estimated number of malaria cases,text,WPR,Western Pacific,Country,VUT,Vanuatu,Year,2008,false,,,,,,,,,,,,,26771,,,13000,,122000,26 771 [13 000-122 000],,,EN,2025-12-19T00:00:00.000Z
MALARIA_EST_CASES,Estimated number of malaria cases,text,AFR,Africa,Country,COD,Democratic Republic of the Congo,Year,2008,false,,,,,,,,,,,,,27676892,,,22500000,,33670000,27 676 892 [22 500 000-33 670 000],,,EN,2025-12-19T00:00:00.000Z
MALARIA_EST_CASES,Estimated number of malaria cases,text,SEAR,South-East Asia,Country,THA,Thailand,Year,2008,false,,,,,,,,,,,,,28569,,,,,,28 569,,,EN,2025-12-19T00:00:00.000Z
MALARIA_EST_CASES,Estimated number of malaria cases,text,AFR,Africa,Country,DZA,Algeria,Year,2008,false,,,,,,,,,,,,,3,,,,,,3,,,EN,2025-12-19T00:00:00.000Z
MALARIA_EST_CASES,Estimated number of malaria cases,text,AFR,Africa,Country,KEN,Kenya,Year,2008,false,,,,,,,,,,,,,3127750,,,2359000,,4059000,3 127 750 [2 359 000-4 059 000],,,EN,2025-12-19T00:00:00.000Z
MALARIA_EST_CASES,Estimated number of malaria cases,text,AFR,Africa,Country,GIN,Guinea,Year,2008,false,,,,,,,,,,,,,3749499,,,2738000,,5037000,3 749 499 [2 738 000-5 037 000],,,EN,2025-12-19T00:00:00.000Z
MALARIA_EST_CASES,Estimated number of malaria cases,text,SEAR,South-East Asia,Country,NPL,Nepal,Year,2008,false,,,,,,,,,,,,,31003,,,13000,,74000,31 003 [13 000-74 000],,,EN,2025-12-19T00:00:00.000Z
MALARIA_EST_CASES,Estimated number of malaria cases,text,EUR,Europe,Country,TJK,Tajikistan,Year,2008,false,,,,,,,,,,,,,318,,,,,,318,,,EN,2025-12-19T00:00:00.000Z
MALARIA_EST_CASES,Estimated number of malaria cases,text,SEAR,South-East Asia,Country,BTN,Bhutan,Year,2008,false,,,,,,,,,,,,,329,,,,,,329,,,EN,2025-12-19T00:00:00.000Z
MALARIA_EST_CASES,Estimated number of malaria cases,text,AMR,Americas,Country,SLV,El Salvador,Year,2008,false,,,,,,,,,,,,,33,,,,,,33,,,EN,2025-12-19T00:00:00.000Z
MALARIA_EST_CASES,Estimated number of malaria cases,text,AMR,Americas,Country,PRY,Paraguay,Year,2008,false,,,,,,,,,,,,,331,,,,,,331,,,EN,2025-12-19T00:00:00.000Z
MALARIA_EST_CASES,Estimated number of malaria cases,text,AMR,Americas,Country,BRA,Brazil,Year,2008,false,,,,,,,,,,,,,335694,,,322000,,358000,335 694 [322 000-358 000],,,EN,2025-12-19T00:00:00.000Z
MALARIA_EST_CASES,Estimated number of malaria cases,text,AFR,Africa,Country,CPV,Cabo Verde,Year,2008,false,,,,,,,,,,,,,35,,,,,,35,,,EN,2025-12-19T00:00:00.000Z
MALARIA_EST_CASES,Estimated number of malaria cases,text,AFR,Africa,Country,COM,Comoros,Year,2008,false,,,,,,,,,,,,,35626,,,,,,35 626,,,EN,2025-12-19T00:00:00.000Z
MALARIA_EST_CASES,Estimated number of malaria cases,text,AFR,Africa,Country,GNQ,Equatorial Guinea,Year,2008,false,,,,,,,,,,,,,360743,,,258000,,489000,360 743 [258 000-489 000],,,EN,2025-12-19T00:00:00.000Z
MALARIA_EST_CASES,Estimated number of malaria cases,text,AMR,Americas,Country,VEN,Venezuela (Bolivarian Republic of),Year,2008,false,,,,,,,,,,,,,37482,,,33000,,43000,37 482 [33 000-43 000],,,EN,2025-12-19T00:00:00.000Z
MALARIA_EST_CASES,Estimated number of malaria cases,text,AMR,Americas,Country,GUF,French Guiana,Year,2008,false,,,,,,,,,,,,,3884,,,3500,,4500,3884 [3500-4500],,,EN,2025-12-19T00:00:00.000Z
MALARIA_EST_CASES,Estimated number of malaria cases,text,AFR,Africa,Country,BEN,Benin,Year,2008,false,,,,,,,,,,,,,4369795,,,3436000,,5452000,4 369 795 [3 436 000-5 452 000],,,EN,2025-12-19T00:00:00.000Z
MALARIA_EST_CASES,Estimated number of malaria cases,text,AFR,Africa,Country,AGO,Angola,Year,2008,false,,,,,,,,,,,,,4921164,,,3729000,,6392000,4 921 164 [3 729 000-6 392 000],,,EN,2025-12-19T00:00:00.000Z
MALARIA_EST_CASES,Estimated number of malaria cases,text,EMR,Eastern Mediterranean,Country,AFG,Afghanistan,Year,2008,false,,,,,,,,,,,,,402909,,,211000,,709000,402 909 [211 000-709 000],,,EN,2025-12-19T00:00:00.000Z
MALARIA_EST_CASES,Estimated number of malaria cases,text,WPR,Western Pacific,Country,LAO,Lao People's Democratic Republic,Year,2008,false,,,,,,,,,,,,,41446,,,28000,,58000,41 446 [28 000-58 000],,,EN,2025-12-19T00:00:00.000Z
MALARIA_EST_CASES,Estimated number of malaria cases,text,AFR,Africa,Country,GMB,Gambia,Year,2008,false,,,,,,,,,,,,,448751,,,330000,,583000,448 751 [330 000-583 000],,,EN,2025-12-19T00:00:00.000Z
MALARIA_EST_CASES,Estimated number of malaria cases,text,AMR,Americas,Country,ECU,Ecuador,Year,2008,false,,,,,,,,,,,,,4891,,,,,,4891,,,EN,2025-12-19T00:00:00.000Z
MALARIA_EST_CASES,Estimated number of malaria cases,text,AFR,Africa,Country,MWI,Malawi,Year,2008,false,,,,,,,,,,,,,5022535,,,3955000,,6292000,5 022 535 [3 955 000-6 292 000],,,EN,2025-12-19T00:00:00.000Z
MALARIA_EST_CASES,Estimated number of malaria cases,text,AFR,Africa,Country,NER,Niger,Year,2008,false,,,,,,,,,,,,,5403729,,,3756000,,7532000,5 403 729 [3 756 000-7 532 000],,,EN,2025-12-19T00:00:00.000Z
MALARIA_EST_CASES,Estimated number of malaria cases,text,AFR,Africa,Country,MLI,Mali,Year,2008,false,,,,,,,,,,,,,5515727,,,3813000,,7710000,5 515 727 [3 813 000-7 710 000],,,EN,2025-12-19T00:00:00.000Z
MALARIA_EST_CASES,Estimated number of malaria cases,text,AFR,Africa,Country,ETH,Ethiopia,Year,2008,false,,,,,,,,,,,,,5601990,,,2029000,,16480000,5 601 990 [2 029 000-16 480 000],,,EN,2025-12-19T00:00:00.000Z
MALARIA_EST_CASES,Estimated number of malaria cases,text,EMR,Eastern Mediterranean,Country,YEM,Yemen,Year,2008,false,,,,,,,,,,,,,539905,,,278000,,1199000,539 905 [278 000-1 199 000],,,EN,2025-12-19T00:00:00.000Z
MALARIA_EST_CASES,Estimated number of malaria cases,text,AMR,Americas,Country,PER,Peru,Year,2008,false,,,,,,,,,,,,,54608,,,47000,,63000,54 608 [47 000-63 000],,,EN,2025-12-19T00:00:00.000Z
MALARIA_EST_CASES,Estimated number of malaria cases,text,AMR,Americas,Country,BLZ,Belize,Year,2008,false,,,,,,,,,,,,,540,,,,,,540,,,EN,2025-12-19T00:00:00.000Z
MALARIA_EST_CASES,Estimated number of malaria cases,text,AFR,Africa,Country,SWZ,Eswatini,Year,2008,false,,,,,,,,,,,,,58,,,,,,58,,,EN,2025-12-19T00:00:00.000Z
MALARIA_EST_CASES,Estimated number of malaria cases,text,EUR,Europe,Country,GEO,Georgia,Year,2008,false,,,,,,,,,,,,,6,,,,,,6,,,EN,2025-12-19T00:00:00.000Z
MALARIA_EST_CASES,Estimated number of malaria cases,text,WPR,Western Pacific,Country,MYS,Malaysia,Year,2008,false,,,,,,,,,,,,,6071,,,,,,6071,,,EN,2025-12-19T00:00:00.000Z
MALARIA_EST_CASES,Estimated number of malaria cases,text,EMR,Eastern Mediterranean,Country,SAU,Saudi Arabia,Year,2008,false,,,,,,,,,,,,,61,,,,,,61,,,EN,2025-12-19T00:00:00.000Z
MALARIA_EST_CASES,Estimated number of malaria cases,text,AFR,Africa,Country,MDG,Madagascar,Year,2008,false,,,,,,,,,,,,,625589,,,326000,,1089000,625 589 [326 000-1 089 000],,,EN,2025-12-19T00:00:00.000Z
MALARIA_EST_CASES,Estimated number of malaria cases,text,AFR,Africa,Country,STP,Sao Tome and Principe,Year,2008,false,,,,,,,,,,,,,6258,,,,,,6258,,,EN,2025-12-19T00:00:00.000Z
MALARIA_EST_CASES,Estimated number of malaria cases,text,AFR,Africa,Country,SEN,Senegal,Year,2008,false,,,,,,,,,,,,,628766,,,397000,,912000,628 766 [397 000-912 000],,,EN,2025-12-19T00:00:00.000Z
MALARIA_EST_CASES,Estimated number of malaria cases,text,AFR,Africa,Country,NGA,Nigeria,Year,2008,false,,,,,,,,,,,,,63355538,,,51780000,,76750000,63 355 538 [51 780 000-76 750 000],,,EN,2025-12-19T00:00:00.000Z
MALARIA_EST_CASES,Estimated number of malaria cases,text,SEAR,South-East Asia,Country,LKA,Sri Lanka,Year,2008,false,,,,,,,,,,,,,649,,,,,,649,,,EN,2025-12-19T00:00:00.000Z
MALARIA_EST_CASES,Estimated number of malaria cases,text,AFR,Africa,Country,RWA,Rwanda,Year,2008,false,,,,,,,,,,,,,683661,,,421000,,1001000,683 661 [421 000-1 001 000],,,EN,2025-12-19T00:00:00.000Z
MALARIA_EST_CASES,Estimated number of malaria cases,text,AFR,Africa,Country,ZWE,Zimbabwe,Year,2008,false,,,,,,,,,,,,,688884,,,141000,,1369000,688 884 [141 000-1 369 000],,,EN,2025-12-19T00:00:00.000Z
MALARIA_EST_CASES,Estimated number of malaria cases,text,EUR,Europe,Country,UZB,Uzbekistan,Year,2008,false,,,,,,,,,,,,,7,,,,,,7,,,EN,2025-12-19T00:00:00.000Z
MALARIA_EST_CASES,Estimated number of malaria cases,text,AFR,Africa,Country,CMR,Cameroon,Year,2008,false,,,,,,,,,,,,,7274246,,,5673000,,9193000,7 274 246 [5 673 000-9 193 000],,,EN,2025-12-19T00:00:00.000Z
MALARIA_EST_CASES,Estimated number of malaria cases,text,AFR,Africa,Country,TZA,United Republic of Tanzania,Year,2008,false,,,,,,,,,,,,,7431115,,,5531000,,9752000,7 431 115 [5 531 000-9 752 000],,,EN,2025-12-19T00:00:00.000Z
MALARIA_EST_CASES,Estimated number of malaria cases,text,AFR,Africa,Country,GHA,Ghana,Year,2008,false,,,,,,,,,,,,,7628569,,,5997000,,9524000,7 628 569 [5 997 000-9 524 000],,,EN,2025-12-19T00:00:00.000Z
MALARIA_EST_CASES,Estimated number of malaria cases,text,EMR,Eastern Mediterranean,Country,SOM,Somalia,Year,2008,false,,,,,,,,,,,,,700155,,,502000,,953000,700 155 [502 000-953 000],,,EN,2025-12-19T00:00:00.000Z
MALARIA_EST_CASES,Estimated number of malaria cases,text,EUR,Europe,Country,AZE,Azerbaijan,Year,2008,false,,,,,,,,,,,,,72,,,,,,72,,,EN,2025-12-19T00:00:00.000Z
MALARIA_EST_CASES,Estimated number of malaria cases,text,WPR,Western Pacific,Country,PHL,Philippines,Year,2008,false,,,,,,,,,,,,,74621,,,50000,,103000,74 621 [50 000-103 000],,,EN,2025-12-19T00:00:00.000Z
MALARIA_EST_CASES,Estimated number of malaria cases,text,EMR,Eastern Mediterranean,Country,PAK,Pakistan,Year,2008,false,,,,,,,,,,,,,763800,,,279000,,1964000,763 800 [279 000-1 964 000],,,EN,2025-12-19T00:00:00.000Z
MALARIA_EST_CASES,Estimated number of malaria cases,text,AFR,Africa,Country,ZAF,South Africa,Year,2008,false,,,,,,,,,,,,,7796,,,,,,7796,,,EN,2025-12-19T00:00:00.000Z
MALARIA_EST_CASES,Estimated number of malaria cases,text,AMR,Americas,Country,PAN,Panama,Year,2008,false,,,,,,,,,,,,,783,,,750,,840,783 [750-840],,,EN,2025-12-19T00:00:00.000Z
MALARIA_EST_CASES,Estimated number of malaria cases,text,AFR,Africa,Country,MOZ,Mozambique,Year,2008,false,,,,,,,,,,,,,8064618,,,6644000,,9685000,8 064 618 [6 644 000-9 685 000],,,EN,2025-12-19T00:00:00.000Z
MALARIA_EST_CASES,Estimated number of malaria cases,text,AFR,Africa,Country,BFA,Burkina Faso,Year,2008,false,,,,,,,,,,,,,8386574,,,6759000,,10290000,8 386 574 [6 759 000-10 290 000],,,EN,2025-12-19T00:00:00.000Z
MALARIA_EST_CASES,Estimated number of malaria cases,text,AFR,Africa,Country,CIV,Cote d'Ivoire,Year,2008,false,,,,,,,,,,,,,8454440,,,6917000,,10320000,8 454 440 [6 917 000-10 320 000],,,EN,2025-12-19T00:00:00.000Z
MALARIA_EST_CASES,Estimated number of malaria cases,text,EMR,Eastern Mediterranean,Country,IRN,Iran (Islamic Republic of),Year,2008,false,,,,,,,,,,,,,8349,,,,,,8349,,,EN,2025-12-19T00:00:00.000Z
MALARIA_EST_CASES,Estimated number of malaria cases,text,AMR,Americas,Country,GTM,Guatemala,Year,2008,false,,,,,,,,,,,,,8421,,,7500,,9800,8421 [7500-9800],,,EN,2025-12-19T00:00:00.000Z
MALARIA_EST_CASES,Estimated number of malaria cases,text,AMR,Americas,Country,HTI,Haiti,Year,2008,false,,,,,,,,,,,,,89554,,,53000,,141000,89 554 [53 000-141 000],,,EN,2025-12-19T00:00:00.000Z
MALARIA_EST_CASES,Estimated number of malaria cases,text,WPR,Western Pacific,Country,SLB,Solomon Islands,Year,2008,false,,,,,,,,,,,,,93119,,,67000,,133000,93 119 [67 000-133 000],,,EN,2025-12-19T00:00:00.000Z
MALARIA_EST_CASES,Estimated number of malaria cases,text,AFR,Africa,Country,COG,Congo,Year,2008,false,,,,,,,,,,,,,931359,,,632000,,1328000,931 359 [632 000-1 328 000],,,EN,2025-12-19T00:00:00.000Z
MALARIA_EST_CASES,Estimated number of malaria cases,text,AMR,Americas,Country,NIC,Nicaragua,Year,2008,false,,,,,,,,,,,,,965,,,800,,1100,965 [800-1100],,,EN,2025-12-19T00:00:00.000Z
MALARIA_EST_CASES,Estimated number of malaria cases,text,AMR,Americas,Country,CRI,Costa Rica,Year,2008,false,,,,,,,,,,,,,966,,,,,,966,,,EN,2025-12-19T00:00:00.000Z
MALARIA_EST_CASES,Estimated number of malaria cases,text,EUR,Europe,Country,ARM,Armenia,Year,2007,false,,,,,,,,,,,,,0,,,,,,0,,,EN,2025-12-19T00:00:00.000Z
MALARIA_EST_CASES,Estimated number of malaria cases,text,EMR,Eastern Mediterranean,Country,EGY,Egypt,Year,2007,false,,,,,,,,,,,,,0,,,,,,0,,,EN,2025-12-19T00:00:00.000Z
MALARIA_EST_CASES,Estimated number of malaria cases,text,EUR,Europe,Country,KAZ,Kazakhstan,Year,2007,false,,,,,,,,,,,,,0,,,,,,0,,,EN,2025-12-19T00:00:00.000Z
MALARIA_EST_CASES,Estimated number of malaria cases,text,EMR,Eastern Mediterranean,Country,MAR,Morocco,Year,2007,false,,,,,,,,,,,,,0,,,,,,0,,,EN,2025-12-19T00:00:00.000Z
MALARIA_EST_CASES,Estimated number of malaria cases,text,EMR,Eastern Mediterranean,Country,SYR,Syrian Arab Republic,Year,2007,false,,,,,,,,,,,,,0,,,,,,0,,,EN,2025-12-19T00:00:00.000Z
MALARIA_EST_CASES,Estimated number of malaria cases,text,EUR,Europe,Country,TKM,Turkmenistan,Year,2007,false,,,,,,,,,,,,,0,,,,,,0,,,EN,2025-12-19T00:00:00.000Z
MALARIA_EST_CASES,Estimated number of malaria cases,text,EMR,Eastern Mediterranean,Country,ARE,United Arab Emirates,Year,2007,false,,,,,,,,,,,,,0,,,,,,0,,,EN,2025-12-19T00:00:00.000Z
MALARIA_EST_CASES,Estimated number of malaria cases,text,AFR,Africa,Country,COG,Congo,Year,2007,false,,,,,,,,,,,,,1014897,,,683000,,1442000,1 014 897 [683 000-1 442 000],,,EN,2025-12-19T00:00:00.000Z
MALARIA_EST_CASES,Estimated number of malaria cases,text,EMR,Eastern Mediterranean,Country,SOM,Somalia,Year,2007,false,,,,,,,,,,,,,1085874,,,802000,,1438000,1 085 874 [802 000-1 438 000],,,EN,2025-12-19T00:00:00.000Z
MALARIA_EST_CASES,Estimated number of malaria cases,text,AFR,Africa,Country,SEN,Senegal,Year,2007,false,,,,,,,,,,,,,1160145,,,350000,,2163000,1 160 145 [350 000-2 163 000],,,EN,2025-12-19T00:00:00.000Z
MALARIA_EST_CASES,Estimated number of malaria cases,text,WPR,Western Pacific,Country,PNG,Papua New Guinea,Year,2007,false,,,,,,,,,,,,,1251261,,,409000,,2283000,1 251 261 [409 000-2 283 000],,,EN,2025-12-19T00:00:00.000Z
MALARIA_EST_CASES,Estimated number of malaria cases,text,WPR,Western Pacific,Country,IDN,Indonesia,Year,2007,false,,,,,,,,,,,,,1252609,,,1035000,,1546000,1 252 609 [1 035 000-1 546 000],,,EN,2025-12-19T00:00:00.000Z
MALARIA_EST_CASES,Estimated number of malaria cases,text,SEAR,South-East Asia,Country,MMR,Myanmar,Year,2007,false,,,,,,,,,,,,,1285206,,,944000,,1838000,1 285 206 [944 000-1 838 000],,,EN,2025-12-19T00:00:00.000Z
MALARIA_EST_CASES,Estimated number of malaria cases,text,AFR,Africa,Country,LBR,Liberia,Year,2007,false,,,,,,,,,,,,,1367374,,,1048000,,1760000,1 367 374 [1 048 000-1 760 000],,,EN,2025-12-19T00:00:00.000Z
MALARIA_EST_CASES,Estimated number of malaria cases,text,EMR,Eastern Mediterranean,Country,SDN,Sudan,Year,2007,false,,,,,,,,,,,,,1477070,,,1078000,,1984000,1 477 070 [1 078 000-1 984 000],,,EN,2025-12-19T00:00:00.000Z
MALARIA_EST_CASES,Estimated number of malaria cases,text,AFR,Africa,Country,ZWE,Zimbabwe,Year,2007,false,,,,,,,,,,,,,1690025,,,726000,,2946000,1 690 025 [726 000-2 946 000],,,EN,2025-12-19T00:00:00.000Z
MALARIA_EST_CASES,Estimated number of malaria cases,text,EUR,Europe,Country,AZE,Azerbaijan,Year,2007,false,,,,,,,,,,,,,108,,,,,,108,,,EN,2025-12-19T00:00:00.000Z
MALARIA_EST_CASES,Estimated number of malaria cases,text,AMR,Americas,Country,SUR,Suriname,Year,2007,false,,,,,,,,,,,,,1104,,,,,,1104,,,EN,2025-12-19T00:00:00.000Z
MALARIA_EST_CASES,Estimated number of malaria cases,text,AFR,Africa,Country,GNB,Guinea-Bissau,Year,2007,false,,,,,,,,,,,,,111006,,,76000,,154000,111 006 [76 000-154 000],,,EN,2025-12-19T00:00:00.000Z
MALARIA_EST_CASES,Estimated number of malaria cases,text,WPR,Western Pacific,Country,PHL,Philippines,Year,2007,false,,,,,,,,,,,,,112751,,,77000,,152000,112 751 [77 000-152 000],,,EN,2025-12-19T00:00:00.000Z
MALARIA_EST_CASES,Estimated number of malaria cases,text,SEAR,South-East Asia,Country,TLS,Timor-Leste,Year,2007,false,,,,,,,,,,,,,114693,,,82000,,153000,114 693 [82 000-153 000],,,EN,2025-12-19T00:00:00.000Z
MALARIA_EST_CASES,Estimated number of malaria cases,text,AFR,Africa,Country,UGA,Uganda,Year,2007,false,,,,,,,,,,,,,12392325,,,9891000,,15320000,12 392 325 [9 891 000-15 320 000],,,EN,2025-12-19T00:00:00.000Z
MALARIA_EST_CASES,Estimated number of malaria cases,text,AMR,Americas,Country,CRI,Costa Rica,Year,2007,false,,,,,,,,,,,,,1223,,,,,,1223,,,EN,2025-12-19T00:00:00.000Z
MALARIA_EST_CASES,Estimated number of malaria cases,text,SEAR,South-East Asia,Country,BGD,Bangladesh,Year,2007,false,,,,,,,,,,,,,126937,,,77000,,185000,126 937 [77 000-185 000],,,EN,2025-12-19T00:00:00.000Z
MALARIA_EST_CASES,Estimated number of malaria cases,text,AFR,Africa,Country,BWA,Botswana,Year,2007,false,,,,,,,,,,,,,1292,,,490,,3200,1292 [490-3200],,,EN,2025-12-19T00:00:00.000Z
MALARIA_EST_CASES,Estimated number of malaria cases,text,AMR,Americas,Country,PRY,Paraguay,Year,2007,false,,,,,,,,,,,,,1337,,,,,,1337,,,EN,2025-12-19T00:00:00.000Z
MALARIA_EST_CASES,Estimated number of malaria cases,text,AMR,Americas,Country,PAN,Panama,Year,2007,false,,,,,,,,,,,,,1349,,,1300,,1400,1349 [1300-1400],,,EN,2025-12-19T00:00:00.000Z
MALARIA_EST_CASES,Estimated number of malaria cases,text,AMR,Americas,Country,HND,Honduras,Year,2007,false,,,,,,,,,,,,,14962,,,11000,,19000,14 962 [11 000-19 000],,,EN,2025-12-19T00:00:00.000Z
MALARIA_EST_CASES,Estimated number of malaria cases,text,AMR,Americas,Country,GUY,Guyana,Year,2007,false,,,,,,,,,,,,,15697,,,13000,,18000,15 697 [13 000-18 000],,,EN,2025-12-19T00:00:00.000Z
MALARIA_EST_CASES,Estimated number of malaria cases,text,EMR,Eastern Mediterranean,Country,IRN,Iran (Islamic Republic of),Year,2007,false,,,,,,,,,,,,,15712,,,,,,15 712,,,EN,2025-12-19T00:00:00.000Z
MALARIA_EST_CASES,Estimated number of malaria cases,text,WPR,Western Pacific,Country,SLB,Solomon Islands,Year,2007,false,,,,,,,,,,,,,155491,,,110000,,224000,155 491 [110 000-224 000],,,EN,2025-12-19T00:00:00.000Z
MALARIA_EST_CASES,Estimated number of malaria cases,text,SEAR,South-East Asia,Country,IND,India,Year,2007,false,,,,,,,,,,,,,16579536,,,12540000,,22260000,16 579 536 [12 540 000-22 260 000],,,EN,2025-12-19T00:00:00.000Z
MALARIA_EST_CASES,Estimated number of malaria cases,text,AMR,Americas,Country,GTM,Guatemala,Year,2007,false,,,,,,,,,,,,,17992,,,16000,,21000,17 992 [16 000-21 000],,,EN,2025-12-19T00:00:00.000Z
MALARIA_EST_CASES,Estimated number of malaria cases,text,AMR,Americas,Country,NIC,Nicaragua,Year,2007,false,,,,,,,,,,,,,1717,,,1400,,2000,1717 [1400-2000],,,EN,2025-12-19T00:00:00.000Z
MALARIA_EST_CASES,Estimated number of malaria cases,text,AMR,Americas,Country,COL,Colombia,Year,2007,false,,,,,,,,,,,,,173191,,,133000,,215000,173 191 [133 000-215 000],,,EN,2025-12-19T00:00:00.000Z
MALARIA_EST_CASES,Estimated number of malaria cases,text,AFR,Africa,Country,CPV,Cabo Verde,Year,2007,false,,,,,,,,,,,,,18,,,,,,18,,,EN,2025-12-19T00:00:00.000Z
MALARIA_EST_CASES,Estimated number of malaria cases,text,AFR,Africa,Country,GAB,Gabon,Year,2007,false,,,,,,,,,,,,,188623,,,98000,,324000,188 623 [98 000-324 000],,,EN,2025-12-19T00:00:00.000Z
MALARIA_EST_CASES,Estimated number of malaria cases,text,AMR,Americas,Country,BOL,Bolivia (Plurinational State of),Year,2007,false,,,,,,,,,,,,,19799,,,15000,,24000,19 799 [15 000-24 000],,,EN,2025-12-19T00:00:00.000Z
MALARIA_EST_CASES,Estimated number of malaria cases,text,WPR,Western Pacific,Country,KHM,Cambodia,Year,2007,false,,,,,,,,,,,,,191165,,,141000,,275000,191 165 [141 000-275 000],,,EN,2025-12-19T00:00:00.000Z
MALARIA_EST_CASES,Estimated number of malaria cases,text,SEAR,South-East Asia,Country,LKA,Sri Lanka,Year,2007,false,,,,,,,,,,,,,198,,,,,,198,,,EN,2025-12-19T00:00:00.000Z
MALARIA_EST_CASES,Estimated number of malaria cases,text,EMR,Eastern Mediterranean,Country,IRQ,Iraq,Year,2007,false,,,,,,,,,,,,,2,,,,,,2,,,EN,2025-12-19T00:00:00.000Z
MALARIA_EST_CASES,Estimated number of malaria cases,text,AFR,Africa,Country,CAF,Central African Republic,Year,2007,false,,,,,,,,,,,,,2086760,,,1399000,,3000000,2 086 760 [1 399 000-3 000 000],,,EN,2025-12-19T00:00:00.000Z
MALARIA_EST_CASES,Estimated number of malaria cases,text,AFR,Africa,Country,SSD,South Sudan,Year,2007,false,,,,,,,,,,,,,2305236,,,1769000,,2936000,2 305 236 [1 769 000-2 936 000],,,EN,2025-12-19T00:00:00.000Z
MALARIA_EST_CASES,Estimated number of malaria cases,text,AFR,Africa,Country,SLE,Sierra Leone,Year,2007,false,,,,,,,,,,,,,2329327,,,1690000,,3153000,2 329 327 [1 690 000-3 153 000],,,EN,2025-12-19T00:00:00.000Z
MALARIA_EST_CASES,Estimated number of malaria cases,text,AFR,Africa,Country,BDI,Burundi,Year,2007,false,,,,,,,,,,,,,2350141,,,1676000,,3207000,2 350 141 [1 676 000-3 207 000],,,EN,2025-12-19T00:00:00.000Z
MALARIA_EST_CASES,Estimated number of malaria cases,text,AFR,Africa,Country,ZMB,Zambia,Year,2007,false,,,,,,,,,,,,,2445911,,,1903000,,3094000,2 445 911 [1 903 000-3 094 000],,,EN,2025-12-19T00:00:00.000Z
MALARIA_EST_CASES,Estimated number of malaria cases,text,AFR,Africa,Country,TCD,Chad,Year,2007,false,,,,,,,,,,,,,2588205,,,1664000,,3825000,2 588 205 [1 664 000-3 825 000],,,EN,2025-12-19T00:00:00.000Z
MALARIA_EST_CASES,Estimated number of malaria cases,text,AFR,Africa,Country,TGO,Togo,Year,2007,false,,,,,,,,,,,,,2767828,,,2120000,,3563000,2 767 828 [2 120 000-3 563 000],,,EN,2025-12-19T00:00:00.000Z
MALARIA_EST_CASES,Estimated number of malaria cases,text,AFR,Africa,Country,NAM,Namibia,Year,2007,false,,,,,,,,,,,,,20663,,,6300,,48000,20 663 [6300-48 000],,,EN,2025-12-19T00:00:00.000Z
MALARIA_EST_CASES,Estimated number of malaria cases,text,EMR,Eastern Mediterranean,Country,DJI,Djibouti,Year,2007,false,,,,,,,,,,,,,2015,,,,,,2015,,,EN,2025-12-19T00:00:00.000Z
MALARIA_EST_CASES,Estimated number of malaria cases,text,WPR,Western Pacific,Country,KOR,Republic of Korea,Year,2007,false,,,,,,,,,,,,,2227,,,,,,2227,,,EN,2025-12-19T00:00:00.000Z
MALARIA_EST_CASES,Estimated number of malaria cases,text,AFR,Africa,Country,MRT,Mauritania,Year,2007,false,,,,,,,,,,,,,234453,,,64000,,484000,234 453 [64 000-484 000],,,EN,2025-12-19T00:00:00.000Z
MALARIA_EST_CASES,Estimated number of malaria cases,text,AMR,Americas,Country,MEX,Mexico,Year,2007,false,,,,,,,,,,,,,2361,,,,,,2361,,,EN,2025-12-19T00:00:00.000Z
MALARIA_EST_CASES,Estimated number of malaria cases,text,EUR,Europe,Country,GEO,Georgia,Year,2007,false,,,,,,,,,,,,,24,,,,,,24,,,EN,2025-12-19T00:00:00.000Z
MALARIA_EST_CASES,Estimated number of malaria cases,text,AFR,Africa,Country,STP,Sao Tome and Principe,Year,2007,false,,,,,,,,,,,,,2421,,,,,,2421,,,EN,2025-12-19T00:00:00.000Z
MALARIA_EST_CASES,Estimated number of malaria cases,text,AFR,Africa,Country,DZA,Algeria,Year,2007,false,,,,,,,,,,,,,26,,,,,,26,,,EN,2025-12-19T00:00:00.000Z
MALARIA_EST_CASES,Estimated number of malaria cases,text,WPR,Western Pacific,Country,VUT,Vanuatu,Year,2007,false,,,,,,,,,,,,,27312,,,15000,,119000,27 312 [15 000-119 000],,,EN,2025-12-19T00:00:00.000Z
MALARIA_EST_CASES,Estimated number of malaria cases,text,AFR,Africa,Country,COD,Democratic Republic of the Congo,Year,2007,false,,,,,,,,,,,,,28009892,,,22720000,,34170000,28 009 892 [22 720 000-34 170 000],,,EN,2025-12-19T00:00:00.000Z
MALARIA_EST_CASES,Estimated number of malaria cases,text,WPR,Western Pacific,Country,VNM,Viet Nam,Year,2007,false,,,,,,,,,,,,,28022,,,24000,,34000,28 022 [24 000-34 000],,,EN,2025-12-19T00:00:00.000Z
MALARIA_EST_CASES,Estimated number of malaria cases,text,WPR,Western Pacific,Country,CHN,China,Year,2007,false,,,,,,,,,,,,,29304,,,,,,29 304,,,EN,2025-12-19T00:00:00.000Z
MALARIA_EST_CASES,Estimated number of malaria cases,text,AFR,Africa,Country,MYT,Mayotte,Year,2007,false,,,,,,,,,,,,,292,,,292,,292,292 [292-292],,,EN,2025-12-19T00:00:00.000Z
MALARIA_EST_CASES,Estimated number of malaria cases,text,AFR,Africa,Country,KEN,Kenya,Year,2007,false,,,,,,,,,,,,,3607181,,,2702000,,4738000,3 607 181 [2 702 000-4 738 000],,,EN,2025-12-19T00:00:00.000Z
MALARIA_EST_CASES,Estimated number of malaria cases,text,AFR,Africa,Country,GIN,Guinea,Year,2007,false,,,,,,,,,,,,,3715054,,,2649000,,5066000,3 715 054 [2 649 000-5 066 000],,,EN,2025-12-19T00:00:00.000Z
MALARIA_EST_CASES,Estimated number of malaria cases,text,EUR,Europe,Country,UZB,Uzbekistan,Year,2007,false,,,,,,,,,,,,,30,,,,,,30,,,EN,2025-12-19T00:00:00.000Z
MALARIA_EST_CASES,Estimated number of malaria cases,text,EUR,Europe,Country,TUR,Türkiye,Year,2007,false,,,,,,,,,,,,,313,,,,,,313,,,EN,2025-12-19T00:00:00.000Z
MALARIA_EST_CASES,Estimated number of malaria cases,text,AMR,Americas,Country,ARG,Argentina,Year,2007,false,,,,,,,,,,,,,328,,,,,,328,,,EN,2025-12-19T00:00:00.000Z
MALARIA_EST_CASES,Estimated number of malaria cases,text,SEAR,South-East Asia,Country,THA,Thailand,Year,2007,false,,,,,,,,,,,,,33178,,,,,,33 178,,,EN,2025-12-19T00:00:00.000Z
MALARIA_EST_CASES,Estimated number of malaria cases,text,AMR,Americas,Country,DOM,Dominican Republic,Year,2007,false,,,,,,,,,,,,,3478,,,2900,,4100,3478 [2900-4100],,,EN,2025-12-19T00:00:00.000Z
MALARIA_EST_CASES,Estimated number of malaria cases,text,AFR,Africa,Country,COM,Comoros,Year,2007,false,,,,,,,,,,,,,35628,,,,,,35 628,,,EN,2025-12-19T00:00:00.000Z
MALARIA_EST_CASES,Estimated number of malaria cases,text,AFR,Africa,Country,GNQ,Equatorial Guinea,Year,2007,false,,,,,,,,,,,,,366395,,,269000,,490000,366 395 [269 000-490 000],,,EN,2025-12-19T00:00:00.000Z
MALARIA_EST_CASES,Estimated number of malaria cases,text,AFR,Africa,Country,ERI,Eritrea,Year,2007,false,,,,,,,,,,,,,37568,,,24000,,53000,37 568 [24 000-53 000],,,EN,2025-12-19T00:00:00.000Z
MALARIA_EST_CASES,Estimated number of malaria cases,text,EMR,Eastern Mediterranean,Country,OMN,Oman,Year,2007,false,,,,,,,,,,,,,4,,,,,,4,,,EN,2025-12-19T00:00:00.000Z
MALARIA_EST_CASES,Estimated number of malaria cases,text,AFR,Africa,Country,BEN,Benin,Year,2007,false,,,,,,,,,,,,,4447902,,,3535000,,5509000,4 447 902 [3 535 000-5 509 000],,,EN,2025-12-19T00:00:00.000Z
MALARIA_EST_CASES,Estimated number of malaria cases,text,AFR,Africa,Country,NER,Niger,Year,2007,false,,,,,,,,,,,,,4668666,,,2984000,,6934000,4 668 666 [2 984 000-6 934 000],,,EN,2025-12-19T00:00:00.000Z
MALARIA_EST_CASES,Estimated number of malaria cases,text,AFR,Africa,Country,MWI,Malawi,Year,2007,false,,,,,,,,,,,,,4734946,,,3722000,,5904000,4 734 946 [3 722 000-5 904 000],,,EN,2025-12-19T00:00:00.000Z
MALARIA_EST_CASES,Estimated number of malaria cases,text,AMR,Americas,Country,SLV,El Salvador,Year,2007,false,,,,,,,,,,,,,40,,,,,,40,,,EN,2025-12-19T00:00:00.000Z
MALARIA_EST_CASES,Estimated number of malaria cases,text,WPR,Western Pacific,Country,MYS,Malaysia,Year,2007,false,,,,,,,,,,,,,4048,,,,,,4048,,,EN,2025-12-19T00:00:00.000Z
MALARIA_EST_CASES,Estimated number of malaria cases,text,SEAR,South-East Asia,Country,NPL,Nepal,Year,2007,false,,,,,,,,,,,,,42145,,,18000,,90000,42 145 [18 000-90 000],,,EN,2025-12-19T00:00:00.000Z
MALARIA_EST_CASES,Estimated number of malaria cases,text,AFR,Africa,Country,GMB,Gambia,Year,2007,false,,,,,,,,,,,,,448775,,,332000,,579000,448 775 [332 000-579 000],,,EN,2025-12-19T00:00:00.000Z
MALARIA_EST_CASES,Estimated number of malaria cases,text,WPR,Western Pacific,Country,LAO,Lao People's Democratic Republic,Year,2007,false,,,,,,,,,,,,,45688,,,29000,,67000,45 688 [29 000-67 000],,,EN,2025-12-19T00:00:00.000Z
MALARIA_EST_CASES,Estimated number of malaria cases,text,EMR,Eastern Mediterranean,Country,AFG,Afghanistan,Year,2007,false,,,,,,,,,,,,,452626,,,238000,,776000,452 626 [238 000-776 000],,,EN,2025-12-19T00:00:00.000Z
MALARIA_EST_CASES,Estimated number of malaria cases,text,EMR,Eastern Mediterranean,Country,SAU,Saudi Arabia,Year,2007,false,,,,,,,,,,,,,467,,,,,,467,,,EN,2025-12-19T00:00:00.000Z
MALARIA_EST_CASES,Estimated number of malaria cases,text,SEAR,South-East Asia,Country,PRK,Democratic People's Republic of Korea,Year,2007,false,,,,,,,,,,,,,4795,,,,,,4795,,,EN,2025-12-19T00:00:00.000Z
MALARIA_EST_CASES,Estimated number of malaria cases,text,AMR,Americas,Country,VEN,Venezuela (Bolivarian Republic of),Year,2007,false,,,,,,,,,,,,,48834,,,44000,,57000,48 834 [44 000-57 000],,,EN,2025-12-19T00:00:00.000Z
MALARIA_EST_CASES,Estimated number of malaria cases,text,AFR,Africa,Country,MLI,Mali,Year,2007,false,,,,,,,,,,,,,5474736,,,3825000,,7702000,5 474 736 [3 825 000-7 702 000],,,EN,2025-12-19T00:00:00.000Z
MALARIA_EST_CASES,Estimated number of malaria cases,text,AFR,Africa,Country,AGO,Angola,Year,2007,false,,,,,,,,,,,,,5600525,,,4302000,,7129000,5 600 525 [4 302 000-7 129 000],,,EN,2025-12-19T00:00:00.000Z
MALARIA_EST_CASES,Estimated number of malaria cases,text,AMR,Americas,Country,BRA,Brazil,Year,2007,false,,,,,,,,,,,,,534516,,,478000,,578000,534 516 [478 000-578 000],,,EN,2025-12-19T00:00:00.000Z
MALARIA_EST_CASES,Estimated number of malaria cases,text,AMR,Americas,Country,GUF,French Guiana,Year,2007,false,,,,,,,,,,,,,5647,,,5000,,6600,5647 [5000-6600],,,EN,2025-12-19T00:00:00.000Z
MALARIA_EST_CASES,Estimated number of malaria cases,text,AFR,Africa,Country,ETH,Ethiopia,Year,2007,false,,,,,,,,,,,,,6575924,,,1930000,,20880000,6 575 924 [1 930 000-20 880 000],,,EN,2025-12-19T00:00:00.000Z
MALARIA_EST_CASES,Estimated number of malaria cases,text,AFR,Africa,Country,NGA,Nigeria,Year,2007,false,,,,,,,,,,,,,61400329,,,49660000,,75070000,61 400 329 [49 660 000-75 070 000],,,EN,2025-12-19T00:00:00.000Z
MALARIA_EST_CASES,Estimated number of malaria cases,text,AMR,Americas,Country,PER,Peru,Year,2007,false,,,,,,,,,,,,,62633,,,53000,,73000,62 633 [53 000-73 000],,,EN,2025-12-19T00:00:00.000Z
MALARIA_EST_CASES,Estimated number of malaria cases,text,AFR,Africa,Country,MDG,Madagascar,Year,2007,false,,,,,,,,,,,,,623274,,,179000,,1204000,623 274 [179 000-1 204 000],,,EN,2025-12-19T00:00:00.000Z
MALARIA_EST_CASES,Estimated number of malaria cases,text,AFR,Africa,Country,ZAF,South Africa,Year,2007,false,,,,,,,,,,,,,6327,,,,,,6327,,,EN,2025-12-19T00:00:00.000Z
MALARIA_EST_CASES,Estimated number of malaria cases,text,EUR,Europe,Country,TJK,Tajikistan,Year,2007,false,,,,,,,,,,,,,635,,,,,,635,,,EN,2025-12-19T00:00:00.000Z
MALARIA_EST_CASES,Estimated number of malaria cases,text,AFR,Africa,Country,GHA,Ghana,Year,2007,false,,,,,,,,,,,,,7230534,,,5727000,,9045000,7 230 534 [5 727 000-9 045 000],,,EN,2025-12-19T00:00:00.000Z
MALARIA_EST_CASES,Estimated number of malaria cases,text,AFR,Africa,Country,CMR,Cameroon,Year,2007,false,,,,,,,,,,,,,7399514,,,5799000,,9296000,7 399 514 [5 799 000-9 296 000],,,EN,2025-12-19T00:00:00.000Z
MALARIA_EST_CASES,Estimated number of malaria cases,text,AFR,Africa,Country,BFA,Burkina Faso,Year,2007,false,,,,,,,,,,,,,7693631,,,6064000,,9614000,7 693 631 [6 064 000-9 614 000],,,EN,2025-12-19T00:00:00.000Z
MALARIA_EST_CASES,Estimated number of malaria cases,text,AMR,Americas,Country,HTI,Haiti,Year,2007,false,,,,,,,,,,,,,73292,,,43000,,116000,73 292 [43 000-116 000],,,EN,2025-12-19T00:00:00.000Z
MALARIA_EST_CASES,Estimated number of malaria cases,text,SEAR,South-East Asia,Country,BTN,Bhutan,Year,2007,false,,,,,,,,,,,,,793,,,,,,793,,,EN,2025-12-19T00:00:00.000Z
MALARIA_EST_CASES,Estimated number of malaria cases,text,AFR,Africa,Country,TZA,United Republic of Tanzania,Year,2007,false,,,,,,,,,,,,,8199655,,,6184000,,10610000,8 199 655 [6 184 000-10 610 000],,,EN,2025-12-19T00:00:00.000Z
MALARIA_EST_CASES,Estimated number of malaria cases,text,AFR,Africa,Country,CIV,Cote d'Ivoire,Year,2007,false,,,,,,,,,,,,,8233616,,,6698000,,10020000,8 233 616 [6 698 000-10 020 000],,,EN,2025-12-19T00:00:00.000Z
MALARIA_EST_CASES,Estimated number of malaria cases,text,AFR,Africa,Country,MOZ,Mozambique,Year,2007,false,,,,,,,,,,,,,8260033,,,6814000,,9917000,8 260 033 [6 814 000-9 917 000],,,EN,2025-12-19T00:00:00.000Z
MALARIA_EST_CASES,Estimated number of malaria cases,text,AMR,Americas,Country,ECU,Ecuador,Year,2007,false,,,,,,,,,,,,,8194,,,,,,8194,,,EN,2025-12-19T00:00:00.000Z
MALARIA_EST_CASES,Estimated number of malaria cases,text,EMR,Eastern Mediterranean,Country,PAK,Pakistan,Year,2007,false,,,,,,,,,,,,,835398,,,354000,,2029000,835 398 [354 000-2 029 000],,,EN,2025-12-19T00:00:00.000Z
MALARIA_EST_CASES,Estimated number of malaria cases,text,AFR,Africa,Country,SWZ,Eswatini,Year,2007,false,,,,,,,,,,,,,84,,,,,,84,,,EN,2025-12-19T00:00:00.000Z
MALARIA_EST_CASES,Estimated number of malaria cases,text,AFR,Africa,Country,RWA,Rwanda,Year,2007,false,,,,,,,,,,,,,840559,,,508000,,1258000,840 559 [508 000-1 258 000],,,EN,2025-12-19T00:00:00.000Z
MALARIA_EST_CASES,Estimated number of malaria cases,text,AMR,Americas,Country,BLZ,Belize,Year,2007,false,,,,,,,,,,,,,845,,,,,,845,,,EN,2025-12-19T00:00:00.000Z
MALARIA_EST_CASES,Estimated number of malaria cases,text,EMR,Eastern Mediterranean,Country,YEM,Yemen,Year,2007,false,,,,,,,,,,,,,852425,,,434000,,1821000,852 425 [434 000-1 821 000],,,EN,2025-12-19T00:00:00.000Z
MALARIA_EST_CASES,Estimated number of malaria cases,text,EUR,Europe,Country,KGZ,Kyrgyzstan,Year,2007,false,,,,,,,,,,,,,96,,,,,,96,,,EN,2025-12-19T00:00:00.000Z
MALARIA_EST_CASES,Estimated number of malaria cases,text,EUR,Europe,Country,ARM,Armenia,Year,2006,false,,,,,,,,,,,,,0,,,,,,0,,,EN,2025-12-19T00:00:00.000Z
MALARIA_EST_CASES,Estimated number of malaria cases,text,EMR,Eastern Mediterranean,Country,EGY,Egypt,Year,2006,false,,,,,,,,,,,,,0,,,,,,0,,,EN,2025-12-19T00:00:00.000Z
MALARIA_EST_CASES,Estimated number of malaria cases,text,EUR,Europe,Country,KAZ,Kazakhstan,Year,2006,false,,,,,,,,,,,,,0,,,,,,0,,,EN,2025-12-19T00:00:00.000Z
MALARIA_EST_CASES,Estimated number of malaria cases,text,EMR,Eastern Mediterranean,Country,MAR,Morocco,Year,2006,false,,,,,,,,,,,,,0,,,,,,0,,,EN,2025-12-19T00:00:00.000Z
MALARIA_EST_CASES,Estimated number of malaria cases,text,EMR,Eastern Mediterranean,Country,OMN,Oman,Year,2006,false,,,,,,,,,,,,,0,,,,,,0,,,EN,2025-12-19T00:00:00.000Z
MALARIA_EST_CASES,Estimated number of malaria cases,text,EMR,Eastern Mediterranean,Country,SYR,Syrian Arab Republic,Year,2006,false,,,,,,,,,,,,,0,,,,,,0,,,EN,2025-12-19T00:00:00.000Z
MALARIA_EST_CASES,Estimated number of malaria cases,text,EMR,Eastern Mediterranean,Country,ARE,United Arab Emirates,Year,2006,false,,,,,,,,,,,,,0,,,,,,0,,,EN,2025-12-19T00:00:00.000Z
MALARIA_EST_CASES,Estimated number of malaria cases,text,AFR,Africa,Country,DZA,Algeria,Year,2006,false,,,,,,,,,,,,,1,,,,,,1,,,EN,2025-12-19T00:00:00.000Z
MALARIA_EST_CASES,Estimated number of malaria cases,text,EUR,Europe,Country,TKM,Turkmenistan,Year,2006,false,,,,,,,,,,,,,1,,,,,,1,,,EN,2025-12-19T00:00:00.000Z
MALARIA_EST_CASES,Estimated number of malaria cases,text,SEAR,South-East Asia,Country,MMR,Myanmar,Year,2006,false,,,,,,,,,,,,,1017913,,,656000,,1571000,1 017 913 [656 000-1 571 000],,,EN,2025-12-19T00:00:00.000Z
MALARIA_EST_CASES,Estimated number of malaria cases,text,AFR,Africa,Country,ZWE,Zimbabwe,Year,2006,false,,,,,,,,,,,,,1020784,,,234000,,2562000,1 020 784 [234 000-2 562 000],,,EN,2025-12-19T00:00:00.000Z
MALARIA_EST_CASES,Estimated number of malaria cases,text,AFR,Africa,Country,COG,Congo,Year,2006,false,,,,,,,,,,,,,1100740,,,708000,,1638000,1 100 740 [708 000-1 638 000],,,EN,2025-12-19T00:00:00.000Z
MALARIA_EST_CASES,Estimated number of malaria cases,text,EMR,Eastern Mediterranean,Country,YEM,Yemen,Year,2006,false,,,,,,,,,,,,,1201845,,,537000,,5676000,1 201 845 [537 000-5 676 000],,,EN,2025-12-19T00:00:00.000Z
MALARIA_EST_CASES,Estimated number of malaria cases,text,EMR,Eastern Mediterranean,Country,SOM,Somalia,Year,2006,false,,,,,,,,,,,,,1306012,,,960000,,1743000,1 306 012 [960 000-1 743 000],,,EN,2025-12-19T00:00:00.000Z
MALARIA_EST_CASES,Estimated number of malaria cases,text,AFR,Africa,Country,LBR,Liberia,Year,2006,false,,,,,,,,,,,,,1364179,,,988000,,1828000,1 364 179 [988 000-1 828 000],,,EN,2025-12-19T00:00:00.000Z
MALARIA_EST_CASES,Estimated number of malaria cases,text,WPR,Western Pacific,Country,IDN,Indonesia,Year,2006,false,,,,,,,,,,,,,1385963,,,1248000,,1549000,1 385 963 [1 248 000-1 549 000],,,EN,2025-12-19T00:00:00.000Z
MALARIA_EST_CASES,Estimated number of malaria cases,text,AFR,Africa,Country,RWA,Rwanda,Year,2006,false,,,,,,,,,,,,,1395452,,,330000,,2213000,1 395 452 [330 000-2 213 000],,,EN,2025-12-19T00:00:00.000Z
MALARIA_EST_CASES,Estimated number of malaria cases,text,AFR,Africa,Country,SEN,Senegal,Year,2006,false,,,,,,,,,,,,,1397650,,,442000,,2466000,1 397 650 [442 000-2 466 000],,,EN,2025-12-19T00:00:00.000Z
MALARIA_EST_CASES,Estimated number of malaria cases,text,WPR,Western Pacific,Country,PNG,Papua New Guinea,Year,2006,false,,,,,,,,,,,,,1481681,,,525000,,2620000,1 481 681 [525 000-2 620 000],,,EN,2025-12-19T00:00:00.000Z
MALARIA_EST_CASES,Estimated number of malaria cases,text,EMR,Eastern Mediterranean,Country,SDN,Sudan,Year,2006,false,,,,,,,,,,,,,1670134,,,1181000,,2300000,1 670 134 [1 181 000-2 300 000],,,EN,2025-12-19T00:00:00.000Z
MALARIA_EST_CASES,Estimated number of malaria cases,text,WPR,Western Pacific,Country,PHL,Philippines,Year,2006,false,,,,,,,,,,,,,102993,,,73000,,137000,102 993 [73 000-137 000],,,EN,2025-12-19T00:00:00.000Z
MALARIA_EST_CASES,Estimated number of malaria cases,text,AFR,Africa,Country,GNB,Guinea-Bissau,Year,2006,false,,,,,,,,,,,,,110694,,,64000,,182000,110 694 [64 000-182 000],,,EN,2025-12-19T00:00:00.000Z
MALARIA_EST_CASES,Estimated number of malaria cases,text,AFR,Africa,Country,ZAF,South Africa,Year,2006,false,,,,,,,,,,,,,12098,,,,,,12 098,,,EN,2025-12-19T00:00:00.000Z
MALARIA_EST_CASES,Estimated number of malaria cases,text,AFR,Africa,Country,UGA,Uganda,Year,2006,false,,,,,,,,,,,,,12255369,,,9575000,,15400000,12 255 369 [9 575 000-15 400 000],,,EN,2025-12-19T00:00:00.000Z
MALARIA_EST_CASES,Estimated number of malaria cases,text,EMR,Eastern Mediterranean,Country,SAU,Saudi Arabia,Year,2006,false,,,,,,,,,,,,,1278,,,,,,1278,,,EN,2025-12-19T00:00:00.000Z
MALARIA_EST_CASES,Estimated number of malaria cases,text,EUR,Europe,Country,TJK,Tajikistan,Year,2006,false,,,,,,,,,,,,,1344,,,,,,1344,,,EN,2025-12-19T00:00:00.000Z
MALARIA_EST_CASES,Estimated number of malaria cases,text,EUR,Europe,Country,AZE,Azerbaijan,Year,2006,false,,,,,,,,,,,,,141,,,,,,141,,,EN,2025-12-19T00:00:00.000Z
MALARIA_EST_CASES,Estimated number of malaria cases,text,EMR,Eastern Mediterranean,Country,IRN,Iran (Islamic Republic of),Year,2006,false,,,,,,,,,,,,,15909,,,,,,15 909,,,EN,2025-12-19T00:00:00.000Z
MALARIA_EST_CASES,Estimated number of malaria cases,text,AFR,Africa,Country,SWZ,Eswatini,Year,2006,false,,,,,,,,,,,,,155,,,,,,155,,,EN,2025-12-19T00:00:00.000Z
MALARIA_EST_CASES,Estimated number of malaria cases,text,AFR,Africa,Country,ERI,Eritrea,Year,2006,false,,,,,,,,,,,,,16438,,,10000,,23000,16 438 [10 000-23 000],,,EN,2025-12-19T00:00:00.000Z
MALARIA_EST_CASES,Estimated number of malaria cases,text,SEAR,South-East Asia,Country,TLS,Timor-Leste,Year,2006,false,,,,,,,,,,,,,164285,,,101000,,234000,164 285 [101 000-234 000],,,EN,2025-12-19T00:00:00.000Z
MALARIA_EST_CASES,Estimated number of malaria cases,text,AMR,Americas,Country,COL,Colombia,Year,2006,false,,,,,,,,,,,,,165418,,,128000,,205000,165 418 [128 000-205 000],,,EN,2025-12-19T00:00:00.000Z
MALARIA_EST_CASES,Estimated number of malaria cases,text,AMR,Americas,Country,HND,Honduras,Year,2006,false,,,,,,,,,,,,,17218,,,13000,,22000,17 218 [13 000-22 000],,,EN,2025-12-19T00:00:00.000Z
MALARIA_EST_CASES,Estimated number of malaria cases,text,AMR,Americas,Country,ARG,Argentina,Year,2006,false,,,,,,,,,,,,,172,,,,,,172,,,EN,2025-12-19T00:00:00.000Z
MALARIA_EST_CASES,Estimated number of malaria cases,text,AMR,Americas,Country,PAN,Panama,Year,2006,false,,,,,,,,,,,,,1751,,,1700,,1900,1751 [1700-1900],,,EN,2025-12-19T00:00:00.000Z
MALARIA_EST_CASES,Estimated number of malaria cases,text,SEAR,South-East Asia,Country,IND,India,Year,2006,false,,,,,,,,,,,,,18085201,,,13680000,,24220000,18 085 201 [13 680 000-24 220 000],,,EN,2025-12-19T00:00:00.000Z
MALARIA_EST_CASES,Estimated number of malaria cases,text,SEAR,South-East Asia,Country,BTN,Bhutan,Year,2006,false,,,,,,,,,,,,,1868,,,,,,1868,,,EN,2025-12-19T00:00:00.000Z
MALARIA_EST_CASES,Estimated number of malaria cases,text,EMR,Eastern Mediterranean,Country,DJI,Djibouti,Year,2006,false,,,,,,,,,,,,,1972,,,,,,1972,,,EN,2025-12-19T00:00:00.000Z
MALARIA_EST_CASES,Estimated number of malaria cases,text,AFR,Africa,Country,GAB,Gabon,Year,2006,false,,,,,,,,,,,,,198783,,,116000,,317000,198 783 [116 000-317 000],,,EN,2025-12-19T00:00:00.000Z
MALARIA_EST_CASES,Estimated number of malaria cases,text,AFR,Africa,Country,CAF,Central African Republic,Year,2006,false,,,,,,,,,,,,,2048395,,,1327000,,2998000,2 048 395 [1 327 000-2 998 000],,,EN,2025-12-19T00:00:00.000Z
MALARIA_EST_CASES,Estimated number of malaria cases,text,AFR,Africa,Country,SLE,Sierra Leone,Year,2006,false,,,,,,,,,,,,,2236559,,,1569000,,3109000,2 236 559 [1 569 000-3 109 000],,,EN,2025-12-19T00:00:00.000Z
MALARIA_EST_CASES,Estimated number of malaria cases,text,AFR,Africa,Country,BDI,Burundi,Year,2006,false,,,,,,,,,,,,,2263569,,,1661000,,3002000,2 263 569 [1 661 000-3 002 000],,,EN,2025-12-19T00:00:00.000Z
MALARIA_EST_CASES,Estimated number of malaria cases,text,AFR,Africa,Country,SSD,South Sudan,Year,2006,false,,,,,,,,,,,,,2335204,,,1690000,,3144000,2 335 204 [1 690 000-3 144 000],,,EN,2025-12-19T00:00:00.000Z
MALARIA_EST_CASES,Estimated number of malaria cases,text,AFR,Africa,Country,TCD,Chad,Year,2006,false,,,,,,,,,,,,,2564689,,,1578000,,3918000,2 564 689 [1 578 000-3 918 000],,,EN,2025-12-19T00:00:00.000Z
MALARIA_EST_CASES,Estimated number of malaria cases,text,AFR,Africa,Country,ZMB,Zambia,Year,2006,false,,,,,,,,,,,,,2740468,,,2144000,,3455000,2 740 468 [2 144 000-3 455 000],,,EN,2025-12-19T00:00:00.000Z
MALARIA_EST_CASES,Estimated number of malaria cases,text,AFR,Africa,Country,TGO,Togo,Year,2006,false,,,,,,,,,,,,,2854710,,,2238000,,3564000,2 854 710 [2 238 000-3 564 000],,,EN,2025-12-19T00:00:00.000Z
MALARIA_EST_CASES,Estimated number of malaria cases,text,WPR,Western Pacific,Country,KOR,Republic of Korea,Year,2006,false,,,,,,,,,,,,,2051,,,,,,2051,,,EN,2025-12-19T00:00:00.000Z
MALARIA_EST_CASES,Estimated number of malaria cases,text,WPR,Western Pacific,Country,VUT,Vanuatu,Year,2006,false,,,,,,,,,,,,,22943,,,14000,,35000,22 943 [14 000-35 000],,,EN,2025-12-19T00:00:00.000Z
MALARIA_EST_CASES,Estimated number of malaria cases,text,AFR,Africa,Country,MRT,Mauritania,Year,2006,false,,,,,,,,,,,,,230284,,,61000,,444000,230 284 [61 000-444 000],,,EN,2025-12-19T00:00:00.000Z
MALARIA_EST_CASES,Estimated number of malaria cases,text,EMR,Eastern Mediterranean,Country,IRQ,Iraq,Year,2006,false,,,,,,,,,,,,,24,,,,,,24,,,EN,2025-12-19T00:00:00.000Z
MALARIA_EST_CASES,Estimated number of malaria cases,text,AMR,Americas,Country,BOL,Bolivia (Plurinational State of),Year,2006,false,,,,,,,,,,,,,25742,,,20000,,32000,25 742 [20 000-32 000],,,EN,2025-12-19T00:00:00.000Z
MALARIA_EST_CASES,Estimated number of malaria cases,text,AMR,Americas,Country,MEX,Mexico,Year,2006,false,,,,,,,,,,,,,2514,,,,,,2514,,,EN,2025-12-19T00:00:00.000Z
MALARIA_EST_CASES,Estimated number of malaria cases,text,AMR,Americas,Country,GUY,Guyana,Year,2006,false,,,,,,,,,,,,,27629,,,24000,,32000,27 629 [24 000-32 000],,,EN,2025-12-19T00:00:00.000Z
MALARIA_EST_CASES,Estimated number of malaria cases,text,AFR,Africa,Country,COD,Democratic Republic of the Congo,Year,2006,false,,,,,,,,,,,,,28174396,,,22800000,,34460000,28 174 396 [22 800 000-34 460 000],,,EN,2025-12-19T00:00:00.000Z
MALARIA_EST_CASES,Estimated number of malaria cases,text,WPR,Western Pacific,Country,SLB,Solomon Islands,Year,2006,false,,,,,,,,,,,,,281888,,,147000,,468000,281 888 [147 000-468 000],,,EN,2025-12-19T00:00:00.000Z
MALARIA_EST_CASES,Estimated number of malaria cases,text,AMR,Americas,Country,CRI,Costa Rica,Year,2006,false,,,,,,,,,,,,,2903,,,,,,2903,,,EN,2025-12-19T00:00:00.000Z
MALARIA_EST_CASES,Estimated number of malaria cases,text,AFR,Africa,Country,GIN,Guinea,Year,2006,false,,,,,,,,,,,,,3823613,,,2735000,,5206000,3 823 613 [2 735 000-5 206 000],,,EN,2025-12-19T00:00:00.000Z
MALARIA_EST_CASES,Estimated number of malaria cases,text,SEAR,South-East Asia,Country,THA,Thailand,Year,2006,false,,,,,,,,,,,,,30294,,,,,,30 294,,,EN,2025-12-19T00:00:00.000Z
MALARIA_EST_CASES,Estimated number of malaria cases,text,EUR,Europe,Country,KGZ,Kyrgyzstan,Year,2006,false,,,,,,,,,,,,,318,,,,,,318,,,EN,2025-12-19T00:00:00.000Z
MALARIA_EST_CASES,Estimated number of malaria cases,text,AFR,Africa,Country,MYT,Mayotte,Year,2006,false,,,,,,,,,,,,,318,,,318,,318,318 [318-318],,,EN,2025-12-19T00:00:00.000Z
MALARIA_EST_CASES,Estimated number of malaria cases,text,AMR,Americas,Country,SUR,Suriname,Year,2006,false,,,,,,,,,,,,,3289,,,,,,3289,,,EN,2025-12-19T00:00:00.000Z
MALARIA_EST_CASES,Estimated number of malaria cases,text,WPR,Western Pacific,Country,CHN,China,Year,2006,false,,,,,,,,,,,,,35383,,,,,,35 383,,,EN,2025-12-19T00:00:00.000Z
MALARIA_EST_CASES,Estimated number of malaria cases,text,SEAR,South-East Asia,Country,NPL,Nepal,Year,2006,false,,,,,,,,,,,,,35567,,,15000,,81000,35 567 [15 000-81 000],,,EN,2025-12-19T00:00:00.000Z
MALARIA_EST_CASES,Estimated number of malaria cases,text,AFR,Africa,Country,COM,Comoros,Year,2006,false,,,,,,,,,,,,,35626,,,,,,35 626,,,EN,2025-12-19T00:00:00.000Z
MALARIA_EST_CASES,Estimated number of malaria cases,text,AFR,Africa,Country,GNQ,Equatorial Guinea,Year,2006,false,,,,,,,,,,,,,353242,,,262000,,470000,353 242 [262 000-470 000],,,EN,2025-12-19T00:00:00.000Z
MALARIA_EST_CASES,Estimated number of malaria cases,text,AMR,Americas,Country,GTM,Guatemala,Year,2006,false,,,,,,,,,,,,,36610,,,32000,,43000,36 610 [32 000-43 000],,,EN,2025-12-19T00:00:00.000Z
MALARIA_EST_CASES,Estimated number of malaria cases,text,AMR,Americas,Country,NIC,Nicaragua,Year,2006,false,,,,,,,,,,,,,3943,,,3300,,4700,3943 [3300-4700],,,EN,2025-12-19T00:00:00.000Z
MALARIA_EST_CASES,Estimated number of malaria cases,text,AFR,Africa,Country,NER,Niger,Year,2006,false,,,,,,,,,,,,,4386050,,,2712000,,6753000,4 386 050 [2 712 000-6 753 000],,,EN,2025-12-19T00:00:00.000Z
MALARIA_EST_CASES,Estimated number of malaria cases,text,AFR,Africa,Country,BEN,Benin,Year,2006,false,,,,,,,,,,,,,4424230,,,3563000,,5432000,4 424 230 [3 563 000-5 432 000],,,EN,2025-12-19T00:00:00.000Z
MALARIA_EST_CASES,Estimated number of malaria cases,text,AFR,Africa,Country,KEN,Kenya,Year,2006,false,,,,,,,,,,,,,4632386,,,3423000,,6146000,4 632 386 [3 423 000-6 146 000],,,EN,2025-12-19T00:00:00.000Z
MALARIA_EST_CASES,Estimated number of malaria cases,text,AFR,Africa,Country,MWI,Malawi,Year,2006,false,,,,,,,,,,,,,4740334,,,3763000,,5892000,4 740 334 [3 763 000-5 892 000],,,EN,2025-12-19T00:00:00.000Z
MALARIA_EST_CASES,Estimated number of malaria cases,text,EMR,Eastern Mediterranean,Country,AFG,Afghanistan,Year,2006,false,,,,,,,,,,,,,418216,,,221000,,717000,418 216 [221 000-717 000],,,EN,2025-12-19T00:00:00.000Z
MALARIA_EST_CASES,Estimated number of malaria cases,text,WPR,Western Pacific,Country,VNM,Viet Nam,Year,2006,false,,,,,,,,,,,,,43620,,,37000,,54000,43 620 [37 000-54 000],,,EN,2025-12-19T00:00:00.000Z
MALARIA_EST_CASES,Estimated number of malaria cases,text,AMR,Americas,Country,VEN,Venezuela (Bolivarian Republic of),Year,2006,false,,,,,,,,,,,,,43638,,,39000,,51000,43 638 [39 000-51 000],,,EN,2025-12-19T00:00:00.000Z
MALARIA_EST_CASES,Estimated number of malaria cases,text,WPR,Western Pacific,Country,KHM,Cambodia,Year,2006,false,,,,,,,,,,,,,437975,,,339000,,577000,437 975 [339 000-577 000],,,EN,2025-12-19T00:00:00.000Z
MALARIA_EST_CASES,Estimated number of malaria cases,text,AFR,Africa,Country,GMB,Gambia,Year,2006,false,,,,,,,,,,,,,448795,,,333000,,586000,448 795 [333 000-586 000],,,EN,2025-12-19T00:00:00.000Z
MALARIA_EST_CASES,Estimated number of malaria cases,text,AMR,Americas,Country,DOM,Dominican Republic,Year,2006,false,,,,,,,,,,,,,4535,,,3700,,5400,4535 [3700-5400],,,EN,2025-12-19T00:00:00.000Z
MALARIA_EST_CASES,Estimated number of malaria cases,text,AMR,Americas,Country,GUF,French Guiana,Year,2006,false,,,,,,,,,,,,,4796,,,4200,,5600,4796 [4200-5600],,,EN,2025-12-19T00:00:00.000Z
MALARIA_EST_CASES,Estimated number of malaria cases,text,WPR,Western Pacific,Country,LAO,Lao People's Democratic Republic,Year,2006,false,,,,,,,,,,,,,48965,,,31000,,74000,48 965 [31 000-74 000],,,EN,2025-12-19T00:00:00.000Z
MALARIA_EST_CASES,Estimated number of malaria cases,text,AFR,Africa,Country,BWA,Botswana,Year,2006,false,,,,,,,,,,,,,4803,,,3200,,7800,4803 [3200-7800],,,EN,2025-12-19T00:00:00.000Z
MALARIA_EST_CASES,Estimated number of malaria cases,text,AMR,Americas,Country,SLV,El Salvador,Year,2006,false,,,,,,,,,,,,,49,,,,,,49,,,EN,2025-12-19T00:00:00.000Z
MALARIA_EST_CASES,Estimated number of malaria cases,text,AFR,Africa,Country,MLI,Mali,Year,2006,false,,,,,,,,,,,,,5527211,,,3844000,,7850000,5 527 211 [3 844 000-7 850 000],,,EN,2025-12-19T00:00:00.000Z
MALARIA_EST_CASES,Estimated number of malaria cases,text,AFR,Africa,Country,STP,Sao Tome and Principe,Year,2006,false,,,,,,,,,,,,,5146,,,,,,5146,,,EN,2025-12-19T00:00:00.000Z
MALARIA_EST_CASES,Estimated number of malaria cases,text,WPR,Western Pacific,Country,MYS,Malaysia,Year,2006,false,,,,,,,,,,,,,5294,,,,,,5294,,,EN,2025-12-19T00:00:00.000Z
MALARIA_EST_CASES,Estimated number of malaria cases,text,AMR,Americas,Country,BRA,Brazil,Year,2006,false,,,,,,,,,,,,,584183,,,561000,,623000,584 183 [561 000-623 000],,,EN,2025-12-19T00:00:00.000Z
MALARIA_EST_CASES,Estimated number of malaria cases,text,EUR,Europe,Country,GEO,Georgia,Year,2006,false,,,,,,,,,,,,,59,,,,,,59,,,EN,2025-12-19T00:00:00.000Z
MALARIA_EST_CASES,Estimated number of malaria cases,text,AFR,Africa,Country,NGA,Nigeria,Year,2006,false,,,,,,,,,,,,,59418382,,,47900000,,72790000,59 418 382 [47 900 000-72 790 000],,,EN,2025-12-19T00:00:00.000Z
MALARIA_EST_CASES,Estimated number of malaria cases,text,SEAR,South-East Asia,Country,LKA,Sri Lanka,Year,2006,false,,,,,,,,,,,,,591,,,,,,591,,,EN,2025-12-19T00:00:00.000Z
MALARIA_EST_CASES,Estimated number of malaria cases,text,AFR,Africa,Country,AGO,Angola,Year,2006,false,,,,,,,,,,,,,6002681,,,4567000,,7744000,6 002 681 [4 567 000-7 744 000],,,EN,2025-12-19T00:00:00.000Z
MALARIA_EST_CASES,Estimated number of malaria cases,text,AFR,Africa,Country,MDG,Madagascar,Year,2006,false,,,,,,,,,,,,,666523,,,23000,,1464000,666 523 [23 000-1 464 000],,,EN,2025-12-19T00:00:00.000Z
MALARIA_EST_CASES,Estimated number of malaria cases,text,AFR,Africa,Country,NAM,Namibia,Year,2006,false,,,,,,,,,,,,,68176,,,41000,,113000,68 176 [41 000-113 000],,,EN,2025-12-19T00:00:00.000Z
MALARIA_EST_CASES,Estimated number of malaria cases,text,SEAR,South-East Asia,Country,BGD,Bangladesh,Year,2006,false,,,,,,,,,,,,,68539,,,41000,,103000,68 539 [41 000-103 000],,,EN,2025-12-19T00:00:00.000Z
MALARIA_EST_CASES,Estimated number of malaria cases,text,SEAR,South-East Asia,Country,PRK,Democratic People's Republic of Korea,Year,2006,false,,,,,,,,,,,,,6913,,,,,,6913,,,EN,2025-12-19T00:00:00.000Z
MALARIA_EST_CASES,Estimated number of malaria cases,text,AFR,Africa,Country,GHA,Ghana,Year,2006,false,,,,,,,,,,,,,7173504,,,5733000,,8827000,7 173 504 [5 733 000-8 827 000],,,EN,2025-12-19T00:00:00.000Z
MALARIA_EST_CASES,Estimated number of malaria cases,text,AFR,Africa,Country,BFA,Burkina Faso,Year,2006,false,,,,,,,,,,,,,7347269,,,5772000,,9212000,7 347 269 [5 772 000-9 212 000],,,EN,2025-12-19T00:00:00.000Z
MALARIA_EST_CASES,Estimated number of malaria cases,text,AFR,Africa,Country,CMR,Cameroon,Year,2006,false,,,,,,,,,,,,,7475565,,,5956000,,9251000,7 475 565 [5 956 000-9 251 000],,,EN,2025-12-19T00:00:00.000Z
MALARIA_EST_CASES,Estimated number of malaria cases,text,AFR,Africa,Country,ETH,Ethiopia,Year,2006,false,,,,,,,,,,,,,7573908,,,2350000,,23550000,7 573 908 [2 350 000-23 550 000],,,EN,2025-12-19T00:00:00.000Z
MALARIA_EST_CASES,Estimated number of malaria cases,text,EUR,Europe,Country,UZB,Uzbekistan,Year,2006,false,,,,,,,,,,,,,73,,,,,,73,,,EN,2025-12-19T00:00:00.000Z
MALARIA_EST_CASES,Estimated number of malaria cases,text,EUR,Europe,Country,TUR,Türkiye,Year,2006,false,,,,,,,,,,,,,796,,,,,,796,,,EN,2025-12-19T00:00:00.000Z
MALARIA_EST_CASES,Estimated number of malaria cases,text,AFR,Africa,Country,MOZ,Mozambique,Year,2006,false,,,,,,,,,,,,,8676948,,,7089000,,10560000,8 676 948 [7 089 000-10 560 000],,,EN,2025-12-19T00:00:00.000Z
MALARIA_EST_CASES,Estimated number of malaria cases,text,AFR,Africa,Country,CIV,Cote d'Ivoire,Year,2006,false,,,,,,,,,,,,,8744926,,,7158000,,10580000,8 744 926 [7 158 000-10 580 000],,,EN,2025-12-19T00:00:00.000Z
MALARIA_EST_CASES,Estimated number of malaria cases,text,AFR,Africa,Country,CPV,Cabo Verde,Year,2006,false,,,,,,,,,,,,,80,,,,,,80,,,EN,2025-12-19T00:00:00.000Z
MALARIA_EST_CASES,Estimated number of malaria cases,text,AMR,Americas,Country,PER,Peru,Year,2006,false,,,,,,,,,,,,,80054,,,68000,,93000,80 054 [68 000-93 000],,,EN,2025-12-19T00:00:00.000Z
MALARIA_EST_CASES,Estimated number of malaria cases,text,AMR,Americas,Country,HTI,Haiti,Year,2006,false,,,,,,,,,,,,,81199,,,47000,,129000,81 199 [47 000-129 000],,,EN,2025-12-19T00:00:00.000Z
MALARIA_EST_CASES,Estimated number of malaria cases,text,AMR,Americas,Country,PRY,Paraguay,Year,2006,false,,,,,,,,,,,,,820,,,,,,820,,,EN,2025-12-19T00:00:00.000Z
MALARIA_EST_CASES,Estimated number of malaria cases,text,AMR,Americas,Country,BLZ,Belize,Year,2006,false,,,,,,,,,,,,,844,,,,,,844,,,EN,2025-12-19T00:00:00.000Z
MALARIA_EST_CASES,Estimated number of malaria cases,text,EMR,Eastern Mediterranean,Country,PAK,Pakistan,Year,2006,false,,,,,,,,,,,,,851104,,,356000,,2054000,851 104 [356 000-2 054 000],,,EN,2025-12-19T00:00:00.000Z
MALARIA_EST_CASES,Estimated number of malaria cases,text,AFR,Africa,Country,TZA,United Republic of Tanzania,Year,2006,false,,,,,,,,,,,,,9095258,,,6953000,,11730000,9 095 258 [6 953 000-11 730 000],,,EN,2025-12-19T00:00:00.000Z
MALARIA_EST_CASES,Estimated number of malaria cases,text,AMR,Americas,Country,ECU,Ecuador,Year,2006,false,,,,,,,,,,,,,9863,,,,,,9863,,,EN,2025-12-19T00:00:00.000Z
MALARIA_EST_CASES,Estimated number of malaria cases,text,EMR,Eastern Mediterranean,Country,EGY,Egypt,Year,2005,false,,,,,,,,,,,,,0,,,,,,0,,,EN,2025-12-19T00:00:00.000Z
MALARIA_EST_CASES,Estimated number of malaria cases,text,EUR,Europe,Country,KAZ,Kazakhstan,Year,2005,false,,,,,,,,,,,,,0,,,,,,0,,,EN,2025-12-19T00:00:00.000Z
MALARIA_EST_CASES,Estimated number of malaria cases,text,EMR,Eastern Mediterranean,Country,MAR,Morocco,Year,2005,false,,,,,,,,,,,,,0,,,,,,0,,,EN,2025-12-19T00:00:00.000Z
MALARIA_EST_CASES,Estimated number of malaria cases,text,EMR,Eastern Mediterranean,Country,OMN,Oman,Year,2005,false,,,,,,,,,,,,,0,,,,,,0,,,EN,2025-12-19T00:00:00.000Z
MALARIA_EST_CASES,Estimated number of malaria cases,text,EMR,Eastern Mediterranean,Country,SYR,Syrian Arab Republic,Year,2005,false,,,,,,,,,,,,,0,,,,,,0,,,EN,2025-12-19T00:00:00.000Z
MALARIA_EST_CASES,Estimated number of malaria cases,text,EMR,Eastern Mediterranean,Country,ARE,United Arab Emirates,Year,2005,false,,,,,,,,,,,,,0,,,,,,0,,,EN,2025-12-19T00:00:00.000Z
MALARIA_EST_CASES,Estimated number of malaria cases,text,AFR,Africa,Country,DZA,Algeria,Year,2005,false,,,,,,,,,,,,,1,,,,,,1,,,EN,2025-12-19T00:00:00.000Z
MALARIA_EST_CASES,Estimated number of malaria cases,text,EUR,Europe,Country,TKM,Turkmenistan,Year,2005,false,,,,,,,,,,,,,1,,,,,,1,,,EN,2025-12-19T00:00:00.000Z
MALARIA_EST_CASES,Estimated number of malaria cases,text,EMR,Eastern Mediterranean,Country,YEM,Yemen,Year,2005,false,,,,,,,,,,,,,1002795,,,444000,,4790000,1 002 795 [444 000-4 790 000],,,EN,2025-12-19T00:00:00.000Z
MALARIA_EST_CASES,Estimated number of malaria cases,text,AFR,Africa,Country,ZWE,Zimbabwe,Year,2005,false,,,,,,,,,,,,,1008423,,,225000,,2487000,1 008 423 [225 000-2 487 000],,,EN,2025-12-19T00:00:00.000Z
MALARIA_EST_CASES,Estimated number of malaria cases,text,AFR,Africa,Country,COG,Congo,Year,2005,false,,,,,,,,,,,,,1142267,,,712000,,1733000,1 142 267 [712 000-1 733 000],,,EN,2025-12-19T00:00:00.000Z
MALARIA_EST_CASES,Estimated number of malaria cases,text,WPR,Western Pacific,Country,IDN,Indonesia,Year,2005,false,,,,,,,,,,,,,1187260,,,1069000,,1330000,1 187 260 [1 069 000-1 330 000],,,EN,2025-12-19T00:00:00.000Z
MALARIA_EST_CASES,Estimated number of malaria cases,text,AFR,Africa,Country,LBR,Liberia,Year,2005,false,,,,,,,,,,,,,1330918,,,911000,,1842000,1 330 918 [911 000-1 842 000],,,EN,2025-12-19T00:00:00.000Z
MALARIA_EST_CASES,Estimated number of malaria cases,text,AFR,Africa,Country,RWA,Rwanda,Year,2005,false,,,,,,,,,,,,,1376821,,,309000,,2311000,1 376 821 [309 000-2 311 000],,,EN,2025-12-19T00:00:00.000Z
MALARIA_EST_CASES,Estimated number of malaria cases,text,EMR,Eastern Mediterranean,Country,SOM,Somalia,Year,2005,false,,,,,,,,,,,,,1401390,,,1021000,,1864000,1 401 390 [1 021 000-1 864 000],,,EN,2025-12-19T00:00:00.000Z
MALARIA_EST_CASES,Estimated number of malaria cases,text,WPR,Western Pacific,Country,PNG,Papua New Guinea,Year,2005,false,,,,,,,,,,,,,1413497,,,467000,,2568000,1 413 497 [467 000-2 568 000],,,EN,2025-12-19T00:00:00.000Z
MALARIA_EST_CASES,Estimated number of malaria cases,text,SEAR,South-East Asia,Country,MMR,Myanmar,Year,2005,false,,,,,,,,,,,,,1421878,,,999000,,2126000,1 421 878 [999 000-2 126 000],,,EN,2025-12-19T00:00:00.000Z
MALARIA_EST_CASES,Estimated number of malaria cases,text,AFR,Africa,Country,SEN,Senegal,Year,2005,false,,,,,,,,,,,,,1485983,,,441000,,2586000,1 485 983 [441 000-2 586 000],,,EN,2025-12-19T00:00:00.000Z
MALARIA_EST_CASES,Estimated number of malaria cases,text,EMR,Eastern Mediterranean,Country,SDN,Sudan,Year,2005,false,,,,,,,,,,,,,1664615,,,1139000,,2354000,1 664 615 [1 139 000-2 354 000],,,EN,2025-12-19T00:00:00.000Z
MALARIA_EST_CASES,Estimated number of malaria cases,text,AFR,Africa,Country,CAF,Central African Republic,Year,2005,false,,,,,,,,,,,,,1995410,,,1271000,,3006000,1 995 410 [1 271 000-3 006 000],,,EN,2025-12-19T00:00:00.000Z
MALARIA_EST_CASES,Estimated number of malaria cases,text,EUR,Europe,Country,UZB,Uzbekistan,Year,2005,false,,,,,,,,,,,,,102,,,,,,102,,,EN,2025-12-19T00:00:00.000Z
MALARIA_EST_CASES,Estimated number of malaria cases,text,SEAR,South-East Asia,Country,BGD,Bangladesh,Year,2005,false,,,,,,,,,,,,,103195,,,46000,,165000,103 195 [46 000-165 000],,,EN,2025-12-19T00:00:00.000Z
MALARIA_EST_CASES,Estimated number of malaria cases,text,EMR,Eastern Mediterranean,Country,SAU,Saudi Arabia,Year,2005,false,,,,,,,,,,,,,1059,,,,,,1059,,,EN,2025-12-19T00:00:00.000Z
MALARIA_EST_CASES,Estimated number of malaria cases,text,AMR,Americas,Country,PER,Peru,Year,2005,false,,,,,,,,,,,,,108134,,,92000,,126000,108 134 [92 000-126 000],,,EN,2025-12-19T00:00:00.000Z
MALARIA_EST_CASES,Estimated number of malaria cases,text,AFR,Africa,Country,UGA,Uganda,Year,2005,false,,,,,,,,,,,,,11919970,,,9096000,,15290000,11 919 970 [9 096 000-15 290 000],,,EN,2025-12-19T00:00:00.000Z
MALARIA_EST_CASES,Estimated number of malaria cases,text,AFR,Africa,Country,GNB,Guinea-Bissau,Year,2005,false,,,,,,,,,,,,,128852,,,59000,,249000,128 852 [59 000-249 000],,,EN,2025-12-19T00:00:00.000Z
MALARIA_EST_CASES,Estimated number of malaria cases,text,WPR,Western Pacific,Country,KOR,Republic of Korea,Year,2005,false,,,,,,,,,,,,,1369,,,,,,1369,,,EN,2025-12-19T00:00:00.000Z
MALARIA_EST_CASES,Estimated number of malaria cases,text,AFR,Africa,Country,BWA,Botswana,Year,2005,false,,,,,,,,,,,,,1466,,,840,,2800,1466 [840-2800],,,EN,2025-12-19T00:00:00.000Z
MALARIA_EST_CASES,Estimated number of malaria cases,text,SEAR,South-East Asia,Country,TLS,Timor-Leste,Year,2005,false,,,,,,,,,,,,,153748,,,106000,,209000,153 748 [106 000-209 000],,,EN,2025-12-19T00:00:00.000Z
MALARIA_EST_CASES,Estimated number of malaria cases,text,AMR,Americas,Country,BLZ,Belize,Year,2005,false,,,,,,,,,,,,,1549,,,,,,1549,,,EN,2025-12-19T00:00:00.000Z
MALARIA_EST_CASES,Estimated number of malaria cases,text,EUR,Europe,Country,GEO,Georgia,Year,2005,false,,,,,,,,,,,,,155,,,,,,155,,,EN,2025-12-19T00:00:00.000Z
MALARIA_EST_CASES,Estimated number of malaria cases,text,SEAR,South-East Asia,Country,LKA,Sri Lanka,Year,2005,false,,,,,,,,,,,,,1640,,,,,,1640,,,EN,2025-12-19T00:00:00.000Z
MALARIA_EST_CASES,Estimated number of malaria cases,text,AMR,Americas,Country,COL,Colombia,Year,2005,false,,,,,,,,,,,,,166899,,,129000,,207000,166 899 [129 000-207 000],,,EN,2025-12-19T00:00:00.000Z
MALARIA_EST_CASES,Estimated number of malaria cases,text,AMR,Americas,Country,ECU,Ecuador,Year,2005,false,,,,,,,,,,,,,17050,,,,,,17 050,,,EN,2025-12-19T00:00:00.000Z
MALARIA_EST_CASES,Estimated number of malaria cases,text,AFR,Africa,Country,STP,Sao Tome and Principe,Year,2005,false,,,,,,,,,,,,,18139,,,,,,18 139,,,EN,2025-12-19T00:00:00.000Z
MALARIA_EST_CASES,Estimated number of malaria cases,text,EMR,Eastern Mediterranean,Country,IRN,Iran (Islamic Republic of),Year,2005,false,,,,,,,,,,,,,18966,,,,,,18 966,,,EN,2025-12-19T00:00:00.000Z
MALARIA_EST_CASES,Estimated number of malaria cases,text,SEAR,South-East Asia,Country,BTN,Bhutan,Year,2005,false,,,,,,,,,,,,,1825,,,,,,1825,,,EN,2025-12-19T00:00:00.000Z
MALARIA_EST_CASES,Estimated number of malaria cases,text,EMR,Eastern Mediterranean,Country,DJI,Djibouti,Year,2005,false,,,,,,,,,,,,,1933,,,,,,1933,,,EN,2025-12-19T00:00:00.000Z
MALARIA_EST_CASES,Estimated number of malaria cases,text,AFR,Africa,Country,BDI,Burundi,Year,2005,false,,,,,,,,,,,,,2158458,,,1593000,,2863000,2 158 458 [1 593 000-2 863 000],,,EN,2025-12-19T00:00:00.000Z
MALARIA_EST_CASES,Estimated number of malaria cases,text,AFR,Africa,Country,SLE,Sierra Leone,Year,2005,false,,,,,,,,,,,,,2207239,,,1501000,,3135000,2 207 239 [1 501 000-3 135 000],,,EN,2025-12-19T00:00:00.000Z
MALARIA_EST_CASES,Estimated number of malaria cases,text,AFR,Africa,Country,SSD,South Sudan,Year,2005,false,,,,,,,,,,,,,2321502,,,1594000,,3270000,2 321 502 [1 594 000-3 270 000],,,EN,2025-12-19T00:00:00.000Z
MALARIA_EST_CASES,Estimated number of malaria cases,text,AFR,Africa,Country,TCD,Chad,Year,2005,false,,,,,,,,,,,,,2464532,,,1428000,,3923000,2 464 532 [1 428 000-3 923 000],,,EN,2025-12-19T00:00:00.000Z
MALARIA_EST_CASES,Estimated number of malaria cases,text,AFR,Africa,Country,TGO,Togo,Year,2005,false,,,,,,,,,,,,,2814225,,,2229000,,3498000,2 814 225 [2 229 000-3 498 000],,,EN,2025-12-19T00:00:00.000Z
MALARIA_EST_CASES,Estimated number of malaria cases,text,EUR,Europe,Country,TUR,Türkiye,Year,2005,false,,,,,,,,,,,,,2084,,,,,,2084,,,EN,2025-12-19T00:00:00.000Z
MALARIA_EST_CASES,Estimated number of malaria cases,text,WPR,Western Pacific,Country,CHN,China,Year,2005,false,,,,,,,,,,,,,21936,,,,,,21 936,,,EN,2025-12-19T00:00:00.000Z
MALARIA_EST_CASES,Estimated number of malaria cases,text,EUR,Europe,Country,KGZ,Kyrgyzstan,Year,2005,false,,,,,,,,,,,,,225,,,,,,225,,,EN,2025-12-19T00:00:00.000Z
MALARIA_EST_CASES,Estimated number of malaria cases,text,AMR,Americas,Country,HND,Honduras,Year,2005,false,,,,,,,,,,,,,23468,,,17000,,30000,23 468 [17 000-30 000],,,EN,2025-12-19T00:00:00.000Z
MALARIA_EST_CASES,Estimated number of malaria cases,text,EUR,Europe,Country,TJK,Tajikistan,Year,2005,false,,,,,,,,,,,,,2309,,,,,,2309,,,EN,2025-12-19T00:00:00.000Z
MALARIA_EST_CASES,Estimated number of malaria cases,text,AMR,Americas,Country,ARG,Argentina,Year,2005,false,,,,,,,,,,,,,231,,,,,,231,,,EN,2025-12-19T00:00:00.000Z
MALARIA_EST_CASES,Estimated number of malaria cases,text,AFR,Africa,Country,GAB,Gabon,Year,2005,false,,,,,,,,,,,,,231288,,,141000,,355000,231 288 [141 000-355 000],,,EN,2025-12-19T00:00:00.000Z
MALARIA_EST_CASES,Estimated number of malaria cases,text,SEAR,South-East Asia,Country,IND,India,Year,2005,false,,,,,,,,,,,,,24179932,,,18220000,,33260000,24 179 932 [18 220 000-33 260 000],,,EN,2025-12-19T00:00:00.000Z
MALARIA_EST_CASES,Estimated number of malaria cases,text,EUR,Europe,Country,AZE,Azerbaijan,Year,2005,false,,,,,,,,,,,,,242,,,,,,242,,,EN,2025-12-19T00:00:00.000Z
MALARIA_EST_CASES,Estimated number of malaria cases,text,AFR,Africa,Country,MRT,Mauritania,Year,2005,false,,,,,,,,,,,,,247845,,,77000,,481000,247 845 [77 000-481 000],,,EN,2025-12-19T00:00:00.000Z
MALARIA_EST_CASES,Estimated number of malaria cases,text,WPR,Western Pacific,Country,VUT,Vanuatu,Year,2005,false,,,,,,,,,,,,,25624,,,17000,,39000,25 624 [17 000-39 000],,,EN,2025-12-19T00:00:00.000Z
MALARIA_EST_CASES,Estimated number of malaria cases,text,AMR,Americas,Country,BOL,Bolivia (Plurinational State of),Year,2005,false,,,,,,,,,,,,,27296,,,21000,,34000,27 296 [21 000-34 000],,,EN,2025-12-19T00:00:00.000Z
MALARIA_EST_CASES,Estimated number of malaria cases,text,AFR,Africa,Country,COD,Democratic Republic of the Congo,Year,2005,false,,,,,,,,,,,,,27526510,,,22180000,,34110000,27 526 510 [22 180 000-34 110 000],,,EN,2025-12-19T00:00:00.000Z
MALARIA_EST_CASES,Estimated number of malaria cases,text,AFR,Africa,Country,ERI,Eritrea,Year,2005,false,,,,,,,,,,,,,27680,,,16000,,42000,27 680 [16 000-42 000],,,EN,2025-12-19T00:00:00.000Z
MALARIA_EST_CASES,Estimated number of malaria cases,text,AFR,Africa,Country,SWZ,Eswatini,Year,2005,false,,,,,,,,,,,,,279,,,,,,279,,,EN,2025-12-19T00:00:00.000Z
MALARIA_EST_CASES,Estimated number of malaria cases,text,WPR,Western Pacific,Country,SLB,Solomon Islands,Year,2005,false,,,,,,,,,,,,,286015,,,153000,,464000,286 015 [153 000-464 000],,,EN,2025-12-19T00:00:00.000Z
MALARIA_EST_CASES,Estimated number of malaria cases,text,SEAR,South-East Asia,Country,THA,Thailand,Year,2005,false,,,,,,,,,,,,,29782,,,,,,29 782,,,EN,2025-12-19T00:00:00.000Z
MALARIA_EST_CASES,Estimated number of malaria cases,text,AMR,Americas,Country,MEX,Mexico,Year,2005,false,,,,,,,,,,,,,2967,,,,,,2967,,,EN,2025-12-19T00:00:00.000Z
MALARIA_EST_CASES,Estimated number of malaria cases,text,AFR,Africa,Country,ZMB,Zambia,Year,2005,false,,,,,,,,,,,,,3076469,,,2396000,,3909000,3 076 469 [2 396 000-3 909 000],,,EN,2025-12-19T00:00:00.000Z
MALARIA_EST_CASES,Estimated number of malaria cases,text,AFR,Africa,Country,GIN,Guinea,Year,2005,false,,,,,,,,,,,,,3885452,,,2776000,,5281000,3 885 452 [2 776 000-5 281 000],,,EN,2025-12-19T00:00:00.000Z
MALARIA_EST_CASES,Estimated number of malaria cases,text,AFR,Africa,Country,GNQ,Equatorial Guinea,Year,2005,false,,,,,,,,,,,,,338812,,,251000,,449000,338 812 [251 000-449 000],,,EN,2025-12-19T00:00:00.000Z
MALARIA_EST_CASES,Estimated number of malaria cases,text,WPR,Western Pacific,Country,LAO,Lao People's Democratic Republic,Year,2005,false,,,,,,,,,,,,,35002,,,23000,,51000,35 002 [23 000-51 000],,,EN,2025-12-19T00:00:00.000Z
MALARIA_EST_CASES,Estimated number of malaria cases,text,AFR,Africa,Country,COM,Comoros,Year,2005,false,,,,,,,,,,,,,35616,,,,,,35 616,,,EN,2025-12-19T00:00:00.000Z
MALARIA_EST_CASES,Estimated number of malaria cases,text,AMR,Americas,Country,CRI,Costa Rica,Year,2005,false,,,,,,,,,,,,,3541,,,,,,3541,,,EN,2025-12-19T00:00:00.000Z
MALARIA_EST_CASES,Estimated number of malaria cases,text,SEAR,South-East Asia,Country,NPL,Nepal,Year,2005,false,,,,,,,,,,,,,36030,,,15000,,83000,36 030 [15 000-83 000],,,EN,2025-12-19T00:00:00.000Z
MALARIA_EST_CASES,Estimated number of malaria cases,text,AMR,Americas,Country,PRY,Paraguay,Year,2005,false,,,,,,,,,,,,,373,,,,,,373,,,EN,2025-12-19T00:00:00.000Z
MALARIA_EST_CASES,Estimated number of malaria cases,text,AMR,Americas,Country,PAN,Panama,Year,2005,false,,,,,,,,,,,,,3861,,,3700,,4100,3861 [3700-4100],,,EN,2025-12-19T00:00:00.000Z
MALARIA_EST_CASES,Estimated number of malaria cases,text,WPR,Western Pacific,Country,KHM,Cambodia,Year,2005,false,,,,,,,,,,,,,388706,,,329000,,460000,388 706 [329 000-460 000],,,EN,2025-12-19T00:00:00.000Z
MALARIA_EST_CASES,Estimated number of malaria cases,text,AFR,Africa,Country,NER,Niger,Year,2005,false,,,,,,,,,,,,,4271200,,,2688000,,6443000,4 271 200 [2 688 000-6 443 000],,,EN,2025-12-19T00:00:00.000Z
MALARIA_EST_CASES,Estimated number of malaria cases,text,AFR,Africa,Country,BEN,Benin,Year,2005,false,,,,,,,,,,,,,4298732,,,3442000,,5290000,4 298 732 [3 442 000-5 290 000],,,EN,2025-12-19T00:00:00.000Z
MALARIA_EST_CASES,Estimated number of malaria cases,text,AFR,Africa,Country,MWI,Malawi,Year,2005,false,,,,,,,,,,,,,4797659,,,3799000,,5908000,4 797 659 [3 799 000-5 908 000],,,EN,2025-12-19T00:00:00.000Z
MALARIA_EST_CASES,Estimated number of malaria cases,text,AFR,Africa,Country,KEN,Kenya,Year,2005,false,,,,,,,,,,,,,4972794,,,3650000,,6686000,4 972 794 [3 650 000-6 686 000],,,EN,2025-12-19T00:00:00.000Z
MALARIA_EST_CASES,Estimated number of malaria cases,text,WPR,Western Pacific,Country,VNM,Viet Nam,Year,2005,false,,,,,,,,,,,,,40604,,,34000,,51000,40 604 [34 000-51 000],,,EN,2025-12-19T00:00:00.000Z
MALARIA_EST_CASES,Estimated number of malaria cases,text,AMR,Americas,Country,GUF,French Guiana,Year,2005,false,,,,,,,,,,,,,4015,,,3600,,4700,4015 [3600-4700],,,EN,2025-12-19T00:00:00.000Z
MALARIA_EST_CASES,Estimated number of malaria cases,text,AFR,Africa,Country,GMB,Gambia,Year,2005,false,,,,,,,,,,,,,449027,,,330000,,579000,449 027 [330 000-579 000],,,EN,2025-12-19T00:00:00.000Z
MALARIA_EST_CASES,Estimated number of malaria cases,text,AMR,Americas,Country,GTM,Guatemala,Year,2005,false,,,,,,,,,,,,,46748,,,41000,,55000,46 748 [41 000-55 000],,,EN,2025-12-19T00:00:00.000Z
MALARIA_EST_CASES,Estimated number of malaria cases,text,EMR,Eastern Mediterranean,Country,IRQ,Iraq,Year,2005,false,,,,,,,,,,,,,47,,,,,,47,,,EN,2025-12-19T00:00:00.000Z
MALARIA_EST_CASES,Estimated number of malaria cases,text,AMR,Americas,Country,DOM,Dominican Republic,Year,2005,false,,,,,,,,,,,,,4950,,,4000,,5900,4950 [4000-5900],,,EN,2025-12-19T00:00:00.000Z
MALARIA_EST_CASES,Estimated number of malaria cases,text,AFR,Africa,Country,MLI,Mali,Year,2005,false,,,,,,,,,,,,,5683984,,,3946000,,8192000,5 683 984 [3 946 000-8 192 000],,,EN,2025-12-19T00:00:00.000Z
MALARIA_EST_CASES,Estimated number of malaria cases,text,AFR,Africa,Country,MYT,Mayotte,Year,2005,false,,,,,,,,,,,,,500,,,500,,500,500 [500-500],,,EN,2025-12-19T00:00:00.000Z
MALARIA_EST_CASES,Estimated number of malaria cases,text,AMR,Americas,Country,VEN,Venezuela (Bolivarian Republic of),Year,2005,false,,,,,,,,,,,,,52979,,,47000,,62000,52 979 [47 000-62 000],,,EN,2025-12-19T00:00:00.000Z
MALARIA_EST_CASES,Estimated number of malaria cases,text,EMR,Eastern Mediterranean,Country,AFG,Afghanistan,Year,2005,false,,,,,,,,,,,,,535477,,,315000,,860000,535 477 [315 000-860 000],,,EN,2025-12-19T00:00:00.000Z
MALARIA_EST_CASES,Estimated number of malaria cases,text,AMR,Americas,Country,GUY,Guyana,Year,2005,false,,,,,,,,,,,,,54583,,,45000,,65000,54 583 [45 000-65 000],,,EN,2025-12-19T00:00:00.000Z
MALARIA_EST_CASES,Estimated number of malaria cases,text,WPR,Western Pacific,Country,MYS,Malaysia,Year,2005,false,,,,,,,,,,,,,5569,,,,,,5569,,,EN,2025-12-19T00:00:00.000Z
MALARIA_EST_CASES,Estimated number of malaria cases,text,AFR,Africa,Country,NGA,Nigeria,Year,2005,false,,,,,,,,,,,,,57411916,,,46230000,,70620000,57 411 916 [46 230 000-70 620 000],,,EN,2025-12-19T00:00:00.000Z
MALARIA_EST_CASES,Estimated number of malaria cases,text,AFR,Africa,Country,AGO,Angola,Year,2005,false,,,,,,,,,,,,,6054977,,,4427000,,8175000,6 054 977 [4 427 000-8 175 000],,,EN,2025-12-19T00:00:00.000Z
MALARIA_EST_CASES,Estimated number of malaria cases,text,AFR,Africa,Country,NAM,Namibia,Year,2005,false,,,,,,,,,,,,,65303,,,34000,,120000,65 303 [34 000-120 000],,,EN,2025-12-19T00:00:00.000Z
MALARIA_EST_CASES,Estimated number of malaria cases,text,AMR,Americas,Country,BRA,Brazil,Year,2005,false,,,,,,,,,,,,,658276,,,623000,,708000,658 276 [623 000-708 000],,,EN,2025-12-19T00:00:00.000Z
MALARIA_EST_CASES,Estimated number of malaria cases,text,AFR,Africa,Country,MDG,Madagascar,Year,2005,false,,,,,,,,,,,,,662852,,,25000,,1517000,662 852 [25 000-1 517 000],,,EN,2025-12-19T00:00:00.000Z
MALARIA_EST_CASES,Estimated number of malaria cases,text,AMR,Americas,Country,SLV,El Salvador,Year,2005,false,,,,,,,,,,,,,67,,,,,,67,,,EN,2025-12-19T00:00:00.000Z
MALARIA_EST_CASES,Estimated number of malaria cases,text,SEAR,South-East Asia,Country,PRK,Democratic People's Republic of Korea,Year,2005,false,,,,,,,,,,,,,6728,,,,,,6728,,,EN,2025-12-19T00:00:00.000Z
MALARIA_EST_CASES,Estimated number of malaria cases,text,AFR,Africa,Country,CPV,Cabo Verde,Year,2005,false,,,,,,,,,,,,,68,,,,,,68,,,EN,2025-12-19T00:00:00.000Z
MALARIA_EST_CASES,Estimated number of malaria cases,text,EUR,Europe,Country,ARM,Armenia,Year,2005,false,,,,,,,,,,,,,7,,,,,,7,,,EN,2025-12-19T00:00:00.000Z
MALARIA_EST_CASES,Estimated number of malaria cases,text,AFR,Africa,Country,GHA,Ghana,Year,2005,false,,,,,,,,,,,,,7267466,,,5744000,,9100000,7 267 466 [5 744 000-9 100 000],,,EN,2025-12-19T00:00:00.000Z
MALARIA_EST_CASES,Estimated number of malaria cases,text,AFR,Africa,Country,BFA,Burkina Faso,Year,2005,false,,,,,,,,,,,,,7363398,,,5819000,,9204000,7 363 398 [5 819 000-9 204 000],,,EN,2025-12-19T00:00:00.000Z
MALARIA_EST_CASES,Estimated number of malaria cases,text,AFR,Africa,Country,CMR,Cameroon,Year,2005,false,,,,,,,,,,,,,7437325,,,5908000,,9249000,7 437 325 [5 908 000-9 249 000],,,EN,2025-12-19T00:00:00.000Z
MALARIA_EST_CASES,Estimated number of malaria cases,text,AFR,Africa,Country,ETH,Ethiopia,Year,2005,false,,,,,,,,,,,,,7965655,,,2880000,,23440000,7 965 655 [2 880 000-23 440 000],,,EN,2025-12-19T00:00:00.000Z
MALARIA_EST_CASES,Estimated number of malaria cases,text,AFR,Africa,Country,ZAF,South Africa,Year,2005,false,,,,,,,,,,,,,7755,,,,,,7755,,,EN,2025-12-19T00:00:00.000Z
MALARIA_EST_CASES,Estimated number of malaria cases,text,AMR,Americas,Country,HTI,Haiti,Year,2005,false,,,,,,,,,,,,,78638,,,45000,,127000,78 638 [45 000-127 000],,,EN,2025-12-19T00:00:00.000Z
MALARIA_EST_CASES,Estimated number of malaria cases,text,AFR,Africa,Country,MOZ,Mozambique,Year,2005,false,,,,,,,,,,,,,8979666,,,7263000,,11010000,8 979 666 [7 263 000-11 010 000],,,EN,2025-12-19T00:00:00.000Z
MALARIA_EST_CASES,Estimated number of malaria cases,text,WPR,Western Pacific,Country,PHL,Philippines,Year,2005,false,,,,,,,,,,,,,83163,,,60000,,110000,83 163 [60 000-110 000],,,EN,2025-12-19T00:00:00.000Z
MALARIA_EST_CASES,Estimated number of malaria cases,text,AMR,Americas,Country,NIC,Nicaragua,Year,2005,false,,,,,,,,,,,,,8412,,,7000,,9900,8412 [7000-9900],,,EN,2025-12-19T00:00:00.000Z
MALARIA_EST_CASES,Estimated number of malaria cases,text,EMR,Eastern Mediterranean,Country,PAK,Pakistan,Year,2005,false,,,,,,,,,,,,,845170,,,374000,,1986000,845 170 [374 000-1 986 000],,,EN,2025-12-19T00:00:00.000Z
MALARIA_EST_CASES,Estimated number of malaria cases,text,AFR,Africa,Country,CIV,Cote d'Ivoire,Year,2005,false,,,,,,,,,,,,,9358798,,,7643000,,11350000,9 358 798 [7 643 000-11 350 000],,,EN,2025-12-19T00:00:00.000Z
MALARIA_EST_CASES,Estimated number of malaria cases,text,AFR,Africa,Country,TZA,United Republic of Tanzania,Year,2005,false,,,,,,,,,,,,,9861299,,,7616000,,12470000,9 861 299 [7 616 000-12 470 000],,,EN,2025-12-19T00:00:00.000Z
MALARIA_EST_CASES,Estimated number of malaria cases,text,AMR,Americas,Country,SUR,Suriname,Year,2005,false,,,,,,,,,,,,,9131,,,,,,9131,,,EN,2025-12-19T00:00:00.000Z
MALARIA_EST_CASES,Estimated number of malaria cases,text,EMR,Eastern Mediterranean,Country,EGY,Egypt,Year,2004,false,,,,,,,,,,,,,0,,,,,,0,,,EN,2025-12-19T00:00:00.000Z
MALARIA_EST_CASES,Estimated number of malaria cases,text,EUR,Europe,Country,KAZ,Kazakhstan,Year,2004,false,,,,,,,,,,,,,0,,,,,,0,,,EN,2025-12-19T00:00:00.000Z
MALARIA_EST_CASES,Estimated number of malaria cases,text,EMR,Eastern Mediterranean,Country,OMN,Oman,Year,2004,false,,,,,,,,,,,,,0,,,,,,0,,,EN,2025-12-19T00:00:00.000Z
MALARIA_EST_CASES,Estimated number of malaria cases,text,EMR,Eastern Mediterranean,Country,ARE,United Arab Emirates,Year,2004,false,,,,,,,,,,,,,0,,,,,,0,,,EN,2025-12-19T00:00:00.000Z
MALARIA_EST_CASES,Estimated number of malaria cases,text,EMR,Eastern Mediterranean,Country,MAR,Morocco,Year,2004,false,,,,,,,,,,,,,1,,,,,,1,,,EN,2025-12-19T00:00:00.000Z
MALARIA_EST_CASES,Estimated number of malaria cases,text,EMR,Eastern Mediterranean,Country,SYR,Syrian Arab Republic,Year,2004,false,,,,,,,,,,,,,1,,,,,,1,,,EN,2025-12-19T00:00:00.000Z
MALARIA_EST_CASES,Estimated number of malaria cases,text,AFR,Africa,Country,RWA,Rwanda,Year,2004,false,,,,,,,,,,,,,1078659,,,405000,,1815000,1 078 659 [405 000-1 815 000],,,EN,2025-12-19T00:00:00.000Z
MALARIA_EST_CASES,Estimated number of malaria cases,text,WPR,Western Pacific,Country,IDN,Indonesia,Year,2004,false,,,,,,,,,,,,,1087185,,,982000,,1212000,1 087 185 [982 000-1 212 000],,,EN,2025-12-19T00:00:00.000Z
MALARIA_EST_CASES,Estimated number of malaria cases,text,AFR,Africa,Country,COG,Congo,Year,2004,false,,,,,,,,,,,,,1161632,,,745000,,1715000,1 161 632 [745 000-1 715 000],,,EN,2025-12-19T00:00:00.000Z
MALARIA_EST_CASES,Estimated number of malaria cases,text,EMR,Eastern Mediterranean,Country,SOM,Somalia,Year,2004,false,,,,,,,,,,,,,1241167,,,884000,,1687000,1 241 167 [884 000-1 687 000],,,EN,2025-12-19T00:00:00.000Z
MALARIA_EST_CASES,Estimated number of malaria cases,text,AFR,Africa,Country,LBR,Liberia,Year,2004,false,,,,,,,,,,,,,1282098,,,874000,,1818000,1 282 098 [874 000-1 818 000],,,EN,2025-12-19T00:00:00.000Z
MALARIA_EST_CASES,Estimated number of malaria cases,text,SEAR,South-East Asia,Country,MMR,Myanmar,Year,2004,false,,,,,,,,,,,,,1410800,,,985000,,2089000,1 410 800 [985 000-2 089 000],,,EN,2025-12-19T00:00:00.000Z
MALARIA_EST_CASES,Estimated number of malaria cases,text,AFR,Africa,Country,SEN,Senegal,Year,2004,false,,,,,,,,,,,,,1418032,,,308000,,2643000,1 418 032 [308 000-2 643 000],,,EN,2025-12-19T00:00:00.000Z
MALARIA_EST_CASES,Estimated number of malaria cases,text,EMR,Eastern Mediterranean,Country,SDN,Sudan,Year,2004,false,,,,,,,,,,,,,1658470,,,1131000,,2337000,1 658 470 [1 131 000-2 337 000],,,EN,2025-12-19T00:00:00.000Z
MALARIA_EST_CASES,Estimated number of malaria cases,text,WPR,Western Pacific,Country,PNG,Papua New Guinea,Year,2004,false,,,,,,,,,,,,,1708217,,,568000,,3044000,1 708 217 [568 000-3 044 000],,,EN,2025-12-19T00:00:00.000Z
MALARIA_EST_CASES,Estimated number of malaria cases,text,AFR,Africa,Country,CAF,Central African Republic,Year,2004,false,,,,,,,,,,,,,1934032,,,1199000,,2969000,1 934 032 [1 199 000-2 969 000],,,EN,2025-12-19T00:00:00.000Z
MALARIA_EST_CASES,Estimated number of malaria cases,text,AFR,Africa,Country,TZA,United Republic of Tanzania,Year,2004,false,,,,,,,,,,,,,10097043,,,7884000,,12780000,10 097 043 [7 884 000-12 780 000],,,EN,2025-12-19T00:00:00.000Z
MALARIA_EST_CASES,Estimated number of malaria cases,text,SEAR,South-East Asia,Country,BGD,Bangladesh,Year,2004,false,,,,,,,,,,,,,101902,,,44000,,165000,101 902 [44 000-165 000],,,EN,2025-12-19T00:00:00.000Z
MALARIA_EST_CASES,Estimated number of malaria cases,text,AFR,Africa,Country,NAM,Namibia,Year,2004,false,,,,,,,,,,,,,105493,,,52000,,201000,105 493 [52 000-201 000],,,EN,2025-12-19T00:00:00.000Z
MALARIA_EST_CASES,Estimated number of malaria cases,text,AMR,Americas,Country,BLZ,Belize,Year,2004,false,,,,,,,,,,,,,1066,,,,,,1066,,,EN,2025-12-19T00:00:00.000Z
MALARIA_EST_CASES,Estimated number of malaria cases,text,AFR,Africa,Country,ETH,Ethiopia,Year,2004,false,,,,,,,,,,,,,11271667,,,4042000,,33750000,11 271 667 [4 042 000-33 750 000],,,EN,2025-12-19T00:00:00.000Z
MALARIA_EST_CASES,Estimated number of malaria cases,text,AMR,Americas,Country,SLV,El Salvador,Year,2004,false,,,,,,,,,,,,,112,,,,,,112,,,EN,2025-12-19T00:00:00.000Z
MALARIA_EST_CASES,Estimated number of malaria cases,text,AMR,Americas,Country,PER,Peru,Year,2004,false,,,,,,,,,,,,,115387,,,98000,,134000,115 387 [98 000-134 000],,,EN,2025-12-19T00:00:00.000Z
MALARIA_EST_CASES,Estimated number of malaria cases,text,AMR,Americas,Country,ARG,Argentina,Year,2004,false,,,,,,,,,,,,,116,,,,,,116,,,EN,2025-12-19T00:00:00.000Z
MALARIA_EST_CASES,Estimated number of malaria cases,text,AFR,Africa,Country,UGA,Uganda,Year,2004,false,,,,,,,,,,,,,12023589,,,9324000,,15320000,12 023 589 [9 324 000-15 320 000],,,EN,2025-12-19T00:00:00.000Z
MALARIA_EST_CASES,Estimated number of malaria cases,text,AFR,Africa,Country,BWA,Botswana,Year,2004,false,,,,,,,,,,,,,1218,,,250,,3600,1218 [250-3600],,,EN,2025-12-19T00:00:00.000Z
MALARIA_EST_CASES,Estimated number of malaria cases,text,EMR,Eastern Mediterranean,Country,SAU,Saudi Arabia,Year,2004,false,,,,,,,,,,,,,1232,,,,,,1232,,,EN,2025-12-19T00:00:00.000Z
MALARIA_EST_CASES,Estimated number of malaria cases,text,AMR,Americas,Country,CRI,Costa Rica,Year,2004,false,,,,,,,,,,,,,1289,,,,,,1289,,,EN,2025-12-19T00:00:00.000Z
MALARIA_EST_CASES,Estimated number of malaria cases,text,AFR,Africa,Country,ZAF,South Africa,Year,2004,false,,,,,,,,,,,,,13399,,,,,,13 399,,,EN,2025-12-19T00:00:00.000Z
MALARIA_EST_CASES,Estimated number of malaria cases,text,EMR,Eastern Mediterranean,Country,IRN,Iran (Islamic Republic of),Year,2004,false,,,,,,,,,,,,,13821,,,,,,13 821,,,EN,2025-12-19T00:00:00.000Z
MALARIA_EST_CASES,Estimated number of malaria cases,text,AFR,Africa,Country,ERI,Eritrea,Year,2004,false,,,,,,,,,,,,,15093,,,7500,,26000,15 093 [7500-26 000],,,EN,2025-12-19T00:00:00.000Z
MALARIA_EST_CASES,Estimated number of malaria cases,text,SEAR,South-East Asia,Country,PRK,Democratic People's Republic of Korea,Year,2004,false,,,,,,,,,,,,,15827,,,,,,15 827,,,EN,2025-12-19T00:00:00.000Z
MALARIA_EST_CASES,Estimated number of malaria cases,text,EMR,Eastern Mediterranean,Country,IRQ,Iraq,Year,2004,false,,,,,,,,,,,,,155,,,,,,155,,,EN,2025-12-19T00:00:00.000Z
MALARIA_EST_CASES,Estimated number of malaria cases,text,AFR,Africa,Country,GNB,Guinea-Bissau,Year,2004,false,,,,,,,,,,,,,163608,,,73000,,320000,163 608 [73 000-320 000],,,EN,2025-12-19T00:00:00.000Z
MALARIA_EST_CASES,Estimated number of malaria cases,text,EMR,Eastern Mediterranean,Country,DJI,Djibouti,Year,2004,false,,,,,,,,,,,,,1903,,,,,,1903,,,EN,2025-12-19T00:00:00.000Z
MALARIA_EST_CASES,Estimated number of malaria cases,text,AMR,Americas,Country,COL,Colombia,Year,2004,false,,,,,,,,,,,,,197464,,,151000,,246000,197 464 [151 000-246 000],,,EN,2025-12-19T00:00:00.000Z
MALARIA_EST_CASES,Estimated number of malaria cases,text,AFR,Africa,Country,DZA,Algeria,Year,2004,false,,,,,,,,,,,,,2,,,,,,2,,,EN,2025-12-19T00:00:00.000Z
MALARIA_EST_CASES,Estimated number of malaria cases,text,AFR,Africa,Country,BDI,Burundi,Year,2004,false,,,,,,,,,,,,,2163756,,,1601000,,2858000,2 163 756 [1 601 000-2 858 000],,,EN,2025-12-19T00:00:00.000Z
MALARIA_EST_CASES,Estimated number of malaria cases,text,AFR,Africa,Country,SLE,Sierra Leone,Year,2004,false,,,,,,,,,,,,,2171163,,,1461000,,3100000,2 171 163 [1 461 000-3 100 000],,,EN,2025-12-19T00:00:00.000Z
MALARIA_EST_CASES,Estimated number of malaria cases,text,AFR,Africa,Country,SSD,South Sudan,Year,2004,false,,,,,,,,,,,,,2281992,,,1534000,,3284000,2 281 992 [1 534 000-3 284 000],,,EN,2025-12-19T00:00:00.000Z
MALARIA_EST_CASES,Estimated number of malaria cases,text,AFR,Africa,Country,TCD,Chad,Year,2004,false,,,,,,,,,,,,,2329146,,,1310000,,3874000,2 329 146 [1 310 000-3 874 000],,,EN,2025-12-19T00:00:00.000Z
MALARIA_EST_CASES,Estimated number of malaria cases,text,AFR,Africa,Country,TGO,Togo,Year,2004,false,,,,,,,,,,,,,2726770,,,2158000,,3394000,2 726 770 [2 158 000-3 394 000],,,EN,2025-12-19T00:00:00.000Z
MALARIA_EST_CASES,Estimated number of malaria cases,text,AMR,Americas,Country,BOL,Bolivia (Plurinational State of),Year,2004,false,,,,,,,,,,,,,20206,,,16000,,25000,20 206 [16 000-25 000],,,EN,2025-12-19T00:00:00.000Z
MALARIA_EST_CASES,Estimated number of malaria cases,text,SEAR,South-East Asia,Country,IND,India,Year,2004,false,,,,,,,,,,,,,23090987,,,17790000,,30220000,23 090 987 [17 790 000-30 220 000],,,EN,2025-12-19T00:00:00.000Z
MALARIA_EST_CASES,Estimated number of malaria cases,text,SEAR,South-East Asia,Country,TLS,Timor-Leste,Year,2004,false,,,,,,,,,,,,,234045,,,142000,,326000,234 045 [142 000-326 000],,,EN,2025-12-19T00:00:00.000Z
MALARIA_EST_CASES,Estimated number of malaria cases,text,AFR,Africa,Country,MRT,Mauritania,Year,2004,false,,,,,,,,,,,,,247772,,,89000,,478000,247 772 [89 000-478 000],,,EN,2025-12-19T00:00:00.000Z
MALARIA_EST_CASES,Estimated number of malaria cases,text,AMR,Americas,Country,HND,Honduras,Year,2004,false,,,,,,,,,,,,,25353,,,18000,,33000,25 353 [18 000-33 000],,,EN,2025-12-19T00:00:00.000Z
MALARIA_EST_CASES,Estimated number of malaria cases,text,EUR,Europe,Country,GEO,Georgia,Year,2004,false,,,,,,,,,,,,,257,,,,,,257,,,EN,2025-12-19T00:00:00.000Z
MALARIA_EST_CASES,Estimated number of malaria cases,text,AFR,Africa,Country,COD,Democratic Republic of the Congo,Year,2004,false,,,,,,,,,,,,,26653386,,,21380000,,32910000,26 653 386 [21 380 000-32 910 000],,,EN,2025-12-19T00:00:00.000Z
MALARIA_EST_CASES,Estimated number of malaria cases,text,SEAR,South-East Asia,Country,THA,Thailand,Year,2004,false,,,,,,,,,,,,,26690,,,,,,26 690,,,EN,2025-12-19T00:00:00.000Z
MALARIA_EST_CASES,Estimated number of malaria cases,text,SEAR,South-East Asia,Country,BTN,Bhutan,Year,2004,false,,,,,,,,,,,,,2670,,,,,,2670,,,EN,2025-12-19T00:00:00.000Z
MALARIA_EST_CASES,Estimated number of malaria cases,text,WPR,Western Pacific,Country,CHN,China,Year,2004,false,,,,,,,,,,,,,27197,,,,,,27 197,,,EN,2025-12-19T00:00:00.000Z
MALARIA_EST_CASES,Estimated number of malaria cases,text,AFR,Africa,Country,GAB,Gabon,Year,2004,false,,,,,,,,,,,,,279571,,,177000,,422000,279 571 [177 000-422 000],,,EN,2025-12-19T00:00:00.000Z
MALARIA_EST_CASES,Estimated number of malaria cases,text,AMR,Americas,Country,ECU,Ecuador,Year,2004,false,,,,,,,,,,,,,28730,,,,,,28 730,,,EN,2025-12-19T00:00:00.000Z
MALARIA_EST_CASES,Estimated number of malaria cases,text,EUR,Europe,Country,TKM,Turkmenistan,Year,2004,false,,,,,,,,,,,,,3,,,,,,3,,,EN,2025-12-19T00:00:00.000Z
MALARIA_EST_CASES,Estimated number of malaria cases,text,AFR,Africa,Country,ZMB,Zambia,Year,2004,false,,,,,,,,,,,,,3411557,,,2691000,,4276000,3 411 557 [2 691 000-4 276 000],,,EN,2025-12-19T00:00:00.000Z
MALARIA_EST_CASES,Estimated number of malaria cases,text,AFR,Africa,Country,GIN,Guinea,Year,2004,false,,,,,,,,,,,,,3854890,,,2760000,,5231000,3 854 890 [2 760 000-5 231 000],,,EN,2025-12-19T00:00:00.000Z
MALARIA_EST_CASES,Estimated number of malaria cases,text,WPR,Western Pacific,Country,VUT,Vanuatu,Year,2004,false,,,,,,,,,,,,,30560,,,21000,,41000,30 560 [21 000-41 000],,,EN,2025-12-19T00:00:00.000Z
MALARIA_EST_CASES,Estimated number of malaria cases,text,AMR,Americas,Country,DOM,Dominican Republic,Year,2004,false,,,,,,,,,,,,,3046,,,2500,,3600,3046 [2500-3600],,,EN,2025-12-19T00:00:00.000Z
MALARIA_EST_CASES,Estimated number of malaria cases,text,AFR,Africa,Country,GNQ,Equatorial Guinea,Year,2004,false,,,,,,,,,,,,,311580,,,225000,,423000,311 580 [225 000-423 000],,,EN,2025-12-19T00:00:00.000Z
MALARIA_EST_CASES,Estimated number of malaria cases,text,WPR,Western Pacific,Country,SLB,Solomon Islands,Year,2004,false,,,,,,,,,,,,,337823,,,188000,,546000,337 823 [188 000-546 000],,,EN,2025-12-19T00:00:00.000Z
MALARIA_EST_CASES,Estimated number of malaria cases,text,AMR,Americas,Country,GTM,Guatemala,Year,2004,false,,,,,,,,,,,,,34124,,,30000,,40000,34 124 [30 000-40 000],,,EN,2025-12-19T00:00:00.000Z
MALARIA_EST_CASES,Estimated number of malaria cases,text,SEAR,South-East Asia,Country,NPL,Nepal,Year,2004,false,,,,,,,,,,,,,34773,,,15000,,77000,34 773 [15 000-77 000],,,EN,2025-12-19T00:00:00.000Z
MALARIA_EST_CASES,Estimated number of malaria cases,text,AMR,Americas,Country,MEX,Mexico,Year,2004,false,,,,,,,,,,,,,3406,,,,,,3406,,,EN,2025-12-19T00:00:00.000Z
MALARIA_EST_CASES,Estimated number of malaria cases,text,AFR,Africa,Country,COM,Comoros,Year,2004,false,,,,,,,,,,,,,35601,,,,,,35 601,,,EN,2025-12-19T00:00:00.000Z
MALARIA_EST_CASES,Estimated number of malaria cases,text,AMR,Americas,Country,GUF,French Guiana,Year,2004,false,,,,,,,,,,,,,3580,,,3200,,4200,3580 [3200-4200],,,EN,2025-12-19T00:00:00.000Z
MALARIA_EST_CASES,Estimated number of malaria cases,text,EUR,Europe,Country,TJK,Tajikistan,Year,2004,false,,,,,,,,,,,,,3588,,,,,,3588,,,EN,2025-12-19T00:00:00.000Z
MALARIA_EST_CASES,Estimated number of malaria cases,text,SEAR,South-East Asia,Country,LKA,Sri Lanka,Year,2004,false,,,,,,,,,,,,,3720,,,,,,3720,,,EN,2025-12-19T00:00:00.000Z
MALARIA_EST_CASES,Estimated number of malaria cases,text,EUR,Europe,Country,AZE,Azerbaijan,Year,2004,false,,,,,,,,,,,,,386,,,,,,386,,,EN,2025-12-19T00:00:00.000Z
MALARIA_EST_CASES,Estimated number of malaria cases,text,AFR,Africa,Country,NER,Niger,Year,2004,false,,,,,,,,,,,,,4016648,,,2525000,,6010000,4 016 648 [2 525 000-6 010 000],,,EN,2025-12-19T00:00:00.000Z
MALARIA_EST_CASES,Estimated number of malaria cases,text,AFR,Africa,Country,BEN,Benin,Year,2004,false,,,,,,,,,,,,,4043263,,,3205000,,4990000,4 043 263 [3 205 000-4 990 000],,,EN,2025-12-19T00:00:00.000Z
MALARIA_EST_CASES,Estimated number of malaria cases,text,AFR,Africa,Country,MWI,Malawi,Year,2004,false,,,,,,,,,,,,,4706808,,,3750000,,5816000,4 706 808 [3 750 000-5 816 000],,,EN,2025-12-19T00:00:00.000Z
MALARIA_EST_CASES,Estimated number of malaria cases,text,WPR,Western Pacific,Country,LAO,Lao People's Democratic Republic,Year,2004,false,,,,,,,,,,,,,40333,,,28000,,56000,40 333 [28 000-56 000],,,EN,2025-12-19T00:00:00.000Z
MALARIA_EST_CASES,Estimated number of malaria cases,text,AMR,Americas,Country,GUY,Guyana,Year,2004,false,,,,,,,,,,,,,40416,,,33000,,48000,40 416 [33 000-48 000],,,EN,2025-12-19T00:00:00.000Z
MALARIA_EST_CASES,Estimated number of malaria cases,text,WPR,Western Pacific,Country,KHM,Cambodia,Year,2004,false,,,,,,,,,,,,,403094,,,328000,,496000,403 094 [328 000-496 000],,,EN,2025-12-19T00:00:00.000Z
MALARIA_EST_CASES,Estimated number of malaria cases,text,AFR,Africa,Country,GMB,Gambia,Year,2004,false,,,,,,,,,,,,,449504,,,331000,,584000,449 504 [331 000-584 000],,,EN,2025-12-19T00:00:00.000Z
MALARIA_EST_CASES,Estimated number of malaria cases,text,AFR,Africa,Country,CPV,Cabo Verde,Year,2004,false,,,,,,,,,,,,,45,,,,,,45,,,EN,2025-12-19T00:00:00.000Z
MALARIA_EST_CASES,Estimated number of malaria cases,text,AFR,Africa,Country,STP,Sao Tome and Principe,Year,2004,false,,,,,,,,,,,,,46486,,,,,,46 486,,,EN,2025-12-19T00:00:00.000Z
MALARIA_EST_CASES,Estimated number of malaria cases,text,EUR,Europe,Country,ARM,Armenia,Year,2004,false,,,,,,,,,,,,,47,,,,,,47,,,EN,2025-12-19T00:00:00.000Z
MALARIA_EST_CASES,Estimated number of malaria cases,text,AFR,Africa,Country,MLI,Mali,Year,2004,false,,,,,,,,,,,,,5475357,,,3741000,,7761000,5 475 357 [3 741 000-7 761 000],,,EN,2025-12-19T00:00:00.000Z
MALARIA_EST_CASES,Estimated number of malaria cases,text,AFR,Africa,Country,AGO,Angola,Year,2004,false,,,,,,,,,,,,,5815364,,,4100000,,8045000,5 815 364 [4 100 000-8 045 000],,,EN,2025-12-19T00:00:00.000Z
MALARIA_EST_CASES,Estimated number of malaria cases,text,AMR,Americas,Country,BRA,Brazil,Year,2004,false,,,,,,,,,,,,,516739,,,481000,,562000,516 739 [481 000-562 000],,,EN,2025-12-19T00:00:00.000Z
MALARIA_EST_CASES,Estimated number of malaria cases,text,EUR,Europe,Country,TUR,Türkiye,Year,2004,false,,,,,,,,,,,,,5302,,,,,,5302,,,EN,2025-12-19T00:00:00.000Z
MALARIA_EST_CASES,Estimated number of malaria cases,text,AMR,Americas,Country,PAN,Panama,Year,2004,false,,,,,,,,,,,,,5365,,,5200,,5700,5365 [5200-5700],,,EN,2025-12-19T00:00:00.000Z
MALARIA_EST_CASES,Estimated number of malaria cases,text,AMR,Americas,Country,VEN,Venezuela (Bolivarian Republic of),Year,2004,false,,,,,,,,,,,,,54984,,,49000,,65000,54 984 [49 000-65 000],,,EN,2025-12-19T00:00:00.000Z
MALARIA_EST_CASES,Estimated number of malaria cases,text,AFR,Africa,Country,NGA,Nigeria,Year,2004,false,,,,,,,,,,,,,55028747,,,43690000,,68160000,55 028 747 [43 690 000-68 160 000],,,EN,2025-12-19T00:00:00.000Z
MALARIA_EST_CASES,Estimated number of malaria cases,text,WPR,Western Pacific,Country,VNM,Viet Nam,Year,2004,false,,,,,,,,,,,,,56559,,,46000,,72000,56 559 [46 000-72 000],,,EN,2025-12-19T00:00:00.000Z
MALARIA_EST_CASES,Estimated number of malaria cases,text,AFR,Africa,Country,SWZ,Eswatini,Year,2004,false,,,,,,,,,,,,,574,,,,,,574,,,EN,2025-12-19T00:00:00.000Z
MALARIA_EST_CASES,Estimated number of malaria cases,text,AFR,Africa,Country,KEN,Kenya,Year,2004,false,,,,,,,,,,,,,6401876,,,4831000,,8338000,6 401 876 [4 831 000-8 338 000],,,EN,2025-12-19T00:00:00.000Z
MALARIA_EST_CASES,Estimated number of malaria cases,text,WPR,Western Pacific,Country,MYS,Malaysia,Year,2004,false,,,,,,,,,,,,,6154,,,,,,6154,,,EN,2025-12-19T00:00:00.000Z
MALARIA_EST_CASES,Estimated number of malaria cases,text,EUR,Europe,Country,UZB,Uzbekistan,Year,2004,false,,,,,,,,,,,,,66,,,,,,66,,,EN,2025-12-19T00:00:00.000Z
MALARIA_EST_CASES,Estimated number of malaria cases,text,EMR,Eastern Mediterranean,Country,PAK,Pakistan,Year,2004,false,,,,,,,,,,,,,683580,,,381000,,1334000,683 580 [381 000-1 334 000],,,EN,2025-12-19T00:00:00.000Z
MALARIA_EST_CASES,Estimated number of malaria cases,text,AMR,Americas,Country,PRY,Paraguay,Year,2004,false,,,,,,,,,,,,,692,,,,,,692,,,EN,2025-12-19T00:00:00.000Z
MALARIA_EST_CASES,Estimated number of malaria cases,text,AFR,Africa,Country,CMR,Cameroon,Year,2004,false,,,,,,,,,,,,,7287579,,,5773000,,9156000,7 287 579 [5 773 000-9 156 000],,,EN,2025-12-19T00:00:00.000Z
MALARIA_EST_CASES,Estimated number of malaria cases,text,AFR,Africa,Country,GHA,Ghana,Year,2004,false,,,,,,,,,,,,,7439832,,,5909000,,9222000,7 439 832 [5 909 000-9 222 000],,,EN,2025-12-19T00:00:00.000Z
MALARIA_EST_CASES,Estimated number of malaria cases,text,AFR,Africa,Country,BFA,Burkina Faso,Year,2004,false,,,,,,,,,,,,,7546925,,,6050000,,9280000,7 546 925 [6 050 000-9 280 000],,,EN,2025-12-19T00:00:00.000Z
MALARIA_EST_CASES,Estimated number of malaria cases,text,EMR,Eastern Mediterranean,Country,AFG,Afghanistan,Year,2004,false,,,,,,,,,,,,,716954,,,480000,,1072000,716 954 [480 000-1 072 000],,,EN,2025-12-19T00:00:00.000Z
MALARIA_EST_CASES,Estimated number of malaria cases,text,AFR,Africa,Country,MYT,Mayotte,Year,2004,false,,,,,,,,,,,,,743,,,743,,743,743 [743-743],,,EN,2025-12-19T00:00:00.000Z
MALARIA_EST_CASES,Estimated number of malaria cases,text,AMR,Americas,Country,HTI,Haiti,Year,2004,false,,,,,,,,,,,,,77327,,,44000,,125000,77 327 [44 000-125 000],,,EN,2025-12-19T00:00:00.000Z
MALARIA_EST_CASES,Estimated number of malaria cases,text,AFR,Africa,Country,MDG,Madagascar,Year,2004,false,,,,,,,,,,,,,834134,,,30000,,1888000,834 134 [30 000-1 888 000],,,EN,2025-12-19T00:00:00.000Z
MALARIA_EST_CASES,Estimated number of malaria cases,text,AMR,Americas,Country,SUR,Suriname,Year,2004,false,,,,,,,,,,,,,8378,,,,,,8378,,,EN,2025-12-19T00:00:00.000Z
MALARIA_EST_CASES,Estimated number of malaria cases,text,WPR,Western Pacific,Country,KOR,Republic of Korea,Year,2004,false,,,,,,,,,,,,,864,,,,,,864,,,EN,2025-12-19T00:00:00.000Z
MALARIA_EST_CASES,Estimated number of malaria cases,text,AMR,Americas,Country,NIC,Nicaragua,Year,2004,false,,,,,,,,,,,,,8735,,,7300,,10000,8735 [7300-10 000],,,EN,2025-12-19T00:00:00.000Z
MALARIA_EST_CASES,Estimated number of malaria cases,text,AFR,Africa,Country,MOZ,Mozambique,Year,2004,false,,,,,,,,,,,,,9112751,,,7379000,,11020000,9 112 751 [7 379 000-11 020 000],,,EN,2025-12-19T00:00:00.000Z
MALARIA_EST_CASES,Estimated number of malaria cases,text,AFR,Africa,Country,CIV,Cote d'Ivoire,Year,2004,false,,,,,,,,,,,,,9804501,,,7982000,,11880000,9 804 501 [7 982 000-11 880 000],,,EN,2025-12-19T00:00:00.000Z
MALARIA_EST_CASES,Estimated number of malaria cases,text,EUR,Europe,Country,KGZ,Kyrgyzstan,Year,2004,false,,,,,,,,,,,,,91,,,,,,91,,,EN,2025-12-19T00:00:00.000Z
MALARIA_EST_CASES,Estimated number of malaria cases,text,WPR,Western Pacific,Country,PHL,Philippines,Year,2004,false,,,,,,,,,,,,,91225,,,67000,,119000,91 225 [67 000-119 000],,,EN,2025-12-19T00:00:00.000Z
MALARIA_EST_CASES,Estimated number of malaria cases,text,EMR,Eastern Mediterranean,Country,YEM,Yemen,Year,2004,false,,,,,,,,,,,,,956179,,,440000,,4499000,956 179 [440 000-4 499 000],,,EN,2025-12-19T00:00:00.000Z
MALARIA_EST_CASES,Estimated number of malaria cases,text,AFR,Africa,Country,ZWE,Zimbabwe,Year,2004,false,,,,,,,,,,,,,998929,,,214000,,2448000,998 929 [214 000-2 448 000],,,EN,2025-12-19T00:00:00.000Z
MALARIA_EST_CASES,Estimated number of malaria cases,text,EMR,Eastern Mediterranean,Country,EGY,Egypt,Year,2003,false,,,,,,,,,,,,,0,,,,,,0,,,EN,2025-12-19T00:00:00.000Z
MALARIA_EST_CASES,Estimated number of malaria cases,text,EUR,Europe,Country,KAZ,Kazakhstan,Year,2003,false,,,,,,,,,,,,,0,,,,,,0,,,EN,2025-12-19T00:00:00.000Z
MALARIA_EST_CASES,Estimated number of malaria cases,text,EMR,Eastern Mediterranean,Country,ARE,United Arab Emirates,Year,2003,false,,,,,,,,,,,,,0,,,,,,0,,,EN,2025-12-19T00:00:00.000Z
MALARIA_EST_CASES,Estimated number of malaria cases,text,AFR,Africa,Country,COG,Congo,Year,2003,false,,,,,,,,,,,,,1129894,,,739000,,1641000,1 129 894 [739 000-1 641 000],,,EN,2025-12-19T00:00:00.000Z
MALARIA_EST_CASES,Estimated number of malaria cases,text,AFR,Africa,Country,MDG,Madagascar,Year,2003,false,,,,,,,,,,,,,1180072,,,27000,,2677000,1 180 072 [27 000-2 677 000],,,EN,2025-12-19T00:00:00.000Z
MALARIA_EST_CASES,Estimated number of malaria cases,text,EMR,Eastern Mediterranean,Country,YEM,Yemen,Year,2003,false,,,,,,,,,,,,,1188478,,,499000,,5189000,1 188 478 [499 000-5 189 000],,,EN,2025-12-19T00:00:00.000Z
MALARIA_EST_CASES,Estimated number of malaria cases,text,WPR,Western Pacific,Country,IDN,Indonesia,Year,2003,false,,,,,,,,,,,,,1189126,,,983000,,1460000,1 189 126 [983 000-1 460 000],,,EN,2025-12-19T00:00:00.000Z
MALARIA_EST_CASES,Estimated number of malaria cases,text,AFR,Africa,Country,RWA,Rwanda,Year,2003,false,,,,,,,,,,,,,1195476,,,615000,,1880000,1 195 476 [615 000-1 880 000],,,EN,2025-12-19T00:00:00.000Z
MALARIA_EST_CASES,Estimated number of malaria cases,text,EMR,Eastern Mediterranean,Country,AFG,Afghanistan,Year,2003,false,,,,,,,,,,,,,1242906,,,810000,,1916000,1 242 906 [810 000-1 916 000],,,EN,2025-12-19T00:00:00.000Z
MALARIA_EST_CASES,Estimated number of malaria cases,text,EMR,Eastern Mediterranean,Country,SOM,Somalia,Year,2003,false,,,,,,,,,,,,,1309916,,,851000,,1917000,1 309 916 [851 000-1 917 000],,,EN,2025-12-19T00:00:00.000Z
MALARIA_EST_CASES,Estimated number of malaria cases,text,AFR,Africa,Country,LBR,Liberia,Year,2003,false,,,,,,,,,,,,,1320231,,,922000,,1828000,1 320 231 [922 000-1 828 000],,,EN,2025-12-19T00:00:00.000Z
MALARIA_EST_CASES,Estimated number of malaria cases,text,WPR,Western Pacific,Country,PNG,Papua New Guinea,Year,2003,false,,,,,,,,,,,,,1333205,,,421000,,2450000,1 333 205 [421 000-2 450 000],,,EN,2025-12-19T00:00:00.000Z
MALARIA_EST_CASES,Estimated number of malaria cases,text,SEAR,South-East Asia,Country,MMR,Myanmar,Year,2003,false,,,,,,,,,,,,,1398763,,,973000,,2061000,1 398 763 [973 000-2 061 000],,,EN,2025-12-19T00:00:00.000Z
MALARIA_EST_CASES,Estimated number of malaria cases,text,AFR,Africa,Country,SEN,Senegal,Year,2003,false,,,,,,,,,,,,,1802075,,,726000,,2817000,1 802 075 [726 000-2 817 000],,,EN,2025-12-19T00:00:00.000Z
MALARIA_EST_CASES,Estimated number of malaria cases,text,EMR,Eastern Mediterranean,Country,SDN,Sudan,Year,2003,false,,,,,,,,,,,,,1806443,,,1244000,,2535000,1 806 443 [1 244 000-2 535 000],,,EN,2025-12-19T00:00:00.000Z
MALARIA_EST_CASES,Estimated number of malaria cases,text,AFR,Africa,Country,CAF,Central African Republic,Year,2003,false,,,,,,,,,,,,,1867878,,,1137000,,2879000,1 867 878 [1 137 000-2 879 000],,,EN,2025-12-19T00:00:00.000Z
MALARIA_EST_CASES,Estimated number of malaria cases,text,AFR,Africa,Country,TZA,United Republic of Tanzania,Year,2003,false,,,,,,,,,,,,,10335118,,,8017000,,13060000,10 335 118 [8 017 000-13 060 000],,,EN,2025-12-19T00:00:00.000Z
MALARIA_EST_CASES,Estimated number of malaria cases,text,AFR,Africa,Country,ETH,Ethiopia,Year,2003,false,,,,,,,,,,,,,10490089,,,4331000,,25010000,10 490 089 [4 331 000-25 010 000],,,EN,2025-12-19T00:00:00.000Z
MALARIA_EST_CASES,Estimated number of malaria cases,text,SEAR,South-East Asia,Country,LKA,Sri Lanka,Year,2003,false,,,,,,,,,,,,,10510,,,,,,10 510,,,EN,2025-12-19T00:00:00.000Z
MALARIA_EST_CASES,Estimated number of malaria cases,text,AMR,Americas,Country,SUR,Suriname,Year,2003,false,,,,,,,,,,,,,10982,,,,,,10 982,,,EN,2025-12-19T00:00:00.000Z
MALARIA_EST_CASES,Estimated number of malaria cases,text,WPR,Western Pacific,Country,PHL,Philippines,Year,2003,false,,,,,,,,,,,,,100493,,,76000,,128000,100 493 [76 000-128 000],,,EN,2025-12-19T00:00:00.000Z
MALARIA_EST_CASES,Estimated number of malaria cases,text,SEAR,South-East Asia,Country,BGD,Bangladesh,Year,2003,false,,,,,,,,,,,,,100524,,,44000,,159000,100 524 [44 000-159 000],,,EN,2025-12-19T00:00:00.000Z
MALARIA_EST_CASES,Estimated number of malaria cases,text,AMR,Americas,Country,PER,Peru,Year,2003,false,,,,,,,,,,,,,111816,,,93000,,132000,111 816 [93 000-132 000],,,EN,2025-12-19T00:00:00.000Z
MALARIA_EST_CASES,Estimated number of malaria cases,text,WPR,Western Pacific,Country,KOR,Republic of Korea,Year,2003,false,,,,,,,,,,,,,1171,,,,,,1171,,,EN,2025-12-19T00:00:00.000Z
MALARIA_EST_CASES,Estimated number of malaria cases,text,AFR,Africa,Country,UGA,Uganda,Year,2003,false,,,,,,,,,,,,,12632227,,,10050000,,15660000,12 632 227 [10 050 000-15 660 000],,,EN,2025-12-19T00:00:00.000Z
MALARIA_EST_CASES,Estimated number of malaria cases,text,AMR,Americas,Country,ARG,Argentina,Year,2003,false,,,,,,,,,,,,,124,,,,,,124,,,EN,2025-12-19T00:00:00.000Z
MALARIA_EST_CASES,Estimated number of malaria cases,text,AFR,Africa,Country,ZAF,South Africa,Year,2003,false,,,,,,,,,,,,,13459,,,,,,13 459,,,EN,2025-12-19T00:00:00.000Z
MALARIA_EST_CASES,Estimated number of malaria cases,text,AMR,Americas,Country,BLZ,Belize,Year,2003,false,,,,,,,,,,,,,1324,,,,,,1324,,,EN,2025-12-19T00:00:00.000Z
MALARIA_EST_CASES,Estimated number of malaria cases,text,AMR,Americas,Country,PRY,Paraguay,Year,2003,false,,,,,,,,,,,,,1388,,,,,,1388,,,EN,2025-12-19T00:00:00.000Z
MALARIA_EST_CASES,Estimated number of malaria cases,text,SEAR,South-East Asia,Country,PRK,Democratic People's Republic of Korea,Year,2003,false,,,,,,,,,,,,,16538,,,,,,16 538,,,EN,2025-12-19T00:00:00.000Z
MALARIA_EST_CASES,Estimated number of malaria cases,text,EMR,Eastern Mediterranean,Country,SAU,Saudi Arabia,Year,2003,false,,,,,,,,,,,,,1724,,,,,,1724,,,EN,2025-12-19T00:00:00.000Z
MALARIA_EST_CASES,Estimated number of malaria cases,text,AFR,Africa,Country,BWA,Botswana,Year,2003,false,,,,,,,,,,,,,1864,,,750,,4500,1864 [750-4500],,,EN,2025-12-19T00:00:00.000Z
MALARIA_EST_CASES,Estimated number of malaria cases,text,EMR,Eastern Mediterranean,Country,DJI,Djibouti,Year,2003,false,,,,,,,,,,,,,1874,,,,,,1874,,,EN,2025-12-19T00:00:00.000Z
MALARIA_EST_CASES,Estimated number of malaria cases,text,AMR,Americas,Country,DOM,Dominican Republic,Year,2003,false,,,,,,,,,,,,,1983,,,1600,,2400,1983 [1600-2400],,,EN,2025-12-19T00:00:00.000Z
MALARIA_EST_CASES,Estimated number of malaria cases,text,EMR,Eastern Mediterranean,Country,SYR,Syrian Arab Republic,Year,2003,false,,,,,,,,,,,,,2,,,,,,2,,,EN,2025-12-19T00:00:00.000Z
MALARIA_EST_CASES,Estimated number of malaria cases,text,AFR,Africa,Country,SLE,Sierra Leone,Year,2003,false,,,,,,,,,,,,,2145109,,,1458000,,3045000,2 145 109 [1 458 000-3 045 000],,,EN,2025-12-19T00:00:00.000Z
MALARIA_EST_CASES,Estimated number of malaria cases,text,AFR,Africa,Country,TCD,Chad,Year,2003,false,,,,,,,,,,,,,2255307,,,1276000,,3740000,2 255 307 [1 276 000-3 740 000],,,EN,2025-12-19T00:00:00.000Z
MALARIA_EST_CASES,Estimated number of malaria cases,text,AFR,Africa,Country,SSD,South Sudan,Year,2003,false,,,,,,,,,,,,,2276524,,,1576000,,3156000,2 276 524 [1 576 000-3 156 000],,,EN,2025-12-19T00:00:00.000Z
MALARIA_EST_CASES,Estimated number of malaria cases,text,AFR,Africa,Country,BDI,Burundi,Year,2003,false,,,,,,,,,,,,,2418956,,,1813000,,3154000,2 418 956 [1 813 000-3 154 000],,,EN,2025-12-19T00:00:00.000Z
MALARIA_EST_CASES,Estimated number of malaria cases,text,AFR,Africa,Country,TGO,Togo,Year,2003,false,,,,,,,,,,,,,2588469,,,2002000,,3280000,2 588 469 [2 002 000-3 280 000],,,EN,2025-12-19T00:00:00.000Z
MALARIA_EST_CASES,Estimated number of malaria cases,text,AMR,Americas,Country,HND,Honduras,Year,2003,false,,,,,,,,,,,,,20706,,,15000,,27000,20 706 [15 000-27 000],,,EN,2025-12-19T00:00:00.000Z
MALARIA_EST_CASES,Estimated number of malaria cases,text,SEAR,South-East Asia,Country,IND,India,Year,2003,false,,,,,,,,,,,,,21160827,,,16530000,,27120000,21 160 827 [16 530 000-27 120 000],,,EN,2025-12-19T00:00:00.000Z
MALARIA_EST_CASES,Estimated number of malaria cases,text,EMR,Eastern Mediterranean,Country,IRN,Iran (Islamic Republic of),Year,2003,false,,,,,,,,,,,,,23562,,,,,,23 562,,,EN,2025-12-19T00:00:00.000Z
MALARIA_EST_CASES,Estimated number of malaria cases,text,WPR,Western Pacific,Country,SLB,Solomon Islands,Year,2003,false,,,,,,,,,,,,,239181,,,168000,,346000,239 181 [168 000-346 000],,,EN,2025-12-19T00:00:00.000Z
MALARIA_EST_CASES,Estimated number of malaria cases,text,AFR,Africa,Country,GNB,Guinea-Bissau,Year,2003,false,,,,,,,,,,,,,240402,,,123000,,420000,240 402 [123 000-420 000],,,EN,2025-12-19T00:00:00.000Z
MALARIA_EST_CASES,Estimated number of malaria cases,text,AFR,Africa,Country,COD,Democratic Republic of the Congo,Year,2003,false,,,,,,,,,,,,,25865414,,,20770000,,31980000,25 865 414 [20 770 000-31 980 000],,,EN,2025-12-19T00:00:00.000Z
MALARIA_EST_CASES,Estimated number of malaria cases,text,AMR,Americas,Country,COL,Colombia,Year,2003,false,,,,,,,,,,,,,254224,,,192000,,318000,254 224 [192 000-318 000],,,EN,2025-12-19T00:00:00.000Z
MALARIA_EST_CASES,Estimated number of malaria cases,text,AFR,Africa,Country,MRT,Mauritania,Year,2003,false,,,,,,,,,,,,,269014,,,118000,,554000,269 014 [118 000-554 000],,,EN,2025-12-19T00:00:00.000Z
MALARIA_EST_CASES,Estimated number of malaria cases,text,AMR,Americas,Country,BOL,Bolivia (Plurinational State of),Year,2003,false,,,,,,,,,,,,,27568,,,22000,,34000,27 568 [22 000-34 000],,,EN,2025-12-19T00:00:00.000Z
MALARIA_EST_CASES,Estimated number of malaria cases,text,WPR,Western Pacific,Country,CHN,China,Year,2003,false,,,,,,,,,,,,,28491,,,,,,28 491,,,EN,2025-12-19T00:00:00.000Z
MALARIA_EST_CASES,Estimated number of malaria cases,text,AFR,Africa,Country,GNQ,Equatorial Guinea,Year,2003,false,,,,,,,,,,,,,282158,,,195000,,396000,282 158 [195 000-396 000],,,EN,2025-12-19T00:00:00.000Z
MALARIA_EST_CASES,Estimated number of malaria cases,text,EUR,Europe,Country,ARM,Armenia,Year,2003,false,,,,,,,,,,,,,29,,,,,,29,,,EN,2025-12-19T00:00:00.000Z
MALARIA_EST_CASES,Estimated number of malaria cases,text,AFR,Africa,Country,BEN,Benin,Year,2003,false,,,,,,,,,,,,,3745277,,,2913000,,4745000,3 745 277 [2 913 000-4 745 000],,,EN,2025-12-19T00:00:00.000Z
MALARIA_EST_CASES,Estimated number of malaria cases,text,AFR,Africa,Country,GIN,Guinea,Year,2003,false,,,,,,,,,,,,,3771658,,,2666000,,5159000,3 771 658 [2 666 000-5 159 000],,,EN,2025-12-19T00:00:00.000Z
MALARIA_EST_CASES,Estimated number of malaria cases,text,AFR,Africa,Country,ZMB,Zambia,Year,2003,false,,,,,,,,,,,,,3822568,,,3016000,,4783000,3 822 568 [3 016 000-4 783 000],,,EN,2025-12-19T00:00:00.000Z
MALARIA_EST_CASES,Estimated number of malaria cases,text,AFR,Africa,Country,NER,Niger,Year,2003,false,,,,,,,,,,,,,3825282,,,2266000,,6086000,3 825 282 [2 266 000-6 086 000],,,EN,2025-12-19T00:00:00.000Z
MALARIA_EST_CASES,Estimated number of malaria cases,text,EUR,Europe,Country,GEO,Georgia,Year,2003,false,,,,,,,,,,,,,316,,,,,,316,,,EN,2025-12-19T00:00:00.000Z
MALARIA_EST_CASES,Estimated number of malaria cases,text,AFR,Africa,Country,SWZ,Eswatini,Year,2003,false,,,,,,,,,,,,,342,,,,,,342,,,EN,2025-12-19T00:00:00.000Z
MALARIA_EST_CASES,Estimated number of malaria cases,text,EMR,Eastern Mediterranean,Country,IRQ,Iraq,Year,2003,false,,,,,,,,,,,,,347,,,,,,347,,,EN,2025-12-19T00:00:00.000Z
MALARIA_EST_CASES,Estimated number of malaria cases,text,AFR,Africa,Country,COM,Comoros,Year,2003,false,,,,,,,,,,,,,35644,,,,,,35 644,,,EN,2025-12-19T00:00:00.000Z
MALARIA_EST_CASES,Estimated number of malaria cases,text,AFR,Africa,Country,GAB,Gabon,Year,2003,false,,,,,,,,,,,,,358082,,,228000,,533000,358 082 [228 000-533 000],,,EN,2025-12-19T00:00:00.000Z
MALARIA_EST_CASES,Estimated number of malaria cases,text,AMR,Americas,Country,GTM,Guatemala,Year,2003,false,,,,,,,,,,,,,36810,,,33000,,43000,36 810 [33 000-43 000],,,EN,2025-12-19T00:00:00.000Z
MALARIA_EST_CASES,Estimated number of malaria cases,text,SEAR,South-East Asia,Country,THA,Thailand,Year,2003,false,,,,,,,,,,,,,37355,,,,,,37 355,,,EN,2025-12-19T00:00:00.000Z
MALARIA_EST_CASES,Estimated number of malaria cases,text,AMR,Americas,Country,VEN,Venezuela (Bolivarian Republic of),Year,2003,false,,,,,,,,,,,,,37510,,,33000,,44000,37 510 [33 000-44 000],,,EN,2025-12-19T00:00:00.000Z
MALARIA_EST_CASES,Estimated number of malaria cases,text,AMR,Americas,Country,GUY,Guyana,Year,2003,false,,,,,,,,,,,,,38681,,,32000,,46000,38 681 [32 000-46 000],,,EN,2025-12-19T00:00:00.000Z
MALARIA_EST_CASES,Estimated number of malaria cases,text,SEAR,South-East Asia,Country,BTN,Bhutan,Year,2003,false,,,,,,,,,,,,,3806,,,,,,3806,,,EN,2025-12-19T00:00:00.000Z
MALARIA_EST_CASES,Estimated number of malaria cases,text,AMR,Americas,Country,MEX,Mexico,Year,2003,false,,,,,,,,,,,,,3819,,,,,,3819,,,EN,2025-12-19T00:00:00.000Z
MALARIA_EST_CASES,Estimated number of malaria cases,text,EMR,Eastern Mediterranean,Country,MAR,Morocco,Year,2003,false,,,,,,,,,,,,,4,,,,,,4,,,EN,2025-12-19T00:00:00.000Z
MALARIA_EST_CASES,Estimated number of malaria cases,text,AFR,Africa,Country,MWI,Malawi,Year,2003,false,,,,,,,,,,,,,4925161,,,3941000,,6052000,4 925 161 [3 941 000-6 052 000],,,EN,2025-12-19T00:00:00.000Z
MALARIA_EST_CASES,Estimated number of malaria cases,text,AFR,Africa,Country,STP,Sao Tome and Principe,Year,2003,false,,,,,,,,,,,,,42656,,,,,,42 656,,,EN,2025-12-19T00:00:00.000Z
MALARIA_EST_CASES,Estimated number of malaria cases,text,WPR,Western Pacific,Country,VUT,Vanuatu,Year,2003,false,,,,,,,,,,,,,42687,,,28000,,64000,42 687 [28 000-64 000],,,EN,2025-12-19T00:00:00.000Z
MALARIA_EST_CASES,Estimated number of malaria cases,text,WPR,Western Pacific,Country,LAO,Lao People's Democratic Republic,Year,2003,false,,,,,,,,,,,,,45710,,,32000,,62000,45 710 [32 000-62 000],,,EN,2025-12-19T00:00:00.000Z
MALARIA_EST_CASES,Estimated number of malaria cases,text,AFR,Africa,Country,GMB,Gambia,Year,2003,false,,,,,,,,,,,,,450016,,,334000,,586000,450 016 [334 000-586 000],,,EN,2025-12-19T00:00:00.000Z
MALARIA_EST_CASES,Estimated number of malaria cases,text,AMR,Americas,Country,GUF,French Guiana,Year,2003,false,,,,,,,,,,,,,4540,,,4000,,5300,4540 [4000-5300],,,EN,2025-12-19T00:00:00.000Z
MALARIA_EST_CASES,Estimated number of malaria cases,text,EUR,Europe,Country,KGZ,Kyrgyzstan,Year,2003,false,,,,,,,,,,,,,461,,,,,,461,,,EN,2025-12-19T00:00:00.000Z
MALARIA_EST_CASES,Estimated number of malaria cases,text,WPR,Western Pacific,Country,KHM,Cambodia,Year,2003,false,,,,,,,,,,,,,464899,,,364000,,587000,464 899 [364 000-587 000],,,EN,2025-12-19T00:00:00.000Z
MALARIA_EST_CASES,Estimated number of malaria cases,text,AMR,Americas,Country,BRA,Brazil,Year,2003,false,,,,,,,,,,,,,465651,,,424000,,514000,465 651 [424 000-514 000],,,EN,2025-12-19T00:00:00.000Z
MALARIA_EST_CASES,Estimated number of malaria cases,text,AMR,Americas,Country,PAN,Panama,Year,2003,false,,,,,,,,,,,,,4739,,,4600,,5100,4739 [4600-5100],,,EN,2025-12-19T00:00:00.000Z
MALARIA_EST_CASES,Estimated number of malaria cases,text,EUR,Europe,Country,AZE,Azerbaijan,Year,2003,false,,,,,,,,,,,,,480,,,,,,480,,,EN,2025-12-19T00:00:00.000Z
MALARIA_EST_CASES,Estimated number of malaria cases,text,AFR,Africa,Country,ERI,Eritrea,Year,2003,false,,,,,,,,,,,,,49490,,,23000,,86000,49 490 [23 000-86 000],,,EN,2025-12-19T00:00:00.000Z
MALARIA_EST_CASES,Estimated number of malaria cases,text,AFR,Africa,Country,DZA,Algeria,Year,2003,false,,,,,,,,,,,,,5,,,,,,5,,,EN,2025-12-19T00:00:00.000Z
MALARIA_EST_CASES,Estimated number of malaria cases,text,AFR,Africa,Country,MLI,Mali,Year,2003,false,,,,,,,,,,,,,5230718,,,3492000,,7473000,5 230 718 [3 492 000-7 473 000],,,EN,2025-12-19T00:00:00.000Z
MALARIA_EST_CASES,Estimated number of malaria cases,text,AFR,Africa,Country,AGO,Angola,Year,2003,false,,,,,,,,,,,,,5729203,,,3977000,,7987000,5 729 203 [3 977 000-7 987 000],,,EN,2025-12-19T00:00:00.000Z
MALARIA_EST_CASES,Estimated number of malaria cases,text,AMR,Americas,Country,ECU,Ecuador,Year,2003,false,,,,,,,,,,,,,52065,,,,,,52 065,,,EN,2025-12-19T00:00:00.000Z
MALARIA_EST_CASES,Estimated number of malaria cases,text,AFR,Africa,Country,NGA,Nigeria,Year,2003,false,,,,,,,,,,,,,52423482,,,40940000,,66420000,52 423 482 [40 940 000-66 420 000],,,EN,2025-12-19T00:00:00.000Z
MALARIA_EST_CASES,Estimated number of malaria cases,text,EUR,Europe,Country,TJK,Tajikistan,Year,2003,false,,,,,,,,,,,,,5428,,,,,,5428,,,EN,2025-12-19T00:00:00.000Z
MALARIA_EST_CASES,Estimated number of malaria cases,text,EMR,Eastern Mediterranean,Country,OMN,Oman,Year,2003,false,,,,,,,,,,,,,6,,,,,,6,,,EN,2025-12-19T00:00:00.000Z
MALARIA_EST_CASES,Estimated number of malaria cases,text,WPR,Western Pacific,Country,MYS,Malaysia,Year,2003,false,,,,,,,,,,,,,6338,,,,,,6338,,,EN,2025-12-19T00:00:00.000Z
MALARIA_EST_CASES,Estimated number of malaria cases,text,SEAR,South-East Asia,Country,TLS,Timor-Leste,Year,2003,false,,,,,,,,,,,,,67524,,,57000,,79000,67 524 [57 000-79 000],,,EN,2025-12-19T00:00:00.000Z
MALARIA_EST_CASES,Estimated number of malaria cases,text,AFR,Africa,Country,NAM,Namibia,Year,2003,false,,,,,,,,,,,,,67564,,,28000,,139000,67 564 [28 000-139 000],,,EN,2025-12-19T00:00:00.000Z
MALARIA_EST_CASES,Estimated number of malaria cases,text,AFR,Africa,Country,CPV,Cabo Verde,Year,2003,false,,,,,,,,,,,,,68,,,,,,68,,,EN,2025-12-19T00:00:00.000Z
MALARIA_EST_CASES,Estimated number of malaria cases,text,EUR,Europe,Country,TKM,Turkmenistan,Year,2003,false,,,,,,,,,,,,,7,,,,,,7,,,EN,2025-12-19T00:00:00.000Z
MALARIA_EST_CASES,Estimated number of malaria cases,text,AFR,Africa,Country,CMR,Cameroon,Year,2003,false,,,,,,,,,,,,,7133253,,,5667000,,8816000,7 133 253 [5 667 000-8 816 000],,,EN,2025-12-19T00:00:00.000Z
MALARIA_EST_CASES,Estimated number of malaria cases,text,AFR,Africa,Country,KEN,Kenya,Year,2003,false,,,,,,,,,,,,,7408148,,,5845000,,9233000,7 408 148 [5 845 000-9 233 000],,,EN,2025-12-19T00:00:00.000Z
MALARIA_EST_CASES,Estimated number of malaria cases,text,AFR,Africa,Country,BFA,Burkina Faso,Year,2003,false,,,,,,,,,,,,,7615906,,,6110000,,9373000,7 615 906 [6 110 000-9 373 000],,,EN,2025-12-19T00:00:00.000Z
MALARIA_EST_CASES,Estimated number of malaria cases,text,AFR,Africa,Country,GHA,Ghana,Year,2003,false,,,,,,,,,,,,,7794154,,,6165000,,9700000,7 794 154 [6 165 000-9 700 000],,,EN,2025-12-19T00:00:00.000Z
MALARIA_EST_CASES,Estimated number of malaria cases,text,AMR,Americas,Country,CRI,Costa Rica,Year,2003,false,,,,,,,,,,,,,718,,,,,,718,,,EN,2025-12-19T00:00:00.000Z
MALARIA_EST_CASES,Estimated number of malaria cases,text,SEAR,South-East Asia,Country,NPL,Nepal,Year,2003,false,,,,,,,,,,,,,72856,,,30000,,150000,72 856 [30 000-150 000],,,EN,2025-12-19T00:00:00.000Z
MALARIA_EST_CASES,Estimated number of malaria cases,text,EUR,Europe,Country,UZB,Uzbekistan,Year,2003,false,,,,,,,,,,,,,74,,,,,,74,,,EN,2025-12-19T00:00:00.000Z
MALARIA_EST_CASES,Estimated number of malaria cases,text,AMR,Americas,Country,HTI,Haiti,Year,2003,false,,,,,,,,,,,,,76022,,,44000,,123000,76 022 [44 000-123 000],,,EN,2025-12-19T00:00:00.000Z
MALARIA_EST_CASES,Estimated number of malaria cases,text,AFR,Africa,Country,MYT,Mayotte,Year,2003,false,,,,,,,,,,,,,792,,,792,,792,792 [792-792],,,EN,2025-12-19T00:00:00.000Z
MALARIA_EST_CASES,Estimated number of malaria cases,text,AMR,Americas,Country,SLV,El Salvador,Year,2003,false,,,,,,,,,,,,,85,,,,,,85,,,EN,2025-12-19T00:00:00.000Z
MALARIA_EST_CASES,Estimated number of malaria cases,text,AMR,Americas,Country,NIC,Nicaragua,Year,2003,false,,,,,,,,,,,,,8507,,,7100,,10000,8507 [7100-10 000],,,EN,2025-12-19T00:00:00.000Z
MALARIA_EST_CASES,Estimated number of malaria cases,text,AFR,Africa,Country,MOZ,Mozambique,Year,2003,false,,,,,,,,,,,,,9383083,,,7703000,,11330000,9 383 083 [7 703 000-11 330 000],,,EN,2025-12-19T00:00:00.000Z
MALARIA_EST_CASES,Estimated number of malaria cases,text,AFR,Africa,Country,CIV,Cote d'Ivoire,Year,2003,false,,,,,,,,,,,,,9746639,,,7941000,,11870000,9 746 639 [7 941 000-11 870 000],,,EN,2025-12-19T00:00:00.000Z
MALARIA_EST_CASES,Estimated number of malaria cases,text,EUR,Europe,Country,TUR,Türkiye,Year,2003,false,,,,,,,,,,,,,9222,,,,,,9222,,,EN,2025-12-19T00:00:00.000Z
MALARIA_EST_CASES,Estimated number of malaria cases,text,EMR,Eastern Mediterranean,Country,PAK,Pakistan,Year,2003,false,,,,,,,,,,,,,924733,,,397000,,2161000,924 733 [397 000-2 161 000],,,EN,2025-12-19T00:00:00.000Z
MALARIA_EST_CASES,Estimated number of malaria cases,text,WPR,Western Pacific,Country,VNM,Viet Nam,Year,2003,false,,,,,,,,,,,,,96592,,,78000,,124000,96 592 [78 000-124 000],,,EN,2025-12-19T00:00:00.000Z
MALARIA_EST_CASES,Estimated number of malaria cases,text,AFR,Africa,Country,ZWE,Zimbabwe,Year,2003,false,,,,,,,,,,,,,988139,,,228000,,2469000,988 139 [228 000-2 469 000],,,EN,2025-12-19T00:00:00.000Z
MALARIA_EST_CASES,Estimated number of malaria cases,text,EMR,Eastern Mediterranean,Country,EGY,Egypt,Year,2002,false,,,,,,,,,,,,,0,,,,,,0,,,EN,2025-12-19T00:00:00.000Z
MALARIA_EST_CASES,Estimated number of malaria cases,text,EUR,Europe,Country,KAZ,Kazakhstan,Year,2002,false,,,,,,,,,,,,,0,,,,,,0,,,EN,2025-12-19T00:00:00.000Z
MALARIA_EST_CASES,Estimated number of malaria cases,text,EMR,Eastern Mediterranean,Country,ARE,United Arab Emirates,Year,2002,false,,,,,,,,,,,,,0,,,,,,0,,,EN,2025-12-19T00:00:00.000Z
MALARIA_EST_CASES,Estimated number of malaria cases,text,AFR,Africa,Country,COG,Congo,Year,2002,false,,,,,,,,,,,,,1095840,,,720000,,1601000,1 095 840 [720 000-1 601 000],,,EN,2025-12-19T00:00:00.000Z
MALARIA_EST_CASES,Estimated number of malaria cases,text,WPR,Western Pacific,Country,IDN,Indonesia,Year,2002,false,,,,,,,,,,,,,1173489,,,970000,,1440000,1 173 489 [970 000-1 440 000],,,EN,2025-12-19T00:00:00.000Z
MALARIA_EST_CASES,Estimated number of malaria cases,text,WPR,Western Pacific,Country,PNG,Papua New Guinea,Year,2002,false,,,,,,,,,,,,,1235844,,,366000,,2238000,1 235 844 [366 000-2 238 000],,,EN,2025-12-19T00:00:00.000Z
MALARIA_EST_CASES,Estimated number of malaria cases,text,EMR,Eastern Mediterranean,Country,SOM,Somalia,Year,2002,false,,,,,,,,,,,,,1273736,,,746000,,2025000,1 273 736 [746 000-2 025 000],,,EN,2025-12-19T00:00:00.000Z
MALARIA_EST_CASES,Estimated number of malaria cases,text,AFR,Africa,Country,LBR,Liberia,Year,2002,false,,,,,,,,,,,,,1285980,,,864000,,1828000,1 285 980 [864 000-1 828 000],,,EN,2025-12-19T00:00:00.000Z
MALARIA_EST_CASES,Estimated number of malaria cases,text,EMR,Eastern Mediterranean,Country,YEM,Yemen,Year,2002,false,,,,,,,,,,,,,1307377,,,624000,,5796000,1 307 377 [624 000-5 796 000],,,EN,2025-12-19T00:00:00.000Z
MALARIA_EST_CASES,Estimated number of malaria cases,text,AFR,Africa,Country,RWA,Rwanda,Year,2002,false,,,,,,,,,,,,,1318743,,,676000,,2347000,1 318 743 [676 000-2 347 000],,,EN,2025-12-19T00:00:00.000Z
MALARIA_EST_CASES,Estimated number of malaria cases,text,EMR,Eastern Mediterranean,Country,AFG,Afghanistan,Year,2002,false,,,,,,,,,,,,,1382972,,,916000,,2106000,1 382 972 [916 000-2 106 000],,,EN,2025-12-19T00:00:00.000Z
MALARIA_EST_CASES,Estimated number of malaria cases,text,SEAR,South-East Asia,Country,MMR,Myanmar,Year,2002,false,,,,,,,,,,,,,1385739,,,967000,,2037000,1 385 739 [967 000-2 037 000],,,EN,2025-12-19T00:00:00.000Z
MALARIA_EST_CASES,Estimated number of malaria cases,text,AFR,Africa,Country,SEN,Senegal,Year,2002,false,,,,,,,,,,,,,1642967,,,505000,,2692000,1 642 967 [505 000-2 692 000],,,EN,2025-12-19T00:00:00.000Z
MALARIA_EST_CASES,Estimated number of malaria cases,text,AFR,Africa,Country,CAF,Central African Republic,Year,2002,false,,,,,,,,,,,,,1794109,,,1096000,,2780000,1 794 109 [1 096 000-2 780 000],,,EN,2025-12-19T00:00:00.000Z
MALARIA_EST_CASES,Estimated number of malaria cases,text,EMR,Eastern Mediterranean,Country,SDN,Sudan,Year,2002,false,,,,,,,,,,,,,1914527,,,1307000,,2697000,1 914 527 [1 307 000-2 697 000],,,EN,2025-12-19T00:00:00.000Z
MALARIA_EST_CASES,Estimated number of malaria cases,text,AFR,Africa,Country,DZA,Algeria,Year,2002,false,,,,,,,,,,,,,10,,,,,,10,,,EN,2025-12-19T00:00:00.000Z
MALARIA_EST_CASES,Estimated number of malaria cases,text,EUR,Europe,Country,TUR,Türkiye,Year,2002,false,,,,,,,,,,,,,10224,,,,,,10 224,,,EN,2025-12-19T00:00:00.000Z
MALARIA_EST_CASES,Estimated number of malaria cases,text,AFR,Africa,Country,TZA,United Republic of Tanzania,Year,2002,false,,,,,,,,,,,,,10740103,,,8330000,,13690000,10 740 103 [8 330 000-13 690 000],,,EN,2025-12-19T00:00:00.000Z
MALARIA_EST_CASES,Estimated number of malaria cases,text,AMR,Americas,Country,CRI,Costa Rica,Year,2002,false,,,,,,,,,,,,,1021,,,,,,1021,,,EN,2025-12-19T00:00:00.000Z
MALARIA_EST_CASES,Estimated number of malaria cases,text,SEAR,South-East Asia,Country,TLS,Timor-Leste,Year,2002,false,,,,,,,,,,,,,104357,,,71000,,142000,104 357 [71 000-142 000],,,EN,2025-12-19T00:00:00.000Z
MALARIA_EST_CASES,Estimated number of malaria cases,text,WPR,Western Pacific,Country,MYS,Malaysia,Year,2002,false,,,,,,,,,,,,,11019,,,,,,11 019,,,EN,2025-12-19T00:00:00.000Z
MALARIA_EST_CASES,Estimated number of malaria cases,text,AMR,Americas,Country,BLZ,Belize,Year,2002,false,,,,,,,,,,,,,1134,,,,,,1134,,,EN,2025-12-19T00:00:00.000Z
MALARIA_EST_CASES,Estimated number of malaria cases,text,AMR,Americas,Country,SLV,El Salvador,Year,2002,false,,,,,,,,,,,,,117,,,,,,117,,,EN,2025-12-19T00:00:00.000Z
MALARIA_EST_CASES,Estimated number of malaria cases,text,AFR,Africa,Country,UGA,Uganda,Year,2002,false,,,,,,,,,,,,,12807776,,,10390000,,15610000,12 807 776 [10 390 000-15 610 000],,,EN,2025-12-19T00:00:00.000Z
MALARIA_EST_CASES,Estimated number of malaria cases,text,AMR,Americas,Country,SUR,Suriname,Year,2002,false,,,,,,,,,,,,,12837,,,,,,12 837,,,EN,2025-12-19T00:00:00.000Z
MALARIA_EST_CASES,Estimated number of malaria cases,text,AMR,Americas,Country,ARG,Argentina,Year,2002,false,,,,,,,,,,,,,125,,,,,,125,,,EN,2025-12-19T00:00:00.000Z
MALARIA_EST_CASES,Estimated number of malaria cases,text,AMR,Americas,Country,PER,Peru,Year,2002,false,,,,,,,,,,,,,128960,,,105000,,154000,128 960 [105 000-154 000],,,EN,2025-12-19T00:00:00.000Z
MALARIA_EST_CASES,Estimated number of malaria cases,text,WPR,Western Pacific,Country,VNM,Viet Nam,Year,2002,false,,,,,,,,,,,,,131451,,,105000,,172000,131 451 [105 000-172 000],,,EN,2025-12-19T00:00:00.000Z
MALARIA_EST_CASES,Estimated number of malaria cases,text,EMR,Eastern Mediterranean,Country,SYR,Syrian Arab Republic,Year,2002,false,,,,,,,,,,,,,15,,,,,,15,,,EN,2025-12-19T00:00:00.000Z
MALARIA_EST_CASES,Estimated number of malaria cases,text,EMR,Eastern Mediterranean,Country,IRN,Iran (Islamic Republic of),Year,2002,false,,,,,,,,,,,,,15558,,,,,,15 558,,,EN,2025-12-19T00:00:00.000Z
MALARIA_EST_CASES,Estimated number of malaria cases,text,AFR,Africa,Country,ZAF,South Africa,Year,2002,false,,,,,,,,,,,,,15649,,,,,,15 649,,,EN,2025-12-19T00:00:00.000Z
MALARIA_EST_CASES,Estimated number of malaria cases,text,AMR,Americas,Country,DOM,Dominican Republic,Year,2002,false,,,,,,,,,,,,,1685,,,1400,,2000,1685 [1400-2000],,,EN,2025-12-19T00:00:00.000Z
MALARIA_EST_CASES,Estimated number of malaria cases,text,WPR,Western Pacific,Country,KOR,Republic of Korea,Year,2002,false,,,,,,,,,,,,,1799,,,,,,1799,,,EN,2025-12-19T00:00:00.000Z
MALARIA_EST_CASES,Estimated number of malaria cases,text,EUR,Europe,Country,TKM,Turkmenistan,Year,2002,false,,,,,,,,,,,,,18,,,,,,18,,,EN,2025-12-19T00:00:00.000Z
MALARIA_EST_CASES,Estimated number of malaria cases,text,EMR,Eastern Mediterranean,Country,DJI,Djibouti,Year,2002,false,,,,,,,,,,,,,1833,,,,,,1833,,,EN,2025-12-19T00:00:00.000Z
MALARIA_EST_CASES,Estimated number of malaria cases,text,EMR,Eastern Mediterranean,Country,MAR,Morocco,Year,2002,false,,,,,,,,,,,,,19,,,,,,19,,,EN,2025-12-19T00:00:00.000Z
MALARIA_EST_CASES,Estimated number of malaria cases,text,AMR,Americas,Country,BOL,Bolivia (Plurinational State of),Year,2002,false,,,,,,,,,,,,,19768,,,15000,,25000,19 768 [15 000-25 000],,,EN,2025-12-19T00:00:00.000Z
MALARIA_EST_CASES,Estimated number of malaria cases,text,AFR,Africa,Country,SLE,Sierra Leone,Year,2002,false,,,,,,,,,,,,,2115738,,,1396000,,3083000,2 115 738 [1 396 000-3 083 000],,,EN,2025-12-19T00:00:00.000Z
MALARIA_EST_CASES,Estimated number of malaria cases,text,AFR,Africa,Country,TCD,Chad,Year,2002,false,,,,,,,,,,,,,2192558,,,1247000,,3660000,2 192 558 [1 247 000-3 660 000],,,EN,2025-12-19T00:00:00.000Z
MALARIA_EST_CASES,Estimated number of malaria cases,text,AFR,Africa,Country,SSD,South Sudan,Year,2002,false,,,,,,,,,,,,,2240881,,,1594000,,3054000,2 240 881 [1 594 000-3 054 000],,,EN,2025-12-19T00:00:00.000Z
MALARIA_EST_CASES,Estimated number of malaria cases,text,AFR,Africa,Country,TGO,Togo,Year,2002,false,,,,,,,,,,,,,2439233,,,1769000,,3313000,2 439 233 [1 769 000-3 313 000],,,EN,2025-12-19T00:00:00.000Z
MALARIA_EST_CASES,Estimated number of malaria cases,text,AFR,Africa,Country,BDI,Burundi,Year,2002,false,,,,,,,,,,,,,2648618,,,1969000,,3454000,2 648 618 [1 969 000-3 454 000],,,EN,2025-12-19T00:00:00.000Z
MALARIA_EST_CASES,Estimated number of malaria cases,text,SEAR,South-East Asia,Country,IND,India,Year,2002,false,,,,,,,,,,,,,20011547,,,15520000,,25850000,20 011 547 [15 520 000-25 850 000],,,EN,2025-12-19T00:00:00.000Z
MALARIA_EST_CASES,Estimated number of malaria cases,text,AMR,Americas,Country,PAN,Panama,Year,2002,false,,,,,,,,,,,,,2363,,,2300,,2500,2363 [2300-2500],,,EN,2025-12-19T00:00:00.000Z
MALARIA_EST_CASES,Estimated number of malaria cases,text,AFR,Africa,Country,COD,Democratic Republic of the Congo,Year,2002,false,,,,,,,,,,,,,24763078,,,19700000,,30470000,24 763 078 [19 700 000-30 470 000],,,EN,2025-12-19T00:00:00.000Z
MALARIA_EST_CASES,Estimated number of malaria cases,text,AMR,Americas,Country,HND,Honduras,Year,2002,false,,,,,,,,,,,,,25251,,,18000,,32000,25 251 [18 000-32 000],,,EN,2025-12-19T00:00:00.000Z
MALARIA_EST_CASES,Estimated number of malaria cases,text,WPR,Western Pacific,Country,CHN,China,Year,2002,false,,,,,,,,,,,,,25520,,,,,,25 520,,,EN,2025-12-19T00:00:00.000Z
MALARIA_EST_CASES,Estimated number of malaria cases,text,AFR,Africa,Country,MRT,Mauritania,Year,2002,false,,,,,,,,,,,,,253562,,,112000,,479000,253 562 [112 000-479 000],,,EN,2025-12-19T00:00:00.000Z
MALARIA_EST_CASES,Estimated number of malaria cases,text,AFR,Africa,Country,GNQ,Equatorial Guinea,Year,2002,false,,,,,,,,,,,,,259369,,,175000,,372000,259 369 [175 000-372 000],,,EN,2025-12-19T00:00:00.000Z
MALARIA_EST_CASES,Estimated number of malaria cases,text,EMR,Eastern Mediterranean,Country,SAU,Saudi Arabia,Year,2002,false,,,,,,,,,,,,,2612,,,,,,2612,,,EN,2025-12-19T00:00:00.000Z
MALARIA_EST_CASES,Estimated number of malaria cases,text,EUR,Europe,Country,KGZ,Kyrgyzstan,Year,2002,false,,,,,,,,,,,,,2725,,,,,,2725,,,EN,2025-12-19T00:00:00.000Z
MALARIA_EST_CASES,Estimated number of malaria cases,text,AMR,Americas,Country,PRY,Paraguay,Year,2002,false,,,,,,,,,,,,,2775,,,,,,2775,,,EN,2025-12-19T00:00:00.000Z
MALARIA_EST_CASES,Estimated number of malaria cases,text,WPR,Western Pacific,Country,SLB,Solomon Islands,Year,2002,false,,,,,,,,,,,,,280109,,,153000,,459000,280 109 [153 000-459 000],,,EN,2025-12-19T00:00:00.000Z
MALARIA_EST_CASES,Estimated number of malaria cases,text,AMR,Americas,Country,COL,Colombia,Year,2002,false,,,,,,,,,,,,,291432,,,218000,,369000,291 432 [218 000-369 000],,,EN,2025-12-19T00:00:00.000Z
MALARIA_EST_CASES,Estimated number of malaria cases,text,AFR,Africa,Country,BEN,Benin,Year,2002,false,,,,,,,,,,,,,3480523,,,2630000,,4524000,3 480 523 [2 630 000-4 524 000],,,EN,2025-12-19T00:00:00.000Z
MALARIA_EST_CASES,Estimated number of malaria cases,text,AFR,Africa,Country,GIN,Guinea,Year,2002,false,,,,,,,,,,,,,3634139,,,2536000,,5061000,3 634 139 [2 536 000-5 061 000],,,EN,2025-12-19T00:00:00.000Z
MALARIA_EST_CASES,Estimated number of malaria cases,text,AFR,Africa,Country,ZMB,Zambia,Year,2002,false,,,,,,,,,,,,,3939329,,,3060000,,4989000,3 939 329 [3 060 000-4 989 000],,,EN,2025-12-19T00:00:00.000Z
MALARIA_EST_CASES,Estimated number of malaria cases,text,AMR,Americas,Country,GUY,Guyana,Year,2002,false,,,,,,,,,,,,,30656,,,25000,,37000,30 656 [25 000-37 000],,,EN,2025-12-19T00:00:00.000Z
MALARIA_EST_CASES,Estimated number of malaria cases,text,AFR,Africa,Country,ERI,Eritrea,Year,2002,false,,,,,,,,,,,,,32823,,,12000,,64000,32 823 [12 000-64 000],,,EN,2025-12-19T00:00:00.000Z
MALARIA_EST_CASES,Estimated number of malaria cases,text,AFR,Africa,Country,GNB,Guinea-Bissau,Year,2002,false,,,,,,,,,,,,,323897,,,177000,,550000,323 897 [177 000-550 000],,,EN,2025-12-19T00:00:00.000Z
MALARIA_EST_CASES,Estimated number of malaria cases,text,WPR,Western Pacific,Country,KHM,Cambodia,Year,2002,false,,,,,,,,,,,,,349008,,,256000,,463000,349 008 [256 000-463 000],,,EN,2025-12-19T00:00:00.000Z
MALARIA_EST_CASES,Estimated number of malaria cases,text,AMR,Americas,Country,VEN,Venezuela (Bolivarian Republic of),Year,2002,false,,,,,,,,,,,,,35029,,,31000,,41000,35 029 [31 000-41 000],,,EN,2025-12-19T00:00:00.000Z
MALARIA_EST_CASES,Estimated number of malaria cases,text,AFR,Africa,Country,COM,Comoros,Year,2002,false,,,,,,,,,,,,,35665,,,,,,35 665,,,EN,2025-12-19T00:00:00.000Z
MALARIA_EST_CASES,Estimated number of malaria cases,text,WPR,Western Pacific,Country,VUT,Vanuatu,Year,2002,false,,,,,,,,,,,,,36655,,,25000,,54000,36 655 [25 000-54 000],,,EN,2025-12-19T00:00:00.000Z
MALARIA_EST_CASES,Estimated number of malaria cases,text,AFR,Africa,Country,BWA,Botswana,Year,2002,false,,,,,,,,,,,,,3666,,,2100,,7300,3666 [2100-7300],,,EN,2025-12-19T00:00:00.000Z
MALARIA_EST_CASES,Estimated number of malaria cases,text,AFR,Africa,Country,NER,Niger,Year,2002,false,,,,,,,,,,,,,4048859,,,2278000,,6616000,4 048 859 [2 278 000-6 616 000],,,EN,2025-12-19T00:00:00.000Z
MALARIA_EST_CASES,Estimated number of malaria cases,text,AFR,Africa,Country,MLI,Mali,Year,2002,false,,,,,,,,,,,,,4977784,,,3328000,,7234000,4 977 784 [3 328 000-7 234 000],,,EN,2025-12-19T00:00:00.000Z
MALARIA_EST_CASES,Estimated number of malaria cases,text,AMR,Americas,Country,BRA,Brazil,Year,2002,false,,,,,,,,,,,,,407200,,,363000,,456000,407 200 [363 000-456 000],,,EN,2025-12-19T00:00:00.000Z
MALARIA_EST_CASES,Estimated number of malaria cases,text,SEAR,South-East Asia,Country,LKA,Sri Lanka,Year,2002,false,,,,,,,,,,,,,41411,,,,,,41 411,,,EN,2025-12-19T00:00:00.000Z
MALARIA_EST_CASES,Estimated number of malaria cases,text,AMR,Americas,Country,GTM,Guatemala,Year,2002,false,,,,,,,,,,,,,42213,,,37000,,50000,42 213 [37 000-50 000],,,EN,2025-12-19T00:00:00.000Z
MALARIA_EST_CASES,Estimated number of malaria cases,text,AFR,Africa,Country,GAB,Gabon,Year,2002,false,,,,,,,,,,,,,434899,,,285000,,639000,434 899 [285 000-639 000],,,EN,2025-12-19T00:00:00.000Z
MALARIA_EST_CASES,Estimated number of malaria cases,text,AMR,Americas,Country,GUF,French Guiana,Year,2002,false,,,,,,,,,,,,,4348,,,3800,,5100,4348 [3800-5100],,,EN,2025-12-19T00:00:00.000Z
MALARIA_EST_CASES,Estimated number of malaria cases,text,SEAR,South-East Asia,Country,THA,Thailand,Year,2002,false,,,,,,,,,,,,,44555,,,,,,44 555,,,EN,2025-12-19T00:00:00.000Z
MALARIA_EST_CASES,Estimated number of malaria cases,text,AFR,Africa,Country,GMB,Gambia,Year,2002,false,,,,,,,,,,,,,450452,,,334000,,583000,450 452 [334 000-583 000],,,EN,2025-12-19T00:00:00.000Z
MALARIA_EST_CASES,Estimated number of malaria cases,text,AMR,Americas,Country,MEX,Mexico,Year,2002,false,,,,,,,,,,,,,4624,,,,,,4624,,,EN,2025-12-19T00:00:00.000Z
MALARIA_EST_CASES,Estimated number of malaria cases,text,EUR,Europe,Country,GEO,Georgia,Year,2002,false,,,,,,,,,,,,,474,,,,,,474,,,EN,2025-12-19T00:00:00.000Z
MALARIA_EST_CASES,Estimated number of malaria cases,text,AFR,Africa,Country,MWI,Malawi,Year,2002,false,,,,,,,,,,,,,5222098,,,4181000,,6434000,5 222 098 [4 181 000-6 434 000],,,EN,2025-12-19T00:00:00.000Z
MALARIA_EST_CASES,Estimated number of malaria cases,text,AFR,Africa,Country,AGO,Angola,Year,2002,false,,,,,,,,,,,,,5470306,,,3714000,,7897000,5 470 306 [3 714 000-7 897 000],,,EN,2025-12-19T00:00:00.000Z
MALARIA_EST_CASES,Estimated number of malaria cases,text,WPR,Western Pacific,Country,LAO,Lao People's Democratic Republic,Year,2002,false,,,,,,,,,,,,,50404,,,37000,,66000,50 404 [37 000-66 000],,,EN,2025-12-19T00:00:00.000Z
MALARIA_EST_CASES,Estimated number of malaria cases,text,AFR,Africa,Country,STP,Sao Tome and Principe,Year,2002,false,,,,,,,,,,,,,50586,,,,,,50 586,,,EN,2025-12-19T00:00:00.000Z
MALARIA_EST_CASES,Estimated number of malaria cases,text,AFR,Africa,Country,NGA,Nigeria,Year,2002,false,,,,,,,,,,,,,50952482,,,39530000,,64780000,50 952 482 [39 530 000-64 780 000],,,EN,2025-12-19T00:00:00.000Z
MALARIA_EST_CASES,Estimated number of malaria cases,text,EUR,Europe,Country,AZE,Azerbaijan,Year,2002,false,,,,,,,,,,,,,505,,,,,,505,,,EN,2025-12-19T00:00:00.000Z
MALARIA_EST_CASES,Estimated number of malaria cases,text,EUR,Europe,Country,ARM,Armenia,Year,2002,false,,,,,,,,,,,,,52,,,,,,52,,,EN,2025-12-19T00:00:00.000Z
MALARIA_EST_CASES,Estimated number of malaria cases,text,EMR,Eastern Mediterranean,Country,OMN,Oman,Year,2002,false,,,,,,,,,,,,,6,,,,,,6,,,EN,2025-12-19T00:00:00.000Z
MALARIA_EST_CASES,Estimated number of malaria cases,text,AFR,Africa,Country,CMR,Cameroon,Year,2002,false,,,,,,,,,,,,,6874791,,,5476000,,8532000,6 874 791 [5 476 000-8 532 000],,,EN,2025-12-19T00:00:00.000Z
MALARIA_EST_CASES,Estimated number of malaria cases,text,EUR,Europe,Country,TJK,Tajikistan,Year,2002,false,,,,,,,,,,,,,6160,,,,,,6160,,,EN,2025-12-19T00:00:00.000Z
MALARIA_EST_CASES,Estimated number of malaria cases,text,SEAR,South-East Asia,Country,BTN,Bhutan,Year,2002,false,,,,,,,,,,,,,6511,,,,,,6511,,,EN,2025-12-19T00:00:00.000Z
MALARIA_EST_CASES,Estimated number of malaria cases,text,AFR,Africa,Country,SWZ,Eswatini,Year,2002,false,,,,,,,,,,,,,670,,,,,,670,,,EN,2025-12-19T00:00:00.000Z
MALARIA_EST_CASES,Estimated number of malaria cases,text,AFR,Africa,Country,KEN,Kenya,Year,2002,false,,,,,,,,,,,,,7425059,,,5893000,,9292000,7 425 059 [5 893 000-9 292 000],,,EN,2025-12-19T00:00:00.000Z
MALARIA_EST_CASES,Estimated number of malaria cases,text,AFR,Africa,Country,BFA,Burkina Faso,Year,2002,false,,,,,,,,,,,,,7513033,,,6023000,,9196000,7 513 033 [6 023 000-9 196 000],,,EN,2025-12-19T00:00:00.000Z
MALARIA_EST_CASES,Estimated number of malaria cases,text,AFR,Africa,Country,NAM,Namibia,Year,2002,false,,,,,,,,,,,,,70395,,,33000,,139000,70 395 [33 000-139 000],,,EN,2025-12-19T00:00:00.000Z
MALARIA_EST_CASES,Estimated number of malaria cases,text,WPR,Western Pacific,Country,PHL,Philippines,Year,2002,false,,,,,,,,,,,,,70585,,,53000,,91000,70 585 [53 000-91 000],,,EN,2025-12-19T00:00:00.000Z
MALARIA_EST_CASES,Estimated number of malaria cases,text,EUR,Europe,Country,UZB,Uzbekistan,Year,2002,false,,,,,,,,,,,,,74,,,,,,74,,,EN,2025-12-19T00:00:00.000Z
MALARIA_EST_CASES,Estimated number of malaria cases,text,AMR,Americas,Country,HTI,Haiti,Year,2002,false,,,,,,,,,,,,,74701,,,43000,,121000,74 701 [43 000-121 000],,,EN,2025-12-19T00:00:00.000Z
MALARIA_EST_CASES,Estimated number of malaria cases,text,AFR,Africa,Country,CPV,Cabo Verde,Year,2002,false,,,,,,,,,,,,,76,,,,,,76,,,EN,2025-12-19T00:00:00.000Z
MALARIA_EST_CASES,Estimated number of malaria cases,text,AFR,Africa,Country,GHA,Ghana,Year,2002,false,,,,,,,,,,,,,8127918,,,6373000,,10170000,8 127 918 [6 373 000-10 170 000],,,EN,2025-12-19T00:00:00.000Z
MALARIA_EST_CASES,Estimated number of malaria cases,text,SEAR,South-East Asia,Country,NPL,Nepal,Year,2002,false,,,,,,,,,,,,,85217,,,43000,,152000,85 217 [43 000-152 000],,,EN,2025-12-19T00:00:00.000Z
MALARIA_EST_CASES,Estimated number of malaria cases,text,AMR,Americas,Country,ECU,Ecuador,Year,2002,false,,,,,,,,,,,,,86757,,,,,,86 757,,,EN,2025-12-19T00:00:00.000Z
MALARIA_EST_CASES,Estimated number of malaria cases,text,AFR,Africa,Country,MDG,Madagascar,Year,2002,false,,,,,,,,,,,,,898515,,,22000,,2051000,898 515 [22 000-2 051 000],,,EN,2025-12-19T00:00:00.000Z
MALARIA_EST_CASES,Estimated number of malaria cases,text,AFR,Africa,Country,MOZ,Mozambique,Year,2002,false,,,,,,,,,,,,,9377791,,,7774000,,11230000,9 377 791 [7 774 000-11 230 000],,,EN,2025-12-19T00:00:00.000Z
MALARIA_EST_CASES,Estimated number of malaria cases,text,AFR,Africa,Country,ETH,Ethiopia,Year,2002,false,,,,,,,,,,,,,9428040,,,3382000,,18340000,9 428 040 [3 382 000-18 340 000],,,EN,2025-12-19T00:00:00.000Z
MALARIA_EST_CASES,Estimated number of malaria cases,text,AFR,Africa,Country,CIV,Cote d'Ivoire,Year,2002,false,,,,,,,,,,,,,9445298,,,7623000,,11600000,9 445 298 [7 623 000-11 600 000],,,EN,2025-12-19T00:00:00.000Z
MALARIA_EST_CASES,Estimated number of malaria cases,text,EMR,Eastern Mediterranean,Country,IRQ,Iraq,Year,2002,false,,,,,,,,,,,,,952,,,,,,952,,,EN,2025-12-19T00:00:00.000Z
MALARIA_EST_CASES,Estimated number of malaria cases,text,EMR,Eastern Mediterranean,Country,PAK,Pakistan,Year,2002,false,,,,,,,,,,,,,966325,,,356000,,2382000,966 325 [356 000-2 382 000],,,EN,2025-12-19T00:00:00.000Z
MALARIA_EST_CASES,Estimated number of malaria cases,text,AMR,Americas,Country,NIC,Nicaragua,Year,2002,false,,,,,,,,,,,,,9745,,,8100,,11000,9745 [8100-11 000],,,EN,2025-12-19T00:00:00.000Z
MALARIA_EST_CASES,Estimated number of malaria cases,text,AFR,Africa,Country,ZWE,Zimbabwe,Year,2002,false,,,,,,,,,,,,,976452,,,221000,,2388000,976 452 [221 000-2 388 000],,,EN,2025-12-19T00:00:00.000Z
MALARIA_EST_CASES,Estimated number of malaria cases,text,SEAR,South-East Asia,Country,PRK,Democratic People's Republic of Korea,Year,2002,false,,,,,,,,,,,,,98852,,,,,,98 852,,,EN,2025-12-19T00:00:00.000Z
MALARIA_EST_CASES,Estimated number of malaria cases,text,SEAR,South-East Asia,Country,BGD,Bangladesh,Year,2002,false,,,,,,,,,,,,,99072,,,43000,,158000,99 072 [43 000-158 000],,,EN,2025-12-19T00:00:00.000Z
MALARIA_EST_CASES,Estimated number of malaria cases,text,EMR,Eastern Mediterranean,Country,EGY,Egypt,Year,2001,false,,,,,,,,,,,,,0,,,,,,0,,,EN,2025-12-19T00:00:00.000Z
MALARIA_EST_CASES,Estimated number of malaria cases,text,EUR,Europe,Country,KAZ,Kazakhstan,Year,2001,false,,,,,,,,,,,,,0,,,,,,0,,,EN,2025-12-19T00:00:00.000Z
MALARIA_EST_CASES,Estimated number of malaria cases,text,EMR,Eastern Mediterranean,Country,MAR,Morocco,Year,2001,false,,,,,,,,,,,,,0,,,,,,0,,,EN,2025-12-19T00:00:00.000Z
MALARIA_EST_CASES,Estimated number of malaria cases,text,EMR,Eastern Mediterranean,Country,ARE,United Arab Emirates,Year,2001,false,,,,,,,,,,,,,0,,,,,,0,,,EN,2025-12-19T00:00:00.000Z
MALARIA_EST_CASES,Estimated number of malaria cases,text,EMR,Eastern Mediterranean,Country,PAK,Pakistan,Year,2001,false,,,,,,,,,,,,,1037774,,,437000,,2358000,1 037 774 [437 000-2 358 000],,,EN,2025-12-19T00:00:00.000Z
MALARIA_EST_CASES,Estimated number of malaria cases,text,AFR,Africa,Country,MDG,Madagascar,Year,2001,false,,,,,,,,,,,,,1111496,,,150000,,2369000,1 111 496 [150 000-2 369 000],,,EN,2025-12-19T00:00:00.000Z
MALARIA_EST_CASES,Estimated number of malaria cases,text,AFR,Africa,Country,COG,Congo,Year,2001,false,,,,,,,,,,,,,1142303,,,780000,,1622000,1 142 303 [780 000-1 622 000],,,EN,2025-12-19T00:00:00.000Z
MALARIA_EST_CASES,Estimated number of malaria cases,text,WPR,Western Pacific,Country,IDN,Indonesia,Year,2001,false,,,,,,,,,,,,,1157687,,,954000,,1425000,1 157 687 [954 000-1 425 000],,,EN,2025-12-19T00:00:00.000Z
MALARIA_EST_CASES,Estimated number of malaria cases,text,EMR,Eastern Mediterranean,Country,YEM,Yemen,Year,2001,false,,,,,,,,,,,,,1176056,,,523000,,5296000,1 176 056 [523 000-5 296 000],,,EN,2025-12-19T00:00:00.000Z
MALARIA_EST_CASES,Estimated number of malaria cases,text,AFR,Africa,Country,LBR,Liberia,Year,2001,false,,,,,,,,,,,,,1224383,,,800000,,1789000,1 224 383 [800 000-1 789 000],,,EN,2025-12-19T00:00:00.000Z
MALARIA_EST_CASES,Estimated number of malaria cases,text,EMR,Eastern Mediterranean,Country,SOM,Somalia,Year,2001,false,,,,,,,,,,,,,1297310,,,749000,,2097000,1 297 310 [749 000-2 097 000],,,EN,2025-12-19T00:00:00.000Z
MALARIA_EST_CASES,Estimated number of malaria cases,text,EMR,Eastern Mediterranean,Country,AFG,Afghanistan,Year,2001,false,,,,,,,,,,,,,1312939,,,849000,,2007000,1 312 939 [849 000-2 007 000],,,EN,2025-12-19T00:00:00.000Z
MALARIA_EST_CASES,Estimated number of malaria cases,text,SEAR,South-East Asia,Country,MMR,Myanmar,Year,2001,false,,,,,,,,,,,,,1371906,,,958000,,2009000,1 371 906 [958 000-2 009 000],,,EN,2025-12-19T00:00:00.000Z
MALARIA_EST_CASES,Estimated number of malaria cases,text,AFR,Africa,Country,RWA,Rwanda,Year,2001,false,,,,,,,,,,,,,1419936,,,683000,,2649000,1 419 936 [683 000-2 649 000],,,EN,2025-12-19T00:00:00.000Z
MALARIA_EST_CASES,Estimated number of malaria cases,text,WPR,Western Pacific,Country,PNG,Papua New Guinea,Year,2001,false,,,,,,,,,,,,,1443554,,,510000,,2578000,1 443 554 [510 000-2 578 000],,,EN,2025-12-19T00:00:00.000Z
MALARIA_EST_CASES,Estimated number of malaria cases,text,AFR,Africa,Country,CAF,Central African Republic,Year,2001,false,,,,,,,,,,,,,1718721,,,1061000,,2677000,1 718 721 [1 061 000-2 677 000],,,EN,2025-12-19T00:00:00.000Z
MALARIA_EST_CASES,Estimated number of malaria cases,text,AFR,Africa,Country,SEN,Senegal,Year,2001,false,,,,,,,,,,,,,1803712,,,669000,,2715000,1 803 712 [669 000-2 715 000],,,EN,2025-12-19T00:00:00.000Z
MALARIA_EST_CASES,Estimated number of malaria cases,text,AFR,Africa,Country,SLE,Sierra Leone,Year,2001,false,,,,,,,,,,,,,1994684,,,1303000,,2956000,1 994 684 [1 303 000-2 956 000],,,EN,2025-12-19T00:00:00.000Z
MALARIA_EST_CASES,Estimated number of malaria cases,text,EUR,Europe,Country,TUR,Türkiye,Year,2001,false,,,,,,,,,,,,,10812,,,,,,10 812,,,EN,2025-12-19T00:00:00.000Z
MALARIA_EST_CASES,Estimated number of malaria cases,text,AFR,Africa,Country,NAM,Namibia,Year,2001,false,,,,,,,,,,,,,102902,,,56000,,185000,102 902 [56 000-185 000],,,EN,2025-12-19T00:00:00.000Z
MALARIA_EST_CASES,Estimated number of malaria cases,text,AMR,Americas,Country,PER,Peru,Year,2001,false,,,,,,,,,,,,,105067,,,83000,,128000,105 067 [83 000-128 000],,,EN,2025-12-19T00:00:00.000Z
MALARIA_EST_CASES,Estimated number of malaria cases,text,EUR,Europe,Country,AZE,Azerbaijan,Year,2001,false,,,,,,,,,,,,,1054,,,,,,1054,,,EN,2025-12-19T00:00:00.000Z
MALARIA_EST_CASES,Estimated number of malaria cases,text,AFR,Africa,Country,CPV,Cabo Verde,Year,2001,false,,,,,,,,,,,,,107,,,,,,107,,,EN,2025-12-19T00:00:00.000Z
MALARIA_EST_CASES,Estimated number of malaria cases,text,AMR,Americas,Country,ECU,Ecuador,Year,2001,false,,,,,,,,,,,,,108903,,,,,,108 903,,,EN,2025-12-19T00:00:00.000Z
MALARIA_EST_CASES,Estimated number of malaria cases,text,AFR,Africa,Country,TZA,United Republic of Tanzania,Year,2001,false,,,,,,,,,,,,,11208998,,,8638000,,14320000,11 208 998 [8 638 000-14 320 000],,,EN,2025-12-19T00:00:00.000Z
MALARIA_EST_CASES,Estimated number of malaria cases,text,EUR,Europe,Country,TJK,Tajikistan,Year,2001,false,,,,,,,,,,,,,11387,,,,,,11 387,,,EN,2025-12-19T00:00:00.000Z
MALARIA_EST_CASES,Estimated number of malaria cases,text,SEAR,South-East Asia,Country,PRK,Democratic People's Republic of Korea,Year,2001,false,,,,,,,,,,,,,115615,,,,,,115 615,,,EN,2025-12-19T00:00:00.000Z
MALARIA_EST_CASES,Estimated number of malaria cases,text,AMR,Americas,Country,BLZ,Belize,Year,2001,false,,,,,,,,,,,,,1162,,,,,,1162,,,EN,2025-12-19T00:00:00.000Z
MALARIA_EST_CASES,Estimated number of malaria cases,text,AFR,Africa,Country,UGA,Uganda,Year,2001,false,,,,,,,,,,,,,12581378,,,10200000,,15400000,12 581 378 [10 200 000-15 400 000],,,EN,2025-12-19T00:00:00.000Z
MALARIA_EST_CASES,Estimated number of malaria cases,text,WPR,Western Pacific,Country,MYS,Malaysia,Year,2001,false,,,,,,,,,,,,,12780,,,,,,12 780,,,EN,2025-12-19T00:00:00.000Z
MALARIA_EST_CASES,Estimated number of malaria cases,text,SEAR,South-East Asia,Country,TLS,Timor-Leste,Year,2001,false,,,,,,,,,,,,,120990,,,52000,,275000,120 990 [52 000-275 000],,,EN,2025-12-19T00:00:00.000Z
MALARIA_EST_CASES,Estimated number of malaria cases,text,EMR,Eastern Mediterranean,Country,IRQ,Iraq,Year,2001,false,,,,,,,,,,,,,1265,,,,,,1265,,,EN,2025-12-19T00:00:00.000Z
MALARIA_EST_CASES,Estimated number of malaria cases,text,AMR,Americas,Country,NIC,Nicaragua,Year,2001,false,,,,,,,,,,,,,13275,,,11000,,16000,13 275 [11 000-16 000],,,EN,2025-12-19T00:00:00.000Z
MALARIA_EST_CASES,Estimated number of malaria cases,text,AMR,Americas,Country,DOM,Dominican Republic,Year,2001,false,,,,,,,,,,,,,1315,,,1100,,1600,1315 [1100-1600],,,EN,2025-12-19T00:00:00.000Z
MALARIA_EST_CASES,Estimated number of malaria cases,text,AMR,Americas,Country,CRI,Costa Rica,Year,2001,false,,,,,,,,,,,,,1363,,,,,,1363,,,EN,2025-12-19T00:00:00.000Z
MALARIA_EST_CASES,Estimated number of malaria cases,text,AFR,Africa,Country,SWZ,Eswatini,Year,2001,false,,,,,,,,,,,,,1395,,,,,,1395,,,EN,2025-12-19T00:00:00.000Z
MALARIA_EST_CASES,Estimated number of malaria cases,text,EUR,Europe,Country,KGZ,Kyrgyzstan,Year,2001,false,,,,,,,,,,,,,15,,,,,,15,,,EN,2025-12-19T00:00:00.000Z
MALARIA_EST_CASES,Estimated number of malaria cases,text,AMR,Americas,Country,SUR,Suriname,Year,2001,false,,,,,,,,,,,,,16003,,,,,,16 003,,,EN,2025-12-19T00:00:00.000Z
MALARIA_EST_CASES,Estimated number of malaria cases,text,EMR,Eastern Mediterranean,Country,DJI,Djibouti,Year,2001,false,,,,,,,,,,,,,1777,,,,,,1777,,,EN,2025-12-19T00:00:00.000Z
MALARIA_EST_CASES,Estimated number of malaria cases,text,WPR,Western Pacific,Country,VUT,Vanuatu,Year,2001,false,,,,,,,,,,,,,18702,,,13000,,27000,18 702 [13 000-27 000],,,EN,2025-12-19T00:00:00.000Z
MALARIA_EST_CASES,Estimated number of malaria cases,text,WPR,Western Pacific,Country,VNM,Viet Nam,Year,2001,false,,,,,,,,,,,,,185145,,,148000,,241000,185 145 [148 000-241 000],,,EN,2025-12-19T00:00:00.000Z
MALARIA_EST_CASES,Estimated number of malaria cases,text,EMR,Eastern Mediterranean,Country,IRN,Iran (Islamic Republic of),Year,2001,false,,,,,,,,,,,,,19303,,,,,,19 303,,,EN,2025-12-19T00:00:00.000Z
MALARIA_EST_CASES,Estimated number of malaria cases,text,EMR,Eastern Mediterranean,Country,OMN,Oman,Year,2001,false,,,,,,,,,,,,,2,,,,,,2,,,EN,2025-12-19T00:00:00.000Z
MALARIA_EST_CASES,Estimated number of malaria cases,text,AFR,Africa,Country,SSD,South Sudan,Year,2001,false,,,,,,,,,,,,,2175829,,,1572000,,2941000,2 175 829 [1 572 000-2 941 000],,,EN,2025-12-19T00:00:00.000Z
MALARIA_EST_CASES,Estimated number of malaria cases,text,AFR,Africa,Country,TGO,Togo,Year,2001,false,,,,,,,,,,,,,2331292,,,1643000,,3180000,2 331 292 [1 643 000-3 180 000],,,EN,2025-12-19T00:00:00.000Z
MALARIA_EST_CASES,Estimated number of malaria cases,text,EMR,Eastern Mediterranean,Country,SDN,Sudan,Year,2001,false,,,,,,,,,,,,,2382352,,,1675000,,3262000,2 382 352 [1 675 000-3 262 000],,,EN,2025-12-19T00:00:00.000Z
MALARIA_EST_CASES,Estimated number of malaria cases,text,AFR,Africa,Country,TCD,Chad,Year,2001,false,,,,,,,,,,,,,2408702,,,1409000,,3875000,2 408 702 [1 409 000-3 875 000],,,EN,2025-12-19T00:00:00.000Z
MALARIA_EST_CASES,Estimated number of malaria cases,text,AFR,Africa,Country,BDI,Burundi,Year,2001,false,,,,,,,,,,,,,2760685,,,2053000,,3638000,2 760 685 [2 053 000-3 638 000],,,EN,2025-12-19T00:00:00.000Z
MALARIA_EST_CASES,Estimated number of malaria cases,text,WPR,Western Pacific,Country,CHN,China,Year,2001,false,,,,,,,,,,,,,21237,,,,,,21 237,,,EN,2025-12-19T00:00:00.000Z
MALARIA_EST_CASES,Estimated number of malaria cases,text,SEAR,South-East Asia,Country,IND,India,Year,2001,false,,,,,,,,,,,,,21786449,,,17180000,,27540000,21 786 449 [17 180 000-27 540 000],,,EN,2025-12-19T00:00:00.000Z
MALARIA_EST_CASES,Estimated number of malaria cases,text,AMR,Americas,Country,ARG,Argentina,Year,2001,false,,,,,,,,,,,,,215,,,,,,215,,,EN,2025-12-19T00:00:00.000Z
MALARIA_EST_CASES,Estimated number of malaria cases,text,AMR,Americas,Country,BOL,Bolivia (Plurinational State of),Year,2001,false,,,,,,,,,,,,,22330,,,17000,,28000,22 330 [17 000-28 000],,,EN,2025-12-19T00:00:00.000Z
MALARIA_EST_CASES,Estimated number of malaria cases,text,AMR,Americas,Country,VEN,Venezuela (Bolivarian Republic of),Year,2001,false,,,,,,,,,,,,,23834,,,21000,,28000,23 834 [21 000-28 000],,,EN,2025-12-19T00:00:00.000Z
MALARIA_EST_CASES,Estimated number of malaria cases,text,AFR,Africa,Country,COD,Democratic Republic of the Congo,Year,2001,false,,,,,,,,,,,,,23855861,,,19030000,,29410000,23 855 861 [19 030 000-29 410 000],,,EN,2025-12-19T00:00:00.000Z
MALARIA_EST_CASES,Estimated number of malaria cases,text,AFR,Africa,Country,GNQ,Equatorial Guinea,Year,2001,false,,,,,,,,,,,,,248569,,,164000,,359000,248 569 [164 000-359 000],,,EN,2025-12-19T00:00:00.000Z
MALARIA_EST_CASES,Estimated number of malaria cases,text,AFR,Africa,Country,MRT,Mauritania,Year,2001,false,,,,,,,,,,,,,250929,,,123000,,463000,250 929 [123 000-463 000],,,EN,2025-12-19T00:00:00.000Z
MALARIA_EST_CASES,Estimated number of malaria cases,text,WPR,Western Pacific,Country,KOR,Republic of Korea,Year,2001,false,,,,,,,,,,,,,2556,,,,,,2556,,,EN,2025-12-19T00:00:00.000Z
MALARIA_EST_CASES,Estimated number of malaria cases,text,AFR,Africa,Country,ZAF,South Africa,Year,2001,false,,,,,,,,,,,,,26506,,,,,,26 506,,,EN,2025-12-19T00:00:00.000Z
MALARIA_EST_CASES,Estimated number of malaria cases,text,AMR,Americas,Country,PRY,Paraguay,Year,2001,false,,,,,,,,,,,,,2706,,,,,,2706,,,EN,2025-12-19T00:00:00.000Z
MALARIA_EST_CASES,Estimated number of malaria cases,text,WPR,Western Pacific,Country,SLB,Solomon Islands,Year,2001,false,,,,,,,,,,,,,285929,,,155000,,465000,285 929 [155 000-465 000],,,EN,2025-12-19T00:00:00.000Z
MALARIA_EST_CASES,Estimated number of malaria cases,text,AFR,Africa,Country,BEN,Benin,Year,2001,false,,,,,,,,,,,,,3233367,,,2425000,,4244000,3 233 367 [2 425 000-4 244 000],,,EN,2025-12-19T00:00:00.000Z
MALARIA_EST_CASES,Estimated number of malaria cases,text,AFR,Africa,Country,GIN,Guinea,Year,2001,false,,,,,,,,,,,,,3538841,,,2482000,,4904000,3 538 841 [2 482 000-4 904 000],,,EN,2025-12-19T00:00:00.000Z
MALARIA_EST_CASES,Estimated number of malaria cases,text,AFR,Africa,Country,ZMB,Zambia,Year,2001,false,,,,,,,,,,,,,3915640,,,3078000,,4923000,3 915 640 [3 078 000-4 923 000],,,EN,2025-12-19T00:00:00.000Z
MALARIA_EST_CASES,Estimated number of malaria cases,text,EMR,Eastern Mediterranean,Country,SAU,Saudi Arabia,Year,2001,false,,,,,,,,,,,,,3074,,,,,,3074,,,EN,2025-12-19T00:00:00.000Z
MALARIA_EST_CASES,Estimated number of malaria cases,text,AMR,Americas,Country,COL,Colombia,Year,2001,false,,,,,,,,,,,,,333024,,,247000,,423000,333 024 [247 000-423 000],,,EN,2025-12-19T00:00:00.000Z
MALARIA_EST_CASES,Estimated number of malaria cases,text,AMR,Americas,Country,HND,Honduras,Year,2001,false,,,,,,,,,,,,,35405,,,26000,,45000,35 405 [26 000-45 000],,,EN,2025-12-19T00:00:00.000Z
MALARIA_EST_CASES,Estimated number of malaria cases,text,AFR,Africa,Country,COM,Comoros,Year,2001,false,,,,,,,,,,,,,35608,,,,,,35 608,,,EN,2025-12-19T00:00:00.000Z
MALARIA_EST_CASES,Estimated number of malaria cases,text,AMR,Americas,Country,SLV,El Salvador,Year,2001,false,,,,,,,,,,,,,362,,,,,,362,,,EN,2025-12-19T00:00:00.000Z
MALARIA_EST_CASES,Estimated number of malaria cases,text,AMR,Americas,Country,GUY,Guyana,Year,2001,false,,,,,,,,,,,,,37974,,,31000,,45000,37 974 [31 000-45 000],,,EN,2025-12-19T00:00:00.000Z
MALARIA_EST_CASES,Estimated number of malaria cases,text,WPR,Western Pacific,Country,KHM,Cambodia,Year,2001,false,,,,,,,,,,,,,388681,,,283000,,520000,388 681 [283 000-520 000],,,EN,2025-12-19T00:00:00.000Z
MALARIA_EST_CASES,Estimated number of malaria cases,text,AFR,Africa,Country,NER,Niger,Year,2001,false,,,,,,,,,,,,,4180737,,,2346000,,6946000,4 180 737 [2 346 000-6 946 000],,,EN,2025-12-19T00:00:00.000Z
MALARIA_EST_CASES,Estimated number of malaria cases,text,AFR,Africa,Country,MLI,Mali,Year,2001,false,,,,,,,,,,,,,4719788,,,3192000,,6804000,4 719 788 [3 192 000-6 804 000],,,EN,2025-12-19T00:00:00.000Z
MALARIA_EST_CASES,Estimated number of malaria cases,text,AFR,Africa,Country,GNB,Guinea-Bissau,Year,2001,false,,,,,,,,,,,,,403827,,,240000,,643000,403 827 [240 000-643 000],,,EN,2025-12-19T00:00:00.000Z
MALARIA_EST_CASES,Estimated number of malaria cases,text,AFR,Africa,Country,STP,Sao Tome and Principe,Year,2001,false,,,,,,,,,,,,,42086,,,,,,42 086,,,EN,2025-12-19T00:00:00.000Z
MALARIA_EST_CASES,Estimated number of malaria cases,text,AMR,Americas,Country,GTM,Guatemala,Year,2001,false,,,,,,,,,,,,,42680,,,37000,,51000,42 680 [37 000-51 000],,,EN,2025-12-19T00:00:00.000Z
MALARIA_EST_CASES,Estimated number of malaria cases,text,EUR,Europe,Country,GEO,Georgia,Year,2001,false,,,,,,,,,,,,,438,,,,,,438,,,EN,2025-12-19T00:00:00.000Z
MALARIA_EST_CASES,Estimated number of malaria cases,text,AFR,Africa,Country,GMB,Gambia,Year,2001,false,,,,,,,,,,,,,450685,,,333000,,584000,450 685 [333 000-584 000],,,EN,2025-12-19T00:00:00.000Z
MALARIA_EST_CASES,Estimated number of malaria cases,text,AMR,Americas,Country,GUF,French Guiana,Year,2001,false,,,,,,,,,,,,,4554,,,4000,,5400,4554 [4000-5400],,,EN,2025-12-19T00:00:00.000Z
MALARIA_EST_CASES,Estimated number of malaria cases,text,AFR,Africa,Country,GAB,Gabon,Year,2001,false,,,,,,,,,,,,,463185,,,318000,,655000,463 185 [318 000-655 000],,,EN,2025-12-19T00:00:00.000Z
MALARIA_EST_CASES,Estimated number of malaria cases,text,AMR,Americas,Country,BRA,Brazil,Year,2001,false,,,,,,,,,,,,,467114,,,406000,,533000,467 114 [406 000-533 000],,,EN,2025-12-19T00:00:00.000Z
MALARIA_EST_CASES,Estimated number of malaria cases,text,AMR,Americas,Country,MEX,Mexico,Year,2001,false,,,,,,,,,,,,,4996,,,,,,4996,,,EN,2025-12-19T00:00:00.000Z
MALARIA_EST_CASES,Estimated number of malaria cases,text,AFR,Africa,Country,MWI,Malawi,Year,2001,false,,,,,,,,,,,,,5384693,,,4278000,,6695000,5 384 693 [4 278 000-6 695 000],,,EN,2025-12-19T00:00:00.000Z
MALARIA_EST_CASES,Estimated number of malaria cases,text,AFR,Africa,Country,AGO,Angola,Year,2001,false,,,,,,,,,,,,,5540053,,,3743000,,7944000,5 540 053 [3 743 000-7 944 000],,,EN,2025-12-19T00:00:00.000Z
MALARIA_EST_CASES,Estimated number of malaria cases,text,AFR,Africa,Country,NGA,Nigeria,Year,2001,false,,,,,,,,,,,,,51229713,,,39830000,,65120000,51 229 713 [39 830 000-65 120 000],,,EN,2025-12-19T00:00:00.000Z
MALARIA_EST_CASES,Estimated number of malaria cases,text,AFR,Africa,Country,ERI,Eritrea,Year,2001,false,,,,,,,,,,,,,54461,,,19000,,107000,54 461 [19 000-107 000],,,EN,2025-12-19T00:00:00.000Z
MALARIA_EST_CASES,Estimated number of malaria cases,text,SEAR,South-East Asia,Country,NPL,Nepal,Year,2001,false,,,,,,,,,,,,,55778,,,22000,,120000,55 778 [22 000-120 000],,,EN,2025-12-19T00:00:00.000Z
MALARIA_EST_CASES,Estimated number of malaria cases,text,WPR,Western Pacific,Country,PHL,Philippines,Year,2001,false,,,,,,,,,,,,,56147,,,42000,,73000,56 147 [42 000-73 000],,,EN,2025-12-19T00:00:00.000Z
MALARIA_EST_CASES,Estimated number of malaria cases,text,SEAR,South-East Asia,Country,BTN,Bhutan,Year,2001,false,,,,,,,,,,,,,5982,,,,,,5982,,,EN,2025-12-19T00:00:00.000Z
MALARIA_EST_CASES,Estimated number of malaria cases,text,AFR,Africa,Country,DZA,Algeria,Year,2001,false,,,,,,,,,,,,,6,,,,,,6,,,EN,2025-12-19T00:00:00.000Z
MALARIA_EST_CASES,Estimated number of malaria cases,text,AFR,Africa,Country,CMR,Cameroon,Year,2001,false,,,,,,,,,,,,,6526313,,,5139000,,8159000,6 526 313 [5 139 000-8 159 000],,,EN,2025-12-19T00:00:00.000Z
MALARIA_EST_CASES,Estimated number of malaria cases,text,WPR,Western Pacific,Country,LAO,Lao People's Democratic Republic,Year,2001,false,,,,,,,,,,,,,62084,,,48000,,79000,62 084 [48 000-79 000],,,EN,2025-12-19T00:00:00.000Z
MALARIA_EST_CASES,Estimated number of malaria cases,text,EMR,Eastern Mediterranean,Country,SYR,Syrian Arab Republic,Year,2001,false,,,,,,,,,,,,,63,,,,,,63,,,EN,2025-12-19T00:00:00.000Z
MALARIA_EST_CASES,Estimated number of malaria cases,text,SEAR,South-East Asia,Country,THA,Thailand,Year,2001,false,,,,,,,,,,,,,63528,,,,,,63 528,,,EN,2025-12-19T00:00:00.000Z
MALARIA_EST_CASES,Estimated number of malaria cases,text,SEAR,South-East Asia,Country,LKA,Sri Lanka,Year,2001,false,,,,,,,,,,,,,66522,,,,,,66 522,,,EN,2025-12-19T00:00:00.000Z
MALARIA_EST_CASES,Estimated number of malaria cases,text,AFR,Africa,Country,BFA,Burkina Faso,Year,2001,false,,,,,,,,,,,,,7346774,,,5865000,,9048000,7 346 774 [5 865 000-9 048 000],,,EN,2025-12-19T00:00:00.000Z
MALARIA_EST_CASES,Estimated number of malaria cases,text,AFR,Africa,Country,KEN,Kenya,Year,2001,false,,,,,,,,,,,,,7690612,,,6130000,,9527000,7 690 612 [6 130 000-9 527 000],,,EN,2025-12-19T00:00:00.000Z
MALARIA_EST_CASES,Estimated number of malaria cases,text,AMR,Americas,Country,HTI,Haiti,Year,2001,false,,,,,,,,,,,,,73384,,,42000,,120000,73 384 [42 000-120 000],,,EN,2025-12-19T00:00:00.000Z
MALARIA_EST_CASES,Estimated number of malaria cases,text,EUR,Europe,Country,UZB,Uzbekistan,Year,2001,false,,,,,,,,,,,,,77,,,,,,77,,,EN,2025-12-19T00:00:00.000Z
MALARIA_EST_CASES,Estimated number of malaria cases,text,AFR,Africa,Country,BWA,Botswana,Year,2001,false,,,,,,,,,,,,,7703,,,4700,,15000,7703 [4700-15 000],,,EN,2025-12-19T00:00:00.000Z
MALARIA_EST_CASES,Estimated number of malaria cases,text,EUR,Europe,Country,ARM,Armenia,Year,2001,false,,,,,,,,,,,,,79,,,,,,79,,,EN,2025-12-19T00:00:00.000Z
MALARIA_EST_CASES,Estimated number of malaria cases,text,EUR,Europe,Country,TKM,Turkmenistan,Year,2001,false,,,,,,,,,,,,,8,,,,,,8,,,EN,2025-12-19T00:00:00.000Z
MALARIA_EST_CASES,Estimated number of malaria cases,text,AFR,Africa,Country,GHA,Ghana,Year,2001,false,,,,,,,,,,,,,8292195,,,6457000,,10500000,8 292 195 [6 457 000-10 500 000],,,EN,2025-12-19T00:00:00.000Z
MALARIA_EST_CASES,Estimated number of malaria cases,text,AFR,Africa,Country,MOZ,Mozambique,Year,2001,false,,,,,,,,,,,,,9082421,,,7505000,,10880000,9 082 421 [7 505 000-10 880 000],,,EN,2025-12-19T00:00:00.000Z
MALARIA_EST_CASES,Estimated number of malaria cases,text,AFR,Africa,Country,CIV,Cote d'Ivoire,Year,2001,false,,,,,,,,,,,,,9130224,,,7291000,,11310000,9 130 224 [7 291 000-11 310 000],,,EN,2025-12-19T00:00:00.000Z
MALARIA_EST_CASES,Estimated number of malaria cases,text,AFR,Africa,Country,ETH,Ethiopia,Year,2001,false,,,,,,,,,,,,,9965187,,,3662000,,18830000,9 965 187 [3 662 000-18 830 000],,,EN,2025-12-19T00:00:00.000Z
MALARIA_EST_CASES,Estimated number of malaria cases,text,AFR,Africa,Country,ZWE,Zimbabwe,Year,2001,false,,,,,,,,,,,,,967102,,,220000,,2395000,967 102 [220 000-2 395 000],,,EN,2025-12-19T00:00:00.000Z
MALARIA_EST_CASES,Estimated number of malaria cases,text,SEAR,South-East Asia,Country,BGD,Bangladesh,Year,2001,false,,,,,,,,,,,,,97554,,,43000,,154000,97 554 [43 000-154 000],,,EN,2025-12-19T00:00:00.000Z
MALARIA_EST_CASES,Estimated number of malaria cases,text,AMR,Americas,Country,PAN,Panama,Year,2001,false,,,,,,,,,,,,,977,,,940,,1000,977 [940-1000],,,EN,2025-12-19T00:00:00.000Z
MALARIA_EST_CASES,Estimated number of malaria cases,text,EMR,Eastern Mediterranean,Country,EGY,Egypt,Year,2000,false,,,,,,,,,,,,,0,,,,,,0,,,EN,2025-12-19T00:00:00.000Z
MALARIA_EST_CASES,Estimated number of malaria cases,text,EUR,Europe,Country,KAZ,Kazakhstan,Year,2000,false,,,,,,,,,,,,,0,,,,,,0,,,EN,2025-12-19T00:00:00.000Z
MALARIA_EST_CASES,Estimated number of malaria cases,text,EMR,Eastern Mediterranean,Country,ARE,United Arab Emirates,Year,2000,false,,,,,,,,,,,,,0,,,,,,0,,,EN,2025-12-19T00:00:00.000Z
MALARIA_EST_CASES,Estimated number of malaria cases,text,EMR,Eastern Mediterranean,Country,YEM,Yemen,Year,2000,false,,,,,,,,,,,,,1052131,,,449000,,4562000,1 052 131 [449 000-4 562 000],,,EN,2025-12-19T00:00:00.000Z
MALARIA_EST_CASES,Estimated number of malaria cases,text,AFR,Africa,Country,COG,Congo,Year,2000,false,,,,,,,,,,,,,1101712,,,781000,,1515000,1 101 712 [781 000-1 515 000],,,EN,2025-12-19T00:00:00.000Z
MALARIA_EST_CASES,Estimated number of malaria cases,text,WPR,Western Pacific,Country,IDN,Indonesia,Year,2000,false,,,,,,,,,,,,,1141729,,,945000,,1401000,1 141 729 [945 000-1 401 000],,,EN,2025-12-19T00:00:00.000Z
MALARIA_EST_CASES,Estimated number of malaria cases,text,AFR,Africa,Country,LBR,Liberia,Year,2000,false,,,,,,,,,,,,,1162684,,,735000,,1757000,1 162 684 [735 000-1 757 000],,,EN,2025-12-19T00:00:00.000Z
MALARIA_EST_CASES,Estimated number of malaria cases,text,EMR,Eastern Mediterranean,Country,SOM,Somalia,Year,2000,false,,,,,,,,,,,,,1176864,,,686000,,1929000,1 176 864 [686 000-1 929 000],,,EN,2025-12-19T00:00:00.000Z
MALARIA_EST_CASES,Estimated number of malaria cases,text,EMR,Eastern Mediterranean,Country,AFG,Afghanistan,Year,2000,false,,,,,,,,,,,,,1312939,,,843000,,2022000,1 312 939 [843 000-2 022 000],,,EN,2025-12-19T00:00:00.000Z
MALARIA_EST_CASES,Estimated number of malaria cases,text,SEAR,South-East Asia,Country,MMR,Myanmar,Year,2000,false,,,,,,,,,,,,,1357510,,,944000,,2003000,1 357 510 [944 000-2 003 000],,,EN,2025-12-19T00:00:00.000Z
MALARIA_EST_CASES,Estimated number of malaria cases,text,WPR,Western Pacific,Country,PNG,Papua New Guinea,Year,2000,false,,,,,,,,,,,,,1462249,,,458000,,2645000,1 462 249 [458 000-2 645 000],,,EN,2025-12-19T00:00:00.000Z
MALARIA_EST_CASES,Estimated number of malaria cases,text,AFR,Africa,Country,RWA,Rwanda,Year,2000,false,,,,,,,,,,,,,1482057,,,614000,,3070000,1 482 057 [614 000-3 070 000],,,EN,2025-12-19T00:00:00.000Z
MALARIA_EST_CASES,Estimated number of malaria cases,text,AFR,Africa,Country,CAF,Central African Republic,Year,2000,false,,,,,,,,,,,,,1679496,,,1044000,,2568000,1 679 496 [1 044 000-2 568 000],,,EN,2025-12-19T00:00:00.000Z
MALARIA_EST_CASES,Estimated number of malaria cases,text,AFR,Africa,Country,SLE,Sierra Leone,Year,2000,false,,,,,,,,,,,,,1878165,,,1260000,,2768000,1 878 165 [1 260 000-2 768 000],,,EN,2025-12-19T00:00:00.000Z
MALARIA_EST_CASES,Estimated number of malaria cases,text,AMR,Americas,Country,ECU,Ecuador,Year,2000,false,,,,,,,,,,,,,104528,,,,,,104 528,,,EN,2025-12-19T00:00:00.000Z
MALARIA_EST_CASES,Estimated number of malaria cases,text,AMR,Americas,Country,PAN,Panama,Year,2000,false,,,,,,,,,,,,,1091,,,1000,,1200,1091 [1000-1200],,,EN,2025-12-19T00:00:00.000Z
MALARIA_EST_CASES,Estimated number of malaria cases,text,AMR,Americas,Country,SUR,Suriname,Year,2000,false,,,,,,,,,,,,,11361,,,,,,11 361,,,EN,2025-12-19T00:00:00.000Z
MALARIA_EST_CASES,Estimated number of malaria cases,text,EUR,Europe,Country,TUR,Türkiye,Year,2000,false,,,,,,,,,,,,,11432,,,,,,11 432,,,EN,2025-12-19T00:00:00.000Z
MALARIA_EST_CASES,Estimated number of malaria cases,text,AFR,Africa,Country,TZA,United Republic of Tanzania,Year,2000,false,,,,,,,,,,,,,11463669,,,8797000,,14670000,11 463 669 [8 797 000-14 670 000],,,EN,2025-12-19T00:00:00.000Z
MALARIA_EST_CASES,Estimated number of malaria cases,text,AFR,Africa,Country,UGA,Uganda,Year,2000,false,,,,,,,,,,,,,11586580,,,9243000,,14390000,11 586 580 [9 243 000-14 390 000],,,EN,2025-12-19T00:00:00.000Z
MALARIA_EST_CASES,Estimated number of malaria cases,text,SEAR,South-East Asia,Country,TLS,Timor-Leste,Year,2000,false,,,,,,,,,,,,,110986,,,48000,,251000,110 986 [48 000-251 000],,,EN,2025-12-19T00:00:00.000Z
MALARIA_EST_CASES,Estimated number of malaria cases,text,WPR,Western Pacific,Country,MYS,Malaysia,Year,2000,false,,,,,,,,,,,,,12705,,,,,,12 705,,,EN,2025-12-19T00:00:00.000Z
MALARIA_EST_CASES,Estimated number of malaria cases,text,EUR,Europe,Country,UZB,Uzbekistan,Year,2000,false,,,,,,,,,,,,,126,,,,,,126,,,EN,2025-12-19T00:00:00.000Z
MALARIA_EST_CASES,Estimated number of malaria cases,text,AMR,Americas,Country,PER,Peru,Year,2000,false,,,,,,,,,,,,,137781,,,95000,,198000,137 781 [95 000-198 000],,,EN,2025-12-19T00:00:00.000Z
MALARIA_EST_CASES,Estimated number of malaria cases,text,EUR,Europe,Country,ARM,Armenia,Year,2000,false,,,,,,,,,,,,,141,,,,,,141,,,EN,2025-12-19T00:00:00.000Z
MALARIA_EST_CASES,Estimated number of malaria cases,text,AFR,Africa,Country,CPV,Cabo Verde,Year,2000,false,,,,,,,,,,,,,144,,,,,,144,,,EN,2025-12-19T00:00:00.000Z
MALARIA_EST_CASES,Estimated number of malaria cases,text,AMR,Americas,Country,BLZ,Belize,Year,2000,false,,,,,,,,,,,,,1486,,,,,,1486,,,EN,2025-12-19T00:00:00.000Z
MALARIA_EST_CASES,Estimated number of malaria cases,text,AMR,Americas,Country,DOM,Dominican Republic,Year,2000,false,,,,,,,,,,,,,1524,,,1300,,1800,1524 [1300-1800],,,EN,2025-12-19T00:00:00.000Z
MALARIA_EST_CASES,Estimated number of malaria cases,text,EUR,Europe,Country,AZE,Azerbaijan,Year,2000,false,,,,,,,,,,,,,1526,,,,,,1526,,,EN,2025-12-19T00:00:00.000Z
MALARIA_EST_CASES,Estimated number of malaria cases,text,EMR,Eastern Mediterranean,Country,DJI,Djibouti,Year,2000,false,,,,,,,,,,,,,1722,,,,,,1722,,,EN,2025-12-19T00:00:00.000Z
MALARIA_EST_CASES,Estimated number of malaria cases,text,AFR,Africa,Country,ZAF,South Africa,Year,2000,false,,,,,,,,,,,,,18202,,,,,,18 202,,,EN,2025-12-19T00:00:00.000Z
MALARIA_EST_CASES,Estimated number of malaria cases,text,EMR,Eastern Mediterranean,Country,IRQ,Iraq,Year,2000,false,,,,,,,,,,,,,1860,,,,,,1860,,,EN,2025-12-19T00:00:00.000Z
MALARIA_EST_CASES,Estimated number of malaria cases,text,AMR,Americas,Country,CRI,Costa Rica,Year,2000,false,,,,,,,,,,,,,1879,,,,,,1879,,,EN,2025-12-19T00:00:00.000Z
MALARIA_EST_CASES,Estimated number of malaria cases,text,EUR,Europe,Country,TJK,Tajikistan,Year,2000,false,,,,,,,,,,,,,19064,,,,,,19 064,,,EN,2025-12-19T00:00:00.000Z
MALARIA_EST_CASES,Estimated number of malaria cases,text,AFR,Africa,Country,BWA,Botswana,Year,2000,false,,,,,,,,,,,,,19156,,,13000,,34000,19 156 [13 000-34 000],,,EN,2025-12-19T00:00:00.000Z
MALARIA_EST_CASES,Estimated number of malaria cases,text,EMR,Eastern Mediterranean,Country,IRN,Iran (Islamic Republic of),Year,2000,false,,,,,,,,,,,,,19716,,,,,,19 716,,,EN,2025-12-19T00:00:00.000Z
MALARIA_EST_CASES,Estimated number of malaria cases,text,AFR,Africa,Country,SSD,South Sudan,Year,2000,false,,,,,,,,,,,,,2078646,,,1490000,,2815000,2 078 646 [1 490 000-2 815 000],,,EN,2025-12-19T00:00:00.000Z
MALARIA_EST_CASES,Estimated number of malaria cases,text,AFR,Africa,Country,TGO,Togo,Year,2000,false,,,,,,,,,,,,,2287916,,,1681000,,3029000,2 287 916 [1 681 000-3 029 000],,,EN,2025-12-19T00:00:00.000Z
MALARIA_EST_CASES,Estimated number of malaria cases,text,AFR,Africa,Country,TCD,Chad,Year,2000,false,,,,,,,,,,,,,2291022,,,1344000,,3670000,2 291 022 [1 344 000-3 670 000],,,EN,2025-12-19T00:00:00.000Z
MALARIA_EST_CASES,Estimated number of malaria cases,text,AFR,Africa,Country,SEN,Senegal,Year,2000,false,,,,,,,,,,,,,2296360,,,1559000,,3263000,2 296 360 [1 559 000-3 263 000],,,EN,2025-12-19T00:00:00.000Z
MALARIA_EST_CASES,Estimated number of malaria cases,text,EMR,Eastern Mediterranean,Country,SDN,Sudan,Year,2000,false,,,,,,,,,,,,,2495740,,,1801000,,3372000,2 495 740 [1 801 000-3 372 000],,,EN,2025-12-19T00:00:00.000Z
MALARIA_EST_CASES,Estimated number of malaria cases,text,AFR,Africa,Country,BDI,Burundi,Year,2000,false,,,,,,,,,,,,,2765887,,,1956000,,3747000,2 765 887 [1 956 000-3 747 000],,,EN,2025-12-19T00:00:00.000Z
MALARIA_EST_CASES,Estimated number of malaria cases,text,WPR,Western Pacific,Country,VNM,Viet Nam,Year,2000,false,,,,,,,,,,,,,201414,,,158000,,268000,201 414 [158 000-268 000],,,EN,2025-12-19T00:00:00.000Z
MALARIA_EST_CASES,Estimated number of malaria cases,text,SEAR,South-East Asia,Country,IND,India,Year,2000,false,,,,,,,,,,,,,21553147,,,16930000,,27690000,21 553 147 [16 930 000-27 690 000],,,EN,2025-12-19T00:00:00.000Z
MALARIA_EST_CASES,Estimated number of malaria cases,text,SEAR,South-East Asia,Country,LKA,Sri Lanka,Year,2000,false,,,,,,,,,,,,,210039,,,,,,210 039,,,EN,2025-12-19T00:00:00.000Z
MALARIA_EST_CASES,Estimated number of malaria cases,text,AMR,Americas,Country,COL,Colombia,Year,2000,false,,,,,,,,,,,,,210720,,,154000,,270000,210 720 [154 000-270 000],,,EN,2025-12-19T00:00:00.000Z
MALARIA_EST_CASES,Estimated number of malaria cases,text,AFR,Africa,Country,COD,Democratic Republic of the Congo,Year,2000,false,,,,,,,,,,,,,23144741,,,18610000,,28420000,23 144 741 [18 610 000-28 420 000],,,EN,2025-12-19T00:00:00.000Z
MALARIA_EST_CASES,Estimated number of malaria cases,text,WPR,Western Pacific,Country,VUT,Vanuatu,Year,2000,false,,,,,,,,,,,,,23167,,,13000,,38000,23 167 [13 000-38 000],,,EN,2025-12-19T00:00:00.000Z
MALARIA_EST_CASES,Estimated number of malaria cases,text,AFR,Africa,Country,GNQ,Equatorial Guinea,Year,2000,false,,,,,,,,,,,,,235107,,,159000,,342000,235 107 [159 000-342 000],,,EN,2025-12-19T00:00:00.000Z
MALARIA_EST_CASES,Estimated number of malaria cases,text,EUR,Europe,Country,TKM,Turkmenistan,Year,2000,false,,,,,,,,,,,,,24,,,,,,24,,,EN,2025-12-19T00:00:00.000Z
MALARIA_EST_CASES,Estimated number of malaria cases,text,EUR,Europe,Country,GEO,Georgia,Year,2000,false,,,,,,,,,,,,,245,,,,,,245,,,EN,2025-12-19T00:00:00.000Z
MALARIA_EST_CASES,Estimated number of malaria cases,text,AFR,Africa,Country,MRT,Mauritania,Year,2000,false,,,,,,,,,,,,,251920,,,127000,,449000,251 920 [127 000-449 000],,,EN,2025-12-19T00:00:00.000Z
MALARIA_EST_CASES,Estimated number of malaria cases,text,WPR,Western Pacific,Country,SLB,Solomon Islands,Year,2000,false,,,,,,,,,,,,,254582,,,133000,,417000,254 582 [133 000-417 000],,,EN,2025-12-19T00:00:00.000Z
MALARIA_EST_CASES,Estimated number of malaria cases,text,AMR,Americas,Country,NIC,Nicaragua,Year,2000,false,,,,,,,,,,,,,29953,,,25000,,35000,29 953 [25 000-35 000],,,EN,2025-12-19T00:00:00.000Z
MALARIA_EST_CASES,Estimated number of malaria cases,text,EMR,Eastern Mediterranean,Country,MAR,Morocco,Year,2000,false,,,,,,,,,,,,,3,,,,,,3,,,EN,2025-12-19T00:00:00.000Z
MALARIA_EST_CASES,Estimated number of malaria cases,text,AFR,Africa,Country,BEN,Benin,Year,2000,false,,,,,,,,,,,,,3004220,,,2249000,,3903000,3 004 220 [2 249 000-3 903 000],,,EN,2025-12-19T00:00:00.000Z
MALARIA_EST_CASES,Estimated number of malaria cases,text,AFR,Africa,Country,GIN,Guinea,Year,2000,false,,,,,,,,,,,,,3504497,,,2532000,,4709000,3 504 497 [2 532 000-4 709 000],,,EN,2025-12-19T00:00:00.000Z
MALARIA_EST_CASES,Estimated number of malaria cases,text,AFR,Africa,Country,ZMB,Zambia,Year,2000,false,,,,,,,,,,,,,3609642,,,2819000,,4569000,3 609 642 [2 819 000-4 569 000],,,EN,2025-12-19T00:00:00.000Z
MALARIA_EST_CASES,Estimated number of malaria cases,text,AFR,Africa,Country,STP,Sao Tome and Principe,Year,2000,false,,,,,,,,,,,,,31975,,,,,,31 975,,,EN,2025-12-19T00:00:00.000Z
MALARIA_EST_CASES,Estimated number of malaria cases,text,AMR,Americas,Country,GUY,Guyana,Year,2000,false,,,,,,,,,,,,,33628,,,28000,,40000,33 628 [28 000-40 000],,,EN,2025-12-19T00:00:00.000Z
MALARIA_EST_CASES,Estimated number of malaria cases,text,AFR,Africa,Country,DZA,Algeria,Year,2000,false,,,,,,,,,,,,,34,,,,,,34,,,EN,2025-12-19T00:00:00.000Z
MALARIA_EST_CASES,Estimated number of malaria cases,text,AMR,Americas,Country,VEN,Venezuela (Bolivarian Republic of),Year,2000,false,,,,,,,,,,,,,35517,,,31000,,42000,35 517 [31 000-42 000],,,EN,2025-12-19T00:00:00.000Z
MALARIA_EST_CASES,Estimated number of malaria cases,text,AFR,Africa,Country,COM,Comoros,Year,2000,false,,,,,,,,,,,,,35580,,,,,,35 580,,,EN,2025-12-19T00:00:00.000Z
MALARIA_EST_CASES,Estimated number of malaria cases,text,AFR,Africa,Country,NER,Niger,Year,2000,false,,,,,,,,,,,,,4134706,,,2317000,,6854000,4 134 706 [2 317 000-6 854 000],,,EN,2025-12-19T00:00:00.000Z
MALARIA_EST_CASES,Estimated number of malaria cases,text,AFR,Africa,Country,MLI,Mali,Year,2000,false,,,,,,,,,,,,,4565653,,,3100000,,6579000,4 565 653 [3 100 000-6 579 000],,,EN,2025-12-19T00:00:00.000Z
MALARIA_EST_CASES,Estimated number of malaria cases,text,WPR,Western Pacific,Country,KOR,Republic of Korea,Year,2000,false,,,,,,,,,,,,,4183,,,,,,4183,,,EN,2025-12-19T00:00:00.000Z
MALARIA_EST_CASES,Estimated number of malaria cases,text,AFR,Africa,Country,ERI,Eritrea,Year,2000,false,,,,,,,,,,,,,42691,,,14000,,88000,42 691 [14 000-88 000],,,EN,2025-12-19T00:00:00.000Z
MALARIA_EST_CASES,Estimated number of malaria cases,text,AMR,Americas,Country,ARG,Argentina,Year,2000,false,,,,,,,,,,,,,440,,,,,,440,,,EN,2025-12-19T00:00:00.000Z
MALARIA_EST_CASES,Estimated number of malaria cases,text,AMR,Americas,Country,GUF,French Guiana,Year,2000,false,,,,,,,,,,,,,4428,,,3900,,5300,4428 [3900-5300],,,EN,2025-12-19T00:00:00.000Z
MALARIA_EST_CASES,Estimated number of malaria cases,text,AMR,Americas,Country,BOL,Bolivia (Plurinational State of),Year,2000,false,,,,,,,,,,,,,45647,,,33000,,58000,45 647 [33 000-58 000],,,EN,2025-12-19T00:00:00.000Z
MALARIA_EST_CASES,Estimated number of malaria cases,text,AFR,Africa,Country,GMB,Gambia,Year,2000,false,,,,,,,,,,,,,450671,,,333000,,587000,450 671 [333 000-587 000],,,EN,2025-12-19T00:00:00.000Z
MALARIA_EST_CASES,Estimated number of malaria cases,text,AFR,Africa,Country,GAB,Gabon,Year,2000,false,,,,,,,,,,,,,465149,,,327000,,650000,465 149 [327 000-650 000],,,EN,2025-12-19T00:00:00.000Z
MALARIA_EST_CASES,Estimated number of malaria cases,text,SEAR,South-East Asia,Country,NPL,Nepal,Year,2000,false,,,,,,,,,,,,,47986,,,27000,,78000,47 986 [27 000-78 000],,,EN,2025-12-19T00:00:00.000Z
MALARIA_EST_CASES,Estimated number of malaria cases,text,AFR,Africa,Country,GNB,Guinea-Bissau,Year,2000,false,,,,,,,,,,,,,489529,,,309000,,741000,489 529 [309 000-741 000],,,EN,2025-12-19T00:00:00.000Z
MALARIA_EST_CASES,Estimated number of malaria cases,text,AFR,Africa,Country,MWI,Malawi,Year,2000,false,,,,,,,,,,,,,5121027,,,3911000,,6612000,5 121 027 [3 911 000-6 612 000],,,EN,2025-12-19T00:00:00.000Z
MALARIA_EST_CASES,Estimated number of malaria cases,text,AFR,Africa,Country,AGO,Angola,Year,2000,false,,,,,,,,,,,,,5288263,,,3631000,,7403000,5 288 263 [3 631 000-7 403 000],,,EN,2025-12-19T00:00:00.000Z
MALARIA_EST_CASES,Estimated number of malaria cases,text,AFR,Africa,Country,CMR,Cameroon,Year,2000,false,,,,,,,,,,,,,5888216,,,4534000,,7469000,5 888 216 [4 534 000-7 469 000],,,EN,2025-12-19T00:00:00.000Z
MALARIA_EST_CASES,Estimated number of malaria cases,text,AFR,Africa,Country,NGA,Nigeria,Year,2000,false,,,,,,,,,,,,,50779020,,,39480000,,64300000,50 779 020 [39 480 000-64 300 000],,,EN,2025-12-19T00:00:00.000Z
MALARIA_EST_CASES,Estimated number of malaria cases,text,AMR,Americas,Country,HND,Honduras,Year,2000,false,,,,,,,,,,,,,51498,,,37000,,66000,51 498 [37 000-66 000],,,EN,2025-12-19T00:00:00.000Z
MALARIA_EST_CASES,Estimated number of malaria cases,text,SEAR,South-East Asia,Country,BTN,Bhutan,Year,2000,false,,,,,,,,,,,,,5935,,,,,,5935,,,EN,2025-12-19T00:00:00.000Z
MALARIA_EST_CASES,Estimated number of malaria cases,text,EMR,Eastern Mediterranean,Country,OMN,Oman,Year,2000,false,,,,,,,,,,,,,6,,,,,,6,,,EN,2025-12-19T00:00:00.000Z
MALARIA_EST_CASES,Estimated number of malaria cases,text,EMR,Eastern Mediterranean,Country,SYR,Syrian Arab Republic,Year,2000,false,,,,,,,,,,,,,6,,,,,,6,,,EN,2025-12-19T00:00:00.000Z
MALARIA_EST_CASES,Estimated number of malaria cases,text,AFR,Africa,Country,KEN,Kenya,Year,2000,false,,,,,,,,,,,,,6749325,,,5237000,,8566000,6 749 325 [5 237 000-8 566 000],,,EN,2025-12-19T00:00:00.000Z
MALARIA_EST_CASES,Estimated number of malaria cases,text,AMR,Americas,Country,GTM,Guatemala,Year,2000,false,,,,,,,,,,,,,63676,,,56000,,76000,63 676 [56 000-76 000],,,EN,2025-12-19T00:00:00.000Z
MALARIA_EST_CASES,Estimated number of malaria cases,text,EMR,Eastern Mediterranean,Country,SAU,Saudi Arabia,Year,2000,false,,,,,,,,,,,,,6608,,,,,,6608,,,EN,2025-12-19T00:00:00.000Z
MALARIA_EST_CASES,Estimated number of malaria cases,text,WPR,Western Pacific,Country,KHM,Cambodia,Year,2000,false,,,,,,,,,,,,,669109,,,415000,,979000,669 109 [415 000-979 000],,,EN,2025-12-19T00:00:00.000Z
MALARIA_EST_CASES,Estimated number of malaria cases,text,AMR,Americas,Country,PRY,Paraguay,Year,2000,false,,,,,,,,,,,,,6853,,,,,,6853,,,EN,2025-12-19T00:00:00.000Z
MALARIA_EST_CASES,Estimated number of malaria cases,text,EUR,Europe,Country,KGZ,Kyrgyzstan,Year,2000,false,,,,,,,,,,,,,7,,,,,,7,,,EN,2025-12-19T00:00:00.000Z
MALARIA_EST_CASES,Estimated number of malaria cases,text,AFR,Africa,Country,BFA,Burkina Faso,Year,2000,false,,,,,,,,,,,,,7121621,,,5672000,,8835000,7 121 621 [5 672 000-8 835 000],,,EN,2025-12-19T00:00:00.000Z
MALARIA_EST_CASES,Estimated number of malaria cases,text,AMR,Americas,Country,HTI,Haiti,Year,2000,false,,,,,,,,,,,,,72058,,,42000,,116000,72 058 [42 000-116 000],,,EN,2025-12-19T00:00:00.000Z
MALARIA_EST_CASES,Estimated number of malaria cases,text,AMR,Americas,Country,MEX,Mexico,Year,2000,false,,,,,,,,,,,,,7391,,,,,,7391,,,EN,2025-12-19T00:00:00.000Z
MALARIA_EST_CASES,Estimated number of malaria cases,text,AMR,Americas,Country,SLV,El Salvador,Year,2000,false,,,,,,,,,,,,,753,,,,,,753,,,EN,2025-12-19T00:00:00.000Z
MALARIA_EST_CASES,Estimated number of malaria cases,text,AMR,Americas,Country,BRA,Brazil,Year,2000,false,,,,,,,,,,,,,760760,,,643000,,887000,760 760 [643 000-887 000],,,EN,2025-12-19T00:00:00.000Z
MALARIA_EST_CASES,Estimated number of malaria cases,text,AFR,Africa,Country,NAM,Namibia,Year,2000,false,,,,,,,,,,,,,77331,,,31000,,155000,77 331 [31 000-155 000],,,EN,2025-12-19T00:00:00.000Z
MALARIA_EST_CASES,Estimated number of malaria cases,text,SEAR,South-East Asia,Country,THA,Thailand,Year,2000,false,,,,,,,,,,,,,78561,,,,,,78 561,,,EN,2025-12-19T00:00:00.000Z
MALARIA_EST_CASES,Estimated number of malaria cases,text,AFR,Africa,Country,SWZ,Eswatini,Year,2000,false,,,,,,,,,,,,,788,,,,,,788,,,EN,2025-12-19T00:00:00.000Z
MALARIA_EST_CASES,Estimated number of malaria cases,text,WPR,Western Pacific,Country,PHL,Philippines,Year,2000,false,,,,,,,,,,,,,79974,,,60000,,103000,79 974 [60 000-103 000],,,EN,2025-12-19T00:00:00.000Z
MALARIA_EST_CASES,Estimated number of malaria cases,text,AFR,Africa,Country,GHA,Ghana,Year,2000,false,,,,,,,,,,,,,8450966,,,6428000,,10940000,8 450 966 [6 428 000-10 940 000],,,EN,2025-12-19T00:00:00.000Z
MALARIA_EST_CASES,Estimated number of malaria cases,text,AFR,Africa,Country,MOZ,Mozambique,Year,2000,false,,,,,,,,,,,,,8587436,,,7022000,,10420000,8 587 436 [7 022 000-10 420 000],,,EN,2025-12-19T00:00:00.000Z
MALARIA_EST_CASES,Estimated number of malaria cases,text,AFR,Africa,Country,ETH,Ethiopia,Year,2000,false,,,,,,,,,,,,,8672176,,,5659000,,12950000,8 672 176 [5 659 000-12 950 000],,,EN,2025-12-19T00:00:00.000Z
MALARIA_EST_CASES,Estimated number of malaria cases,text,AFR,Africa,Country,CIV,Cote d'Ivoire,Year,2000,false,,,,,,,,,,,,,8681661,,,6874000,,10800000,8 681 661 [6 874 000-10 800 000],,,EN,2025-12-19T00:00:00.000Z
MALARIA_EST_CASES,Estimated number of malaria cases,text,WPR,Western Pacific,Country,CHN,China,Year,2000,false,,,,,,,,,,,,,8025,,,,,,8025,,,EN,2025-12-19T00:00:00.000Z
MALARIA_EST_CASES,Estimated number of malaria cases,text,WPR,Western Pacific,Country,LAO,Lao People's Democratic Republic,Year,2000,false,,,,,,,,,,,,,89755,,,71000,,111000,89 755 [71 000-111 000],,,EN,2025-12-19T00:00:00.000Z
MALARIA_EST_CASES,Estimated number of malaria cases,text,SEAR,South-East Asia,Country,PRK,Democratic People's Republic of Korea,Year,2000,false,,,,,,,,,,,,,90582,,,,,,90 582,,,EN,2025-12-19T00:00:00.000Z
MALARIA_EST_CASES,Estimated number of malaria cases,text,AFR,Africa,Country,MDG,Madagascar,Year,2000,false,,,,,,,,,,,,,905987,,,94000,,2049000,905 987 [94 000-2 049 000],,,EN,2025-12-19T00:00:00.000Z
MALARIA_EST_CASES,Estimated number of malaria cases,text,EMR,Eastern Mediterranean,Country,PAK,Pakistan,Year,2000,false,,,,,,,,,,,,,926494,,,362000,,2214000,926 494 [362 000-2 214 000],,,EN,2025-12-19T00:00:00.000Z
MALARIA_EST_CASES,Estimated number of malaria cases,text,SEAR,South-East Asia,Country,BGD,Bangladesh,Year,2000,false,,,,,,,,,,,,,95942,,,42000,,153000,95 942 [42 000-153 000],,,EN,2025-12-19T00:00:00.000Z
MALARIA_EST_CASES,Estimated number of malaria cases,text,AFR,Africa,Country,ZWE,Zimbabwe,Year,2000,false,,,,,,,,,,,,,960651,,,234000,,2387000,960 651 [234 000-2 387 000],,,EN,2025-12-19T00:00:00.000Z
