IndicatorCode,Indicator,ValueType,ParentLocationCode,ParentLocation,Location type,SpatialDimValueCode,Location,Period type,Period,IsLatestYear,Dim1 type,Dim1,Dim1ValueCode,Dim2 type,Dim2,Dim2ValueCode,Dim3 type,Dim3,Dim3ValueCode,DataSourceDimValueCode,DataSource,FactValueNumericPrefix,FactValueNumeric,FactValueUoM,FactValueNumericLowPrefix,FactValueNumericLow,FactValueNumericHighPrefix,FactValueNumericHigh,Value,FactValueTranslationID,FactComments,Language,DateModified
MALARIA_EST_DEATHS,Estimated number of malaria deaths,text,AFR,Africa,Country,DZA,Algeria,Year,2024,true,,,,,,,,,,,,,0,,,,,,0,,,EN,2025-12-19T00:00:00.000Z
MALARIA_EST_DEATHS,Estimated number of malaria deaths,text,AMR,Americas,Country,ARG,Argentina,Year,2024,true,,,,,,,,,,,,,0,,,,,,0,,,EN,2025-12-19T00:00:00.000Z
MALARIA_EST_DEATHS,Estimated number of malaria deaths,text,EUR,Europe,Country,ARM,Armenia,Year,2024,true,,,,,,,,,,,,,0,,,,,,0,,,EN,2025-12-19T00:00:00.000Z
MALARIA_EST_DEATHS,Estimated number of malaria deaths,text,EUR,Europe,Country,AZE,Azerbaijan,Year,2024,true,,,,,,,,,,,,,0,,,,,,0,,,EN,2025-12-19T00:00:00.000Z
MALARIA_EST_DEATHS,Estimated number of malaria deaths,text,AMR,Americas,Country,BLZ,Belize,Year,2024,true,,,,,,,,,,,,,0,,,,,,0,,,EN,2025-12-19T00:00:00.000Z
MALARIA_EST_DEATHS,Estimated number of malaria deaths,text,SEAR,South-East Asia,Country,BTN,Bhutan,Year,2024,true,,,,,,,,,,,,,0,,,,,,0,,,EN,2025-12-19T00:00:00.000Z
MALARIA_EST_DEATHS,Estimated number of malaria deaths,text,WPR,Western Pacific,Country,KHM,Cambodia,Year,2024,true,,,,,,,,,,,,,0,,,,,,0,,,EN,2025-12-19T00:00:00.000Z
MALARIA_EST_DEATHS,Estimated number of malaria deaths,text,WPR,Western Pacific,Country,CHN,China,Year,2024,true,,,,,,,,,,,,,0,,,,,,0,,,EN,2025-12-19T00:00:00.000Z
MALARIA_EST_DEATHS,Estimated number of malaria deaths,text,AMR,Americas,Country,CRI,Costa Rica,Year,2024,true,,,,,,,,,,,,,0,,,,,,0,,,EN,2025-12-19T00:00:00.000Z
MALARIA_EST_DEATHS,Estimated number of malaria deaths,text,SEAR,South-East Asia,Country,PRK,Democratic People's Republic of Korea,Year,2024,true,,,,,,,,,,,,,0,,,,,,0,,,EN,2025-12-19T00:00:00.000Z
MALARIA_EST_DEATHS,Estimated number of malaria deaths,text,AMR,Americas,Country,DOM,Dominican Republic,Year,2024,true,,,,,,,,,,,,,0,,,,,,0,,,EN,2025-12-19T00:00:00.000Z
MALARIA_EST_DEATHS,Estimated number of malaria deaths,text,AMR,Americas,Country,ECU,Ecuador,Year,2024,true,,,,,,,,,,,,,0,,,,,,0,,,EN,2025-12-19T00:00:00.000Z
MALARIA_EST_DEATHS,Estimated number of malaria deaths,text,EMR,Eastern Mediterranean,Country,EGY,Egypt,Year,2024,true,,,,,,,,,,,,,0,,,,,,0,,,EN,2025-12-19T00:00:00.000Z
MALARIA_EST_DEATHS,Estimated number of malaria deaths,text,AMR,Americas,Country,SLV,El Salvador,Year,2024,true,,,,,,,,,,,,,0,,,,,,0,,,EN,2025-12-19T00:00:00.000Z
MALARIA_EST_DEATHS,Estimated number of malaria deaths,text,AFR,Africa,Country,SWZ,Eswatini,Year,2024,true,,,,,,,,,,,,,0,,,,,,0,,,EN,2025-12-19T00:00:00.000Z
MALARIA_EST_DEATHS,Estimated number of malaria deaths,text,AMR,Americas,Country,GUF,French Guiana,Year,2024,true,,,,,,,,,,,,,0,,,,,,0,,,EN,2025-12-19T00:00:00.000Z
MALARIA_EST_DEATHS,Estimated number of malaria deaths,text,EUR,Europe,Country,GEO,Georgia,Year,2024,true,,,,,,,,,,,,,0,,,,,,0,,,EN,2025-12-19T00:00:00.000Z
MALARIA_EST_DEATHS,Estimated number of malaria deaths,text,AMR,Americas,Country,GTM,Guatemala,Year,2024,true,,,,,,,,,,,,,0,,,,,,0,,,EN,2025-12-19T00:00:00.000Z
MALARIA_EST_DEATHS,Estimated number of malaria deaths,text,AMR,Americas,Country,HND,Honduras,Year,2024,true,,,,,,,,,,,,,0,,,,,,0,,,EN,2025-12-19T00:00:00.000Z
MALARIA_EST_DEATHS,Estimated number of malaria deaths,text,EMR,Eastern Mediterranean,Country,IRN,Iran (Islamic Republic of),Year,2024,true,,,,,,,,,,,,,0,,,,,,0,,,EN,2025-12-19T00:00:00.000Z
MALARIA_EST_DEATHS,Estimated number of malaria deaths,text,EMR,Eastern Mediterranean,Country,IRQ,Iraq,Year,2024,true,,,,,,,,,,,,,0,,,,,,0,,,EN,2025-12-19T00:00:00.000Z
MALARIA_EST_DEATHS,Estimated number of malaria deaths,text,EUR,Europe,Country,KAZ,Kazakhstan,Year,2024,true,,,,,,,,,,,,,0,,,,,,0,,,EN,2025-12-19T00:00:00.000Z
MALARIA_EST_DEATHS,Estimated number of malaria deaths,text,EUR,Europe,Country,KGZ,Kyrgyzstan,Year,2024,true,,,,,,,,,,,,,0,,,,,,0,,,EN,2025-12-19T00:00:00.000Z
MALARIA_EST_DEATHS,Estimated number of malaria deaths,text,WPR,Western Pacific,Country,LAO,Lao People's Democratic Republic,Year,2024,true,,,,,,,,,,,,,0,,,,,,0,,,EN,2025-12-19T00:00:00.000Z
MALARIA_EST_DEATHS,Estimated number of malaria deaths,text,WPR,Western Pacific,Country,MYS,Malaysia,Year,2024,true,,,,,,,,,,,,,0,,,,,,0,,,EN,2025-12-19T00:00:00.000Z
MALARIA_EST_DEATHS,Estimated number of malaria deaths,text,EMR,Eastern Mediterranean,Country,MAR,Morocco,Year,2024,true,,,,,,,,,,,,,0,,,,,,0,,,EN,2025-12-19T00:00:00.000Z
MALARIA_EST_DEATHS,Estimated number of malaria deaths,text,AMR,Americas,Country,NIC,Nicaragua,Year,2024,true,,,,,,,,,,,,,0,,,,,,0,,,EN,2025-12-19T00:00:00.000Z
MALARIA_EST_DEATHS,Estimated number of malaria deaths,text,EMR,Eastern Mediterranean,Country,OMN,Oman,Year,2024,true,,,,,,,,,,,,,0,,,,,,0,,,EN,2025-12-19T00:00:00.000Z
MALARIA_EST_DEATHS,Estimated number of malaria deaths,text,AMR,Americas,Country,PAN,Panama,Year,2024,true,,,,,,,,,,,,,0,,,,,,0,,,EN,2025-12-19T00:00:00.000Z
MALARIA_EST_DEATHS,Estimated number of malaria deaths,text,AMR,Americas,Country,PRY,Paraguay,Year,2024,true,,,,,,,,,,,,,0,,,,,,0,,,EN,2025-12-19T00:00:00.000Z
MALARIA_EST_DEATHS,Estimated number of malaria deaths,text,WPR,Western Pacific,Country,KOR,Republic of Korea,Year,2024,true,,,,,,,,,,,,,0,,,,,,0,,,EN,2025-12-19T00:00:00.000Z
MALARIA_EST_DEATHS,Estimated number of malaria deaths,text,EMR,Eastern Mediterranean,Country,SAU,Saudi Arabia,Year,2024,true,,,,,,,,,,,,,0,,,,,,0,,,EN,2025-12-19T00:00:00.000Z
MALARIA_EST_DEATHS,Estimated number of malaria deaths,text,SEAR,South-East Asia,Country,LKA,Sri Lanka,Year,2024,true,,,,,,,,,,,,,0,,,,,,0,,,EN,2025-12-19T00:00:00.000Z
MALARIA_EST_DEATHS,Estimated number of malaria deaths,text,AMR,Americas,Country,SUR,Suriname,Year,2024,true,,,,,,,,,,,,,0,,,,,,0,,,EN,2025-12-19T00:00:00.000Z
MALARIA_EST_DEATHS,Estimated number of malaria deaths,text,EMR,Eastern Mediterranean,Country,SYR,Syrian Arab Republic,Year,2024,true,,,,,,,,,,,,,0,,,,,,0,,,EN,2025-12-19T00:00:00.000Z
MALARIA_EST_DEATHS,Estimated number of malaria deaths,text,EUR,Europe,Country,TUR,Türkiye,Year,2024,true,,,,,,,,,,,,,0,,,,,,0,,,EN,2025-12-19T00:00:00.000Z
MALARIA_EST_DEATHS,Estimated number of malaria deaths,text,EUR,Europe,Country,TJK,Tajikistan,Year,2024,true,,,,,,,,,,,,,0,,,,,,0,,,EN,2025-12-19T00:00:00.000Z
MALARIA_EST_DEATHS,Estimated number of malaria deaths,text,SEAR,South-East Asia,Country,TLS,Timor-Leste,Year,2024,true,,,,,,,,,,,,,0,,,,,,0,,,EN,2025-12-19T00:00:00.000Z
MALARIA_EST_DEATHS,Estimated number of malaria deaths,text,EUR,Europe,Country,TKM,Turkmenistan,Year,2024,true,,,,,,,,,,,,,0,,,,,,0,,,EN,2025-12-19T00:00:00.000Z
MALARIA_EST_DEATHS,Estimated number of malaria deaths,text,EMR,Eastern Mediterranean,Country,ARE,United Arab Emirates,Year,2024,true,,,,,,,,,,,,,0,,,,,,0,,,EN,2025-12-19T00:00:00.000Z
MALARIA_EST_DEATHS,Estimated number of malaria deaths,text,EUR,Europe,Country,UZB,Uzbekistan,Year,2024,true,,,,,,,,,,,,,0,,,,,,0,,,EN,2025-12-19T00:00:00.000Z
MALARIA_EST_DEATHS,Estimated number of malaria deaths,text,WPR,Western Pacific,Country,VUT,Vanuatu,Year,2024,true,,,,,,,,,,,,,0,,,,,,0,,,EN,2025-12-19T00:00:00.000Z
MALARIA_EST_DEATHS,Estimated number of malaria deaths,text,WPR,Western Pacific,Country,VNM,Viet Nam,Year,2024,true,,,,,,,,,,,,,0,,,,,,0,,,EN,2025-12-19T00:00:00.000Z
MALARIA_EST_DEATHS,Estimated number of malaria deaths,text,AFR,Africa,Country,MYT,Mayotte,Year,2024,true,,,,,,,,,,,,,0,,,0,,0,0 [0-0],,,EN,2025-12-19T00:00:00.000Z
MALARIA_EST_DEATHS,Estimated number of malaria deaths,text,AFR,Africa,Country,BWA,Botswana,Year,2024,true,,,,,,,,,,,,,1,,,,,,1,,,EN,2025-12-19T00:00:00.000Z
MALARIA_EST_DEATHS,Estimated number of malaria deaths,text,AMR,Americas,Country,MEX,Mexico,Year,2024,true,,,,,,,,,,,,,1,,,,,,1,,,EN,2025-12-19T00:00:00.000Z
MALARIA_EST_DEATHS,Estimated number of malaria deaths,text,AFR,Africa,Country,STP,Sao Tome and Principe,Year,2024,true,,,,,,,,,,,,,1,,,,,,1,,,EN,2025-12-19T00:00:00.000Z
MALARIA_EST_DEATHS,Estimated number of malaria deaths,text,AFR,Africa,Country,ZAF,South Africa,Year,2024,true,,,,,,,,,,,,,10,,,,,,10,,,EN,2025-12-19T00:00:00.000Z
MALARIA_EST_DEATHS,Estimated number of malaria deaths,text,AFR,Africa,Country,GIN,Guinea,Year,2024,true,,,,,,,,,,,,,10245,,,8480,,12600,10 245 [8480-12 600],,,EN,2025-12-19T00:00:00.000Z
MALARIA_EST_DEATHS,Estimated number of malaria deaths,text,AFR,Africa,Country,CIV,Cote d'Ivoire,Year,2024,true,,,,,,,,,,,,,10817,,,9260,,12800,10 817 [9260-12 800],,,EN,2025-12-19T00:00:00.000Z
MALARIA_EST_DEATHS,Estimated number of malaria deaths,text,AFR,Africa,Country,GHA,Ghana,Year,2024,true,,,,,,,,,,,,,11635,,,11000,,12600,11 635 [11 000-12 600],,,EN,2025-12-19T00:00:00.000Z
MALARIA_EST_DEATHS,Estimated number of malaria deaths,text,AFR,Africa,Country,KEN,Kenya,Year,2024,true,,,,,,,,,,,,,11656,,,11300,,12100,11 656 [11 300-12 100],,,EN,2025-12-19T00:00:00.000Z
MALARIA_EST_DEATHS,Estimated number of malaria deaths,text,AFR,Africa,Country,CMR,Cameroon,Year,2024,true,,,,,,,,,,,,,11702,,,9800,,14400,11 702 [9800-14 400],,,EN,2025-12-19T00:00:00.000Z
MALARIA_EST_DEATHS,Estimated number of malaria deaths,text,WPR,Western Pacific,Country,IDN,Indonesia,Year,2024,true,,,,,,,,,,,,,1138,,,560,,1730,1138 [560-1730],,,EN,2025-12-19T00:00:00.000Z
MALARIA_EST_DEATHS,Estimated number of malaria deaths,text,AMR,Americas,Country,VEN,Venezuela (Bolivarian Republic of),Year,2024,true,,,,,,,,,,,,,115,,,60,,180,115 [60-180],,,EN,2025-12-19T00:00:00.000Z
MALARIA_EST_DEATHS,Estimated number of malaria deaths,text,AMR,Americas,Country,BOL,Bolivia (Plurinational State of),Year,2024,true,,,,,,,,,,,,,12,,,5,,20,12 [5-20],,,EN,2025-12-19T00:00:00.000Z
MALARIA_EST_DEATHS,Estimated number of malaria deaths,text,EMR,Eastern Mediterranean,Country,SDN,Sudan,Year,2024,true,,,,,,,,,,,,,12689,,,4670,,25200,12 689 [4670-25 200],,,EN,2025-12-19T00:00:00.000Z
MALARIA_EST_DEATHS,Estimated number of malaria deaths,text,AFR,Africa,Country,TCD,Chad,Year,2024,true,,,,,,,,,,,,,13862,,,10500,,19100,13 862 [10 500-19 100],,,EN,2025-12-19T00:00:00.000Z
MALARIA_EST_DEATHS,Estimated number of malaria deaths,text,AFR,Africa,Country,COM,Comoros,Year,2024,true,,,,,,,,,,,,,139,,,64,,210,139 [64-210],,,EN,2025-12-19T00:00:00.000Z
MALARIA_EST_DEATHS,Estimated number of malaria deaths,text,AFR,Africa,Country,MLI,Mali,Year,2024,true,,,,,,,,,,,,,14239,,,11200,,18400,14 239 [11 200-18 400],,,EN,2025-12-19T00:00:00.000Z
MALARIA_EST_DEATHS,Estimated number of malaria deaths,text,AFR,Africa,Country,BFA,Burkina Faso,Year,2024,true,,,,,,,,,,,,,16184,,,11300,,24100,16 184 [11 300-24 100],,,EN,2025-12-19T00:00:00.000Z
MALARIA_EST_DEATHS,Estimated number of malaria deaths,text,AFR,Africa,Country,UGA,Uganda,Year,2024,true,,,,,,,,,,,,,16204,,,14000,,19500,16 204 [14 000-19 500],,,EN,2025-12-19T00:00:00.000Z
MALARIA_EST_DEATHS,Estimated number of malaria deaths,text,AFR,Africa,Country,AGO,Angola,Year,2024,true,,,,,,,,,,,,,16385,,,11400,,25500,16 385 [11 400-25 500],,,EN,2025-12-19T00:00:00.000Z
MALARIA_EST_DEATHS,Estimated number of malaria deaths,text,AFR,Africa,Country,MOZ,Mozambique,Year,2024,true,,,,,,,,,,,,,17946,,,12500,,27400,17 946 [12 500-27 400],,,EN,2025-12-19T00:00:00.000Z
MALARIA_EST_DEATHS,Estimated number of malaria deaths,text,AFR,Africa,Country,SEN,Senegal,Year,2024,true,,,,,,,,,,,,,1742,,,770,,2960,1742 [770-2960],,,EN,2025-12-19T00:00:00.000Z
MALARIA_EST_DEATHS,Estimated number of malaria deaths,text,AFR,Africa,Country,NGA,Nigeria,Year,2024,true,,,,,,,,,,,,,184933,,,135000,,264000,184 933 [135 000-264 000],,,EN,2025-12-19T00:00:00.000Z
MALARIA_EST_DEATHS,Estimated number of malaria deaths,text,AFR,Africa,Country,CPV,Cabo Verde,Year,2024,true,,,,,,,,,,,,,2,,,,,,2,,,EN,2025-12-19T00:00:00.000Z
MALARIA_EST_DEATHS,Estimated number of malaria deaths,text,SEAR,South-East Asia,Country,NPL,Nepal,Year,2024,true,,,,,,,,,,,,,2,,,,,,2,,,EN,2025-12-19T00:00:00.000Z
MALARIA_EST_DEATHS,Estimated number of malaria deaths,text,SEAR,South-East Asia,Country,THA,Thailand,Year,2024,true,,,,,,,,,,,,,2,,,,,,2,,,EN,2025-12-19T00:00:00.000Z
MALARIA_EST_DEATHS,Estimated number of malaria deaths,text,AFR,Africa,Country,MDG,Madagascar,Year,2024,true,,,,,,,,,,,,,20903,,,8080,,38900,20 903 [8080-38 900],,,EN,2025-12-19T00:00:00.000Z
MALARIA_EST_DEATHS,Estimated number of malaria deaths,text,AFR,Africa,Country,ETH,Ethiopia,Year,2024,true,,,,,,,,,,,,,22360,,,8410,,43400,22 360 [8410-43 400],,,EN,2025-12-19T00:00:00.000Z
MALARIA_EST_DEATHS,Estimated number of malaria deaths,text,WPR,Western Pacific,Country,SLB,Solomon Islands,Year,2024,true,,,,,,,,,,,,,223,,,110,,350,223 [110-350],,,EN,2025-12-19T00:00:00.000Z
MALARIA_EST_DEATHS,Estimated number of malaria deaths,text,AFR,Africa,Country,COG,Congo,Year,2024,true,,,,,,,,,,,,,2283,,,2010,,2850,2283 [2010-2850],,,EN,2025-12-19T00:00:00.000Z
MALARIA_EST_DEATHS,Estimated number of malaria deaths,text,AMR,Americas,Country,HTI,Haiti,Year,2024,true,,,,,,,,,,,,,234,,,89,,460,234 [89-460],,,EN,2025-12-19T00:00:00.000Z
MALARIA_EST_DEATHS,Estimated number of malaria deaths,text,SEAR,South-East Asia,Country,BGD,Bangladesh,Year,2024,true,,,,,,,,,,,,,24,,,11,,38,24 [11-38],,,EN,2025-12-19T00:00:00.000Z
MALARIA_EST_DEATHS,Estimated number of malaria deaths,text,EMR,Eastern Mediterranean,Country,SOM,Somalia,Year,2024,true,,,,,,,,,,,,,2592,,,930,,5370,2592 [930-5370],,,EN,2025-12-19T00:00:00.000Z
MALARIA_EST_DEATHS,Estimated number of malaria deaths,text,AMR,Americas,Country,COL,Colombia,Year,2024,true,,,,,,,,,,,,,26,,,,,,26,,,EN,2025-12-19T00:00:00.000Z
MALARIA_EST_DEATHS,Estimated number of malaria deaths,text,AFR,Africa,Country,TZA,United Republic of Tanzania,Year,2024,true,,,,,,,,,,,,,26062,,,24500,,28000,26 062 [24 500-28 000],,,EN,2025-12-19T00:00:00.000Z
MALARIA_EST_DEATHS,Estimated number of malaria deaths,text,EMR,Eastern Mediterranean,Country,AFG,Afghanistan,Year,2024,true,,,,,,,,,,,,,270,,,120,,460,270 [120-460],,,EN,2025-12-19T00:00:00.000Z
MALARIA_EST_DEATHS,Estimated number of malaria deaths,text,AMR,Americas,Country,GUY,Guyana,Year,2024,true,,,,,,,,,,,,,29,,,15,,45,29 [15-45],,,EN,2025-12-19T00:00:00.000Z
MALARIA_EST_DEATHS,Estimated number of malaria deaths,text,EMR,Eastern Mediterranean,Country,PAK,Pakistan,Year,2024,true,,,,,,,,,,,,,3037,,,1550,,5020,3037 [1550-5020],,,EN,2025-12-19T00:00:00.000Z
MALARIA_EST_DEATHS,Estimated number of malaria deaths,text,AFR,Africa,Country,NAM,Namibia,Year,2024,true,,,,,,,,,,,,,32,,,,,,32,,,EN,2025-12-19T00:00:00.000Z
MALARIA_EST_DEATHS,Estimated number of malaria deaths,text,AMR,Americas,Country,PER,Peru,Year,2024,true,,,,,,,,,,,,,33,,,16,,51,33 [16-51],,,EN,2025-12-19T00:00:00.000Z
MALARIA_EST_DEATHS,Estimated number of malaria deaths,text,WPR,Western Pacific,Country,PNG,Papua New Guinea,Year,2024,true,,,,,,,,,,,,,3315,,,1400,,5940,3315 [1400-5940],,,EN,2025-12-19T00:00:00.000Z
MALARIA_EST_DEATHS,Estimated number of malaria deaths,text,EMR,Eastern Mediterranean,Country,YEM,Yemen,Year,2024,true,,,,,,,,,,,,,3406,,,1320,,6700,3406 [1320-6700],,,EN,2025-12-19T00:00:00.000Z
MALARIA_EST_DEATHS,Estimated number of malaria deaths,text,AFR,Africa,Country,RWA,Rwanda,Year,2024,true,,,,,,,,,,,,,3410,,,3190,,3840,3410 [3190-3840],,,EN,2025-12-19T00:00:00.000Z
MALARIA_EST_DEATHS,Estimated number of malaria deaths,text,SEAR,South-East Asia,Country,IND,India,Year,2024,true,,,,,,,,,,,,,3431,,,1620,,5750,3431 [1620-5750],,,EN,2025-12-19T00:00:00.000Z
MALARIA_EST_DEATHS,Estimated number of malaria deaths,text,AFR,Africa,Country,TGO,Togo,Year,2024,true,,,,,,,,,,,,,3486,,,2900,,4290,3486 [2900-4290],,,EN,2025-12-19T00:00:00.000Z
MALARIA_EST_DEATHS,Estimated number of malaria deaths,text,AFR,Africa,Country,NER,Niger,Year,2024,true,,,,,,,,,,,,,35478,,,28500,,44500,35 478 [28 500-44 500],,,EN,2025-12-19T00:00:00.000Z
MALARIA_EST_DEATHS,Estimated number of malaria deaths,text,AFR,Africa,Country,LBR,Liberia,Year,2024,true,,,,,,,,,,,,,3563,,,2870,,4710,3563 [2870-4710],,,EN,2025-12-19T00:00:00.000Z
MALARIA_EST_DEATHS,Estimated number of malaria deaths,text,AFR,Africa,Country,ZWE,Zimbabwe,Year,2024,true,,,,,,,,,,,,,381,,,140,,730,381 [140-730],,,EN,2025-12-19T00:00:00.000Z
MALARIA_EST_DEATHS,Estimated number of malaria deaths,text,SEAR,South-East Asia,Country,MMR,Myanmar,Year,2024,true,,,,,,,,,,,,,410,,,170,,1890,410 [170-1890],,,EN,2025-12-19T00:00:00.000Z
MALARIA_EST_DEATHS,Estimated number of malaria deaths,text,AFR,Africa,Country,GAB,Gabon,Year,2024,true,,,,,,,,,,,,,439,,,380,,550,439 [380-550],,,EN,2025-12-19T00:00:00.000Z
MALARIA_EST_DEATHS,Estimated number of malaria deaths,text,WPR,Western Pacific,Country,PHL,Philippines,Year,2024,true,,,,,,,,,,,,,49,,,21,,89,49 [21-89],,,EN,2025-12-19T00:00:00.000Z
MALARIA_EST_DEATHS,Estimated number of malaria deaths,text,AFR,Africa,Country,CAF,Central African Republic,Year,2024,true,,,,,,,,,,,,,5062,,,3920,,6580,5062 [3920-6580],,,EN,2025-12-19T00:00:00.000Z
MALARIA_EST_DEATHS,Estimated number of malaria deaths,text,AMR,Americas,Country,BRA,Brazil,Year,2024,true,,,,,,,,,,,,,54,,,,,,54,,,EN,2025-12-19T00:00:00.000Z
MALARIA_EST_DEATHS,Estimated number of malaria deaths,text,AFR,Africa,Country,BDI,Burundi,Year,2024,true,,,,,,,,,,,,,6389,,,5200,,8440,6389 [5200-8440],,,EN,2025-12-19T00:00:00.000Z
MALARIA_EST_DEATHS,Estimated number of malaria deaths,text,AFR,Africa,Country,GMB,Gambia,Year,2024,true,,,,,,,,,,,,,643,,,600,,700,643 [600-700],,,EN,2025-12-19T00:00:00.000Z
MALARIA_EST_DEATHS,Estimated number of malaria deaths,text,AFR,Africa,Country,SLE,Sierra Leone,Year,2024,true,,,,,,,,,,,,,6646,,,5320,,8360,6646 [5320-8360],,,EN,2025-12-19T00:00:00.000Z
MALARIA_EST_DEATHS,Estimated number of malaria deaths,text,AFR,Africa,Country,COD,Democratic Republic of the Congo,Year,2024,true,,,,,,,,,,,,,67676,,,43400,,110000,67 676 [43 400-110 000],,,EN,2025-12-19T00:00:00.000Z
MALARIA_EST_DEATHS,Estimated number of malaria deaths,text,AFR,Africa,Country,SSD,South Sudan,Year,2024,true,,,,,,,,,,,,,6749,,,3720,,13800,6749 [3720-13 800],,,EN,2025-12-19T00:00:00.000Z
MALARIA_EST_DEATHS,Estimated number of malaria deaths,text,EMR,Eastern Mediterranean,Country,DJI,Djibouti,Year,2024,true,,,,,,,,,,,,,72,,,35,,110,72 [35-110],,,EN,2025-12-19T00:00:00.000Z
MALARIA_EST_DEATHS,Estimated number of malaria deaths,text,AFR,Africa,Country,MWI,Malawi,Year,2024,true,,,,,,,,,,,,,7501,,,6480,,9320,7501 [6480-9320],,,EN,2025-12-19T00:00:00.000Z
MALARIA_EST_DEATHS,Estimated number of malaria deaths,text,AFR,Africa,Country,GNQ,Equatorial Guinea,Year,2024,true,,,,,,,,,,,,,769,,,650,,980,769 [650-980],,,EN,2025-12-19T00:00:00.000Z
MALARIA_EST_DEATHS,Estimated number of malaria deaths,text,AFR,Africa,Country,ERI,Eritrea,Year,2024,true,,,,,,,,,,,,,786,,,320,,1450,786 [320-1450],,,EN,2025-12-19T00:00:00.000Z
MALARIA_EST_DEATHS,Estimated number of malaria deaths,text,AFR,Africa,Country,ZMB,Zambia,Year,2024,true,,,,,,,,,,,,,8682,,,7740,,10200,8682 [7740-10 200],,,EN,2025-12-19T00:00:00.000Z
MALARIA_EST_DEATHS,Estimated number of malaria deaths,text,AFR,Africa,Country,GNB,Guinea-Bissau,Year,2024,true,,,,,,,,,,,,,897,,,770,,1120,897 [770-1120],,,EN,2025-12-19T00:00:00.000Z
MALARIA_EST_DEATHS,Estimated number of malaria deaths,text,AFR,Africa,Country,MRT,Mauritania,Year,2024,true,,,,,,,,,,,,,920,,,300,,1990,920 [300-1990],,,EN,2025-12-19T00:00:00.000Z
MALARIA_EST_DEATHS,Estimated number of malaria deaths,text,AFR,Africa,Country,BEN,Benin,Year,2024,true,,,,,,,,,,,,,9946,,,7860,,12700,9946 [7860-12 700],,,EN,2025-12-19T00:00:00.000Z
MALARIA_EST_DEATHS,Estimated number of malaria deaths,text,AFR,Africa,Country,DZA,Algeria,Year,2023,false,,,,,,,,,,,,,0,,,,,,0,,,EN,2025-12-19T00:00:00.000Z
MALARIA_EST_DEATHS,Estimated number of malaria deaths,text,AMR,Americas,Country,ARG,Argentina,Year,2023,false,,,,,,,,,,,,,0,,,,,,0,,,EN,2025-12-19T00:00:00.000Z
MALARIA_EST_DEATHS,Estimated number of malaria deaths,text,EUR,Europe,Country,ARM,Armenia,Year,2023,false,,,,,,,,,,,,,0,,,,,,0,,,EN,2025-12-19T00:00:00.000Z
MALARIA_EST_DEATHS,Estimated number of malaria deaths,text,EUR,Europe,Country,AZE,Azerbaijan,Year,2023,false,,,,,,,,,,,,,0,,,,,,0,,,EN,2025-12-19T00:00:00.000Z
MALARIA_EST_DEATHS,Estimated number of malaria deaths,text,AMR,Americas,Country,BLZ,Belize,Year,2023,false,,,,,,,,,,,,,0,,,,,,0,,,EN,2025-12-19T00:00:00.000Z
MALARIA_EST_DEATHS,Estimated number of malaria deaths,text,SEAR,South-East Asia,Country,BTN,Bhutan,Year,2023,false,,,,,,,,,,,,,0,,,,,,0,,,EN,2025-12-19T00:00:00.000Z
MALARIA_EST_DEATHS,Estimated number of malaria deaths,text,AFR,Africa,Country,CPV,Cabo Verde,Year,2023,false,,,,,,,,,,,,,0,,,,,,0,,,EN,2025-12-19T00:00:00.000Z
MALARIA_EST_DEATHS,Estimated number of malaria deaths,text,WPR,Western Pacific,Country,KHM,Cambodia,Year,2023,false,,,,,,,,,,,,,0,,,,,,0,,,EN,2025-12-19T00:00:00.000Z
MALARIA_EST_DEATHS,Estimated number of malaria deaths,text,WPR,Western Pacific,Country,CHN,China,Year,2023,false,,,,,,,,,,,,,0,,,,,,0,,,EN,2025-12-19T00:00:00.000Z
MALARIA_EST_DEATHS,Estimated number of malaria deaths,text,AMR,Americas,Country,CRI,Costa Rica,Year,2023,false,,,,,,,,,,,,,0,,,,,,0,,,EN,2025-12-19T00:00:00.000Z
MALARIA_EST_DEATHS,Estimated number of malaria deaths,text,SEAR,South-East Asia,Country,PRK,Democratic People's Republic of Korea,Year,2023,false,,,,,,,,,,,,,0,,,,,,0,,,EN,2025-12-19T00:00:00.000Z
MALARIA_EST_DEATHS,Estimated number of malaria deaths,text,AMR,Americas,Country,DOM,Dominican Republic,Year,2023,false,,,,,,,,,,,,,0,,,,,,0,,,EN,2025-12-19T00:00:00.000Z
MALARIA_EST_DEATHS,Estimated number of malaria deaths,text,AMR,Americas,Country,ECU,Ecuador,Year,2023,false,,,,,,,,,,,,,0,,,,,,0,,,EN,2025-12-19T00:00:00.000Z
MALARIA_EST_DEATHS,Estimated number of malaria deaths,text,EMR,Eastern Mediterranean,Country,EGY,Egypt,Year,2023,false,,,,,,,,,,,,,0,,,,,,0,,,EN,2025-12-19T00:00:00.000Z
MALARIA_EST_DEATHS,Estimated number of malaria deaths,text,AMR,Americas,Country,SLV,El Salvador,Year,2023,false,,,,,,,,,,,,,0,,,,,,0,,,EN,2025-12-19T00:00:00.000Z
MALARIA_EST_DEATHS,Estimated number of malaria deaths,text,AMR,Americas,Country,GUF,French Guiana,Year,2023,false,,,,,,,,,,,,,0,,,,,,0,,,EN,2025-12-19T00:00:00.000Z
MALARIA_EST_DEATHS,Estimated number of malaria deaths,text,EUR,Europe,Country,GEO,Georgia,Year,2023,false,,,,,,,,,,,,,0,,,,,,0,,,EN,2025-12-19T00:00:00.000Z
MALARIA_EST_DEATHS,Estimated number of malaria deaths,text,AMR,Americas,Country,GTM,Guatemala,Year,2023,false,,,,,,,,,,,,,0,,,,,,0,,,EN,2025-12-19T00:00:00.000Z
MALARIA_EST_DEATHS,Estimated number of malaria deaths,text,AMR,Americas,Country,HND,Honduras,Year,2023,false,,,,,,,,,,,,,0,,,,,,0,,,EN,2025-12-19T00:00:00.000Z
MALARIA_EST_DEATHS,Estimated number of malaria deaths,text,EMR,Eastern Mediterranean,Country,IRN,Iran (Islamic Republic of),Year,2023,false,,,,,,,,,,,,,0,,,,,,0,,,EN,2025-12-19T00:00:00.000Z
MALARIA_EST_DEATHS,Estimated number of malaria deaths,text,EMR,Eastern Mediterranean,Country,IRQ,Iraq,Year,2023,false,,,,,,,,,,,,,0,,,,,,0,,,EN,2025-12-19T00:00:00.000Z
MALARIA_EST_DEATHS,Estimated number of malaria deaths,text,EUR,Europe,Country,KAZ,Kazakhstan,Year,2023,false,,,,,,,,,,,,,0,,,,,,0,,,EN,2025-12-19T00:00:00.000Z
MALARIA_EST_DEATHS,Estimated number of malaria deaths,text,EUR,Europe,Country,KGZ,Kyrgyzstan,Year,2023,false,,,,,,,,,,,,,0,,,,,,0,,,EN,2025-12-19T00:00:00.000Z
MALARIA_EST_DEATHS,Estimated number of malaria deaths,text,WPR,Western Pacific,Country,LAO,Lao People's Democratic Republic,Year,2023,false,,,,,,,,,,,,,0,,,,,,0,,,EN,2025-12-19T00:00:00.000Z
MALARIA_EST_DEATHS,Estimated number of malaria deaths,text,WPR,Western Pacific,Country,MYS,Malaysia,Year,2023,false,,,,,,,,,,,,,0,,,,,,0,,,EN,2025-12-19T00:00:00.000Z
MALARIA_EST_DEATHS,Estimated number of malaria deaths,text,AMR,Americas,Country,MEX,Mexico,Year,2023,false,,,,,,,,,,,,,0,,,,,,0,,,EN,2025-12-19T00:00:00.000Z
MALARIA_EST_DEATHS,Estimated number of malaria deaths,text,EMR,Eastern Mediterranean,Country,MAR,Morocco,Year,2023,false,,,,,,,,,,,,,0,,,,,,0,,,EN,2025-12-19T00:00:00.000Z
MALARIA_EST_DEATHS,Estimated number of malaria deaths,text,SEAR,South-East Asia,Country,NPL,Nepal,Year,2023,false,,,,,,,,,,,,,0,,,,,,0,,,EN,2025-12-19T00:00:00.000Z
MALARIA_EST_DEATHS,Estimated number of malaria deaths,text,AMR,Americas,Country,NIC,Nicaragua,Year,2023,false,,,,,,,,,,,,,0,,,,,,0,,,EN,2025-12-19T00:00:00.000Z
MALARIA_EST_DEATHS,Estimated number of malaria deaths,text,EMR,Eastern Mediterranean,Country,OMN,Oman,Year,2023,false,,,,,,,,,,,,,0,,,,,,0,,,EN,2025-12-19T00:00:00.000Z
MALARIA_EST_DEATHS,Estimated number of malaria deaths,text,AMR,Americas,Country,PAN,Panama,Year,2023,false,,,,,,,,,,,,,0,,,,,,0,,,EN,2025-12-19T00:00:00.000Z
MALARIA_EST_DEATHS,Estimated number of malaria deaths,text,AMR,Americas,Country,PRY,Paraguay,Year,2023,false,,,,,,,,,,,,,0,,,,,,0,,,EN,2025-12-19T00:00:00.000Z
MALARIA_EST_DEATHS,Estimated number of malaria deaths,text,WPR,Western Pacific,Country,KOR,Republic of Korea,Year,2023,false,,,,,,,,,,,,,0,,,,,,0,,,EN,2025-12-19T00:00:00.000Z
MALARIA_EST_DEATHS,Estimated number of malaria deaths,text,AFR,Africa,Country,STP,Sao Tome and Principe,Year,2023,false,,,,,,,,,,,,,0,,,,,,0,,,EN,2025-12-19T00:00:00.000Z
MALARIA_EST_DEATHS,Estimated number of malaria deaths,text,EMR,Eastern Mediterranean,Country,SAU,Saudi Arabia,Year,2023,false,,,,,,,,,,,,,0,,,,,,0,,,EN,2025-12-19T00:00:00.000Z
MALARIA_EST_DEATHS,Estimated number of malaria deaths,text,SEAR,South-East Asia,Country,LKA,Sri Lanka,Year,2023,false,,,,,,,,,,,,,0,,,,,,0,,,EN,2025-12-19T00:00:00.000Z
MALARIA_EST_DEATHS,Estimated number of malaria deaths,text,AMR,Americas,Country,SUR,Suriname,Year,2023,false,,,,,,,,,,,,,0,,,,,,0,,,EN,2025-12-19T00:00:00.000Z
MALARIA_EST_DEATHS,Estimated number of malaria deaths,text,EMR,Eastern Mediterranean,Country,SYR,Syrian Arab Republic,Year,2023,false,,,,,,,,,,,,,0,,,,,,0,,,EN,2025-12-19T00:00:00.000Z
MALARIA_EST_DEATHS,Estimated number of malaria deaths,text,EUR,Europe,Country,TUR,Türkiye,Year,2023,false,,,,,,,,,,,,,0,,,,,,0,,,EN,2025-12-19T00:00:00.000Z
MALARIA_EST_DEATHS,Estimated number of malaria deaths,text,EUR,Europe,Country,TJK,Tajikistan,Year,2023,false,,,,,,,,,,,,,0,,,,,,0,,,EN,2025-12-19T00:00:00.000Z
MALARIA_EST_DEATHS,Estimated number of malaria deaths,text,SEAR,South-East Asia,Country,TLS,Timor-Leste,Year,2023,false,,,,,,,,,,,,,0,,,,,,0,,,EN,2025-12-19T00:00:00.000Z
MALARIA_EST_DEATHS,Estimated number of malaria deaths,text,EUR,Europe,Country,TKM,Turkmenistan,Year,2023,false,,,,,,,,,,,,,0,,,,,,0,,,EN,2025-12-19T00:00:00.000Z
MALARIA_EST_DEATHS,Estimated number of malaria deaths,text,EMR,Eastern Mediterranean,Country,ARE,United Arab Emirates,Year,2023,false,,,,,,,,,,,,,0,,,,,,0,,,EN,2025-12-19T00:00:00.000Z
MALARIA_EST_DEATHS,Estimated number of malaria deaths,text,EUR,Europe,Country,UZB,Uzbekistan,Year,2023,false,,,,,,,,,,,,,0,,,,,,0,,,EN,2025-12-19T00:00:00.000Z
MALARIA_EST_DEATHS,Estimated number of malaria deaths,text,WPR,Western Pacific,Country,VUT,Vanuatu,Year,2023,false,,,,,,,,,,,,,0,,,,,,0,,,EN,2025-12-19T00:00:00.000Z
MALARIA_EST_DEATHS,Estimated number of malaria deaths,text,WPR,Western Pacific,Country,VNM,Viet Nam,Year,2023,false,,,,,,,,,,,,,0,,,,,,0,,,EN,2025-12-19T00:00:00.000Z
MALARIA_EST_DEATHS,Estimated number of malaria deaths,text,AFR,Africa,Country,MYT,Mayotte,Year,2023,false,,,,,,,,,,,,,0,,,0,,0,0 [0-0],,,EN,2025-12-19T00:00:00.000Z
MALARIA_EST_DEATHS,Estimated number of malaria deaths,text,AFR,Africa,Country,GIN,Guinea,Year,2023,false,,,,,,,,,,,,,10188,,,8410,,12600,10 188 [8410-12 600],,,EN,2025-12-19T00:00:00.000Z
MALARIA_EST_DEATHS,Estimated number of malaria deaths,text,AFR,Africa,Country,CIV,Cote d'Ivoire,Year,2023,false,,,,,,,,,,,,,10771,,,9210,,12700,10 771 [9210-12 700],,,EN,2025-12-19T00:00:00.000Z
MALARIA_EST_DEATHS,Estimated number of malaria deaths,text,AFR,Africa,Country,GHA,Ghana,Year,2023,false,,,,,,,,,,,,,11464,,,10800,,12400,11 464 [10 800-12 400],,,EN,2025-12-19T00:00:00.000Z
MALARIA_EST_DEATHS,Estimated number of malaria deaths,text,AFR,Africa,Country,KEN,Kenya,Year,2023,false,,,,,,,,,,,,,11478,,,11100,,11900,11 478 [11 100-11 900],,,EN,2025-12-19T00:00:00.000Z
MALARIA_EST_DEATHS,Estimated number of malaria deaths,text,AFR,Africa,Country,CMR,Cameroon,Year,2023,false,,,,,,,,,,,,,11602,,,9710,,14300,11 602 [9710-14 300],,,EN,2025-12-19T00:00:00.000Z
MALARIA_EST_DEATHS,Estimated number of malaria deaths,text,AMR,Americas,Country,VEN,Venezuela (Bolivarian Republic of),Year,2023,false,,,,,,,,,,,,,118,,,61,,180,118 [61-180],,,EN,2025-12-19T00:00:00.000Z
MALARIA_EST_DEATHS,Estimated number of malaria deaths,text,EMR,Eastern Mediterranean,Country,SDN,Sudan,Year,2023,false,,,,,,,,,,,,,12500,,,4740,,24700,12 500 [4740-24 700],,,EN,2025-12-19T00:00:00.000Z
MALARIA_EST_DEATHS,Estimated number of malaria deaths,text,AFR,Africa,Country,TCD,Chad,Year,2023,false,,,,,,,,,,,,,13707,,,10400,,18900,13 707 [10 400-18 900],,,EN,2025-12-19T00:00:00.000Z
MALARIA_EST_DEATHS,Estimated number of malaria deaths,text,AFR,Africa,Country,MLI,Mali,Year,2023,false,,,,,,,,,,,,,14203,,,11200,,18300,14 203 [11 200-18 300],,,EN,2025-12-19T00:00:00.000Z
MALARIA_EST_DEATHS,Estimated number of malaria deaths,text,AFR,Africa,Country,UGA,Uganda,Year,2023,false,,,,,,,,,,,,,15945,,,13800,,19300,15 945 [13 800-19 300],,,EN,2025-12-19T00:00:00.000Z
MALARIA_EST_DEATHS,Estimated number of malaria deaths,text,AFR,Africa,Country,MDG,Madagascar,Year,2023,false,,,,,,,,,,,,,15974,,,6120,,29900,15 974 [6120-29 900],,,EN,2025-12-19T00:00:00.000Z
MALARIA_EST_DEATHS,Estimated number of malaria deaths,text,AFR,Africa,Country,BFA,Burkina Faso,Year,2023,false,,,,,,,,,,,,,16146,,,11300,,24100,16 146 [11 300-24 100],,,EN,2025-12-19T00:00:00.000Z
MALARIA_EST_DEATHS,Estimated number of malaria deaths,text,AFR,Africa,Country,AGO,Angola,Year,2023,false,,,,,,,,,,,,,16169,,,11200,,25300,16 169 [11 200-25 300],,,EN,2025-12-19T00:00:00.000Z
MALARIA_EST_DEATHS,Estimated number of malaria deaths,text,AFR,Africa,Country,SEN,Senegal,Year,2023,false,,,,,,,,,,,,,1605,,,690,,2960,1605 [690-2960],,,EN,2025-12-19T00:00:00.000Z
MALARIA_EST_DEATHS,Estimated number of malaria deaths,text,AFR,Africa,Country,ZWE,Zimbabwe,Year,2023,false,,,,,,,,,,,,,1627,,,610,,3130,1627 [610-3130],,,EN,2025-12-19T00:00:00.000Z
MALARIA_EST_DEATHS,Estimated number of malaria deaths,text,AFR,Africa,Country,MOZ,Mozambique,Year,2023,false,,,,,,,,,,,,,17875,,,12400,,27300,17 875 [12 400-27 300],,,EN,2025-12-19T00:00:00.000Z
MALARIA_EST_DEATHS,Estimated number of malaria deaths,text,AFR,Africa,Country,ETH,Ethiopia,Year,2023,false,,,,,,,,,,,,,18567,,,6760,,36000,18 567 [6760-36 000],,,EN,2025-12-19T00:00:00.000Z
MALARIA_EST_DEATHS,Estimated number of malaria deaths,text,AFR,Africa,Country,NGA,Nigeria,Year,2023,false,,,,,,,,,,,,,184689,,,135000,,264000,184 689 [135 000-264 000],,,EN,2025-12-19T00:00:00.000Z
MALARIA_EST_DEATHS,Estimated number of malaria deaths,text,AMR,Americas,Country,PER,Peru,Year,2023,false,,,,,,,,,,,,,20,,,10,,32,20 [10-32],,,EN,2025-12-19T00:00:00.000Z
MALARIA_EST_DEATHS,Estimated number of malaria deaths,text,EMR,Eastern Mediterranean,Country,AFG,Afghanistan,Year,2023,false,,,,,,,,,,,,,202,,,88,,340,202 [88-340],,,EN,2025-12-19T00:00:00.000Z
MALARIA_EST_DEATHS,Estimated number of malaria deaths,text,AMR,Americas,Country,COL,Colombia,Year,2023,false,,,,,,,,,,,,,22,,,,,,22,,,EN,2025-12-19T00:00:00.000Z
MALARIA_EST_DEATHS,Estimated number of malaria deaths,text,AFR,Africa,Country,COG,Congo,Year,2023,false,,,,,,,,,,,,,2244,,,1970,,2820,2244 [1970-2820],,,EN,2025-12-19T00:00:00.000Z
MALARIA_EST_DEATHS,Estimated number of malaria deaths,text,AFR,Africa,Country,NAM,Namibia,Year,2023,false,,,,,,,,,,,,,23,,,,,,23,,,EN,2025-12-19T00:00:00.000Z
MALARIA_EST_DEATHS,Estimated number of malaria deaths,text,EMR,Eastern Mediterranean,Country,YEM,Yemen,Year,2023,false,,,,,,,,,,,,,2474,,,970,,4840,2474 [970-4840],,,EN,2025-12-19T00:00:00.000Z
MALARIA_EST_DEATHS,Estimated number of malaria deaths,text,WPR,Western Pacific,Country,SLB,Solomon Islands,Year,2023,false,,,,,,,,,,,,,248,,,130,,380,248 [130-380],,,EN,2025-12-19T00:00:00.000Z
MALARIA_EST_DEATHS,Estimated number of malaria deaths,text,AFR,Africa,Country,TZA,United Republic of Tanzania,Year,2023,false,,,,,,,,,,,,,25540,,,24000,,27500,25 540 [24 000-27 500],,,EN,2025-12-19T00:00:00.000Z
MALARIA_EST_DEATHS,Estimated number of malaria deaths,text,EMR,Eastern Mediterranean,Country,SOM,Somalia,Year,2023,false,,,,,,,,,,,,,2555,,,920,,5180,2555 [920-5180],,,EN,2025-12-19T00:00:00.000Z
MALARIA_EST_DEATHS,Estimated number of malaria deaths,text,SEAR,South-East Asia,Country,IND,India,Year,2023,false,,,,,,,,,,,,,3070,,,1460,,5110,3070 [1460-5110],,,EN,2025-12-19T00:00:00.000Z
MALARIA_EST_DEATHS,Estimated number of malaria deaths,text,WPR,Western Pacific,Country,PNG,Papua New Guinea,Year,2023,false,,,,,,,,,,,,,3080,,,1300,,5490,3080 [1300-5490],,,EN,2025-12-19T00:00:00.000Z
MALARIA_EST_DEATHS,Estimated number of malaria deaths,text,SEAR,South-East Asia,Country,BGD,Bangladesh,Year,2023,false,,,,,,,,,,,,,31,,,15,,50,31 [15-50],,,EN,2025-12-19T00:00:00.000Z
MALARIA_EST_DEATHS,Estimated number of malaria deaths,text,WPR,Western Pacific,Country,PHL,Philippines,Year,2023,false,,,,,,,,,,,,,33,,,14,,61,33 [14-61],,,EN,2025-12-19T00:00:00.000Z
MALARIA_EST_DEATHS,Estimated number of malaria deaths,text,AFR,Africa,Country,RWA,Rwanda,Year,2023,false,,,,,,,,,,,,,3349,,,3130,,3780,3349 [3130-3780],,,EN,2025-12-19T00:00:00.000Z
MALARIA_EST_DEATHS,Estimated number of malaria deaths,text,AFR,Africa,Country,TGO,Togo,Year,2023,false,,,,,,,,,,,,,3456,,,2870,,4260,3456 [2870-4260],,,EN,2025-12-19T00:00:00.000Z
MALARIA_EST_DEATHS,Estimated number of malaria deaths,text,AFR,Africa,Country,NER,Niger,Year,2023,false,,,,,,,,,,,,,35381,,,28500,,44500,35 381 [28 500-44 500],,,EN,2025-12-19T00:00:00.000Z
MALARIA_EST_DEATHS,Estimated number of malaria deaths,text,AFR,Africa,Country,LBR,Liberia,Year,2023,false,,,,,,,,,,,,,3541,,,2840,,4700,3541 [2840-4700],,,EN,2025-12-19T00:00:00.000Z
MALARIA_EST_DEATHS,Estimated number of malaria deaths,text,AFR,Africa,Country,BWA,Botswana,Year,2023,false,,,,,,,,,,,,,4,,,,,,4,,,EN,2025-12-19T00:00:00.000Z
MALARIA_EST_DEATHS,Estimated number of malaria deaths,text,AMR,Americas,Country,GUY,Guyana,Year,2023,false,,,,,,,,,,,,,42,,,21,,67,42 [21-67],,,EN,2025-12-19T00:00:00.000Z
MALARIA_EST_DEATHS,Estimated number of malaria deaths,text,AFR,Africa,Country,GAB,Gabon,Year,2023,false,,,,,,,,,,,,,433,,,370,,540,433 [370-540],,,EN,2025-12-19T00:00:00.000Z
MALARIA_EST_DEATHS,Estimated number of malaria deaths,text,AFR,Africa,Country,ERI,Eritrea,Year,2023,false,,,,,,,,,,,,,459,,,180,,850,459 [180-850],,,EN,2025-12-19T00:00:00.000Z
MALARIA_EST_DEATHS,Estimated number of malaria deaths,text,EMR,Eastern Mediterranean,Country,PAK,Pakistan,Year,2023,false,,,,,,,,,,,,,4956,,,2480,,8120,4956 [2480-8120],,,EN,2025-12-19T00:00:00.000Z
MALARIA_EST_DEATHS,Estimated number of malaria deaths,text,SEAR,South-East Asia,Country,THA,Thailand,Year,2023,false,,,,,,,,,,,,,5,,,,,,5,,,EN,2025-12-19T00:00:00.000Z
MALARIA_EST_DEATHS,Estimated number of malaria deaths,text,AFR,Africa,Country,CAF,Central African Republic,Year,2023,false,,,,,,,,,,,,,5052,,,3900,,6560,5052 [3900-6560],,,EN,2025-12-19T00:00:00.000Z
MALARIA_EST_DEATHS,Estimated number of malaria deaths,text,AFR,Africa,Country,COM,Comoros,Year,2023,false,,,,,,,,,,,,,53,,,25,,82,53 [25-82],,,EN,2025-12-19T00:00:00.000Z
MALARIA_EST_DEATHS,Estimated number of malaria deaths,text,AFR,Africa,Country,MRT,Mauritania,Year,2023,false,,,,,,,,,,,,,551,,,170,,1260,551 [170-1260],,,EN,2025-12-19T00:00:00.000Z
MALARIA_EST_DEATHS,Estimated number of malaria deaths,text,AMR,Americas,Country,HTI,Haiti,Year,2023,false,,,,,,,,,,,,,60,,,24,,110,60 [24-110],,,EN,2025-12-19T00:00:00.000Z
MALARIA_EST_DEATHS,Estimated number of malaria deaths,text,AMR,Americas,Country,BRA,Brazil,Year,2023,false,,,,,,,,,,,,,63,,,,,,63,,,EN,2025-12-19T00:00:00.000Z
MALARIA_EST_DEATHS,Estimated number of malaria deaths,text,AFR,Africa,Country,BDI,Burundi,Year,2023,false,,,,,,,,,,,,,6302,,,5110,,8340,6302 [5110-8340],,,EN,2025-12-19T00:00:00.000Z
MALARIA_EST_DEATHS,Estimated number of malaria deaths,text,AFR,Africa,Country,GMB,Gambia,Year,2023,false,,,,,,,,,,,,,632,,,590,,690,632 [590-690],,,EN,2025-12-19T00:00:00.000Z
MALARIA_EST_DEATHS,Estimated number of malaria deaths,text,AFR,Africa,Country,ZAF,South Africa,Year,2023,false,,,,,,,,,,,,,64,,,,,,64,,,EN,2025-12-19T00:00:00.000Z
MALARIA_EST_DEATHS,Estimated number of malaria deaths,text,SEAR,South-East Asia,Country,MMR,Myanmar,Year,2023,false,,,,,,,,,,,,,660,,,280,,2940,660 [280-2940],,,EN,2025-12-19T00:00:00.000Z
MALARIA_EST_DEATHS,Estimated number of malaria deaths,text,AFR,Africa,Country,SLE,Sierra Leone,Year,2023,false,,,,,,,,,,,,,6635,,,5310,,8350,6635 [5310-8350],,,EN,2025-12-19T00:00:00.000Z
MALARIA_EST_DEATHS,Estimated number of malaria deaths,text,AFR,Africa,Country,SSD,South Sudan,Year,2023,false,,,,,,,,,,,,,6671,,,3650,,13700,6671 [3650-13 700],,,EN,2025-12-19T00:00:00.000Z
MALARIA_EST_DEATHS,Estimated number of malaria deaths,text,AFR,Africa,Country,COD,Democratic Republic of the Congo,Year,2023,false,,,,,,,,,,,,,67464,,,43100,,110000,67 464 [43 100-110 000],,,EN,2025-12-19T00:00:00.000Z
MALARIA_EST_DEATHS,Estimated number of malaria deaths,text,AFR,Africa,Country,SWZ,Eswatini,Year,2023,false,,,,,,,,,,,,,7,,,,,,7,,,EN,2025-12-19T00:00:00.000Z
MALARIA_EST_DEATHS,Estimated number of malaria deaths,text,AMR,Americas,Country,BOL,Bolivia (Plurinational State of),Year,2023,false,,,,,,,,,,,,,7,,,3,,13,7 [3-13],,,EN,2025-12-19T00:00:00.000Z
MALARIA_EST_DEATHS,Estimated number of malaria deaths,text,AFR,Africa,Country,MWI,Malawi,Year,2023,false,,,,,,,,,,,,,7376,,,6360,,9200,7376 [6360-9200],,,EN,2025-12-19T00:00:00.000Z
MALARIA_EST_DEATHS,Estimated number of malaria deaths,text,AFR,Africa,Country,GNQ,Equatorial Guinea,Year,2023,false,,,,,,,,,,,,,757,,,640,,970,757 [640-970],,,EN,2025-12-19T00:00:00.000Z
MALARIA_EST_DEATHS,Estimated number of malaria deaths,text,EMR,Eastern Mediterranean,Country,DJI,Djibouti,Year,2023,false,,,,,,,,,,,,,80,,,39,,120,80 [39-120],,,EN,2025-12-19T00:00:00.000Z
MALARIA_EST_DEATHS,Estimated number of malaria deaths,text,AFR,Africa,Country,ZMB,Zambia,Year,2023,false,,,,,,,,,,,,,8525,,,7570,,10100,8525 [7570-10 100],,,EN,2025-12-19T00:00:00.000Z
MALARIA_EST_DEATHS,Estimated number of malaria deaths,text,WPR,Western Pacific,Country,IDN,Indonesia,Year,2023,false,,,,,,,,,,,,,878,,,440,,1330,878 [440-1330],,,EN,2025-12-19T00:00:00.000Z
MALARIA_EST_DEATHS,Estimated number of malaria deaths,text,AFR,Africa,Country,GNB,Guinea-Bissau,Year,2023,false,,,,,,,,,,,,,885,,,750,,1100,885 [750-1100],,,EN,2025-12-19T00:00:00.000Z
MALARIA_EST_DEATHS,Estimated number of malaria deaths,text,AFR,Africa,Country,BEN,Benin,Year,2023,false,,,,,,,,,,,,,9928,,,7840,,12700,9928 [7840-12 700],,,EN,2025-12-19T00:00:00.000Z
MALARIA_EST_DEATHS,Estimated number of malaria deaths,text,AFR,Africa,Country,DZA,Algeria,Year,2022,false,,,,,,,,,,,,,0,,,,,,0,,,EN,2025-12-19T00:00:00.000Z
MALARIA_EST_DEATHS,Estimated number of malaria deaths,text,AMR,Americas,Country,ARG,Argentina,Year,2022,false,,,,,,,,,,,,,0,,,,,,0,,,EN,2025-12-19T00:00:00.000Z
MALARIA_EST_DEATHS,Estimated number of malaria deaths,text,EUR,Europe,Country,ARM,Armenia,Year,2022,false,,,,,,,,,,,,,0,,,,,,0,,,EN,2025-12-19T00:00:00.000Z
MALARIA_EST_DEATHS,Estimated number of malaria deaths,text,EUR,Europe,Country,AZE,Azerbaijan,Year,2022,false,,,,,,,,,,,,,0,,,,,,0,,,EN,2025-12-19T00:00:00.000Z
MALARIA_EST_DEATHS,Estimated number of malaria deaths,text,AMR,Americas,Country,BLZ,Belize,Year,2022,false,,,,,,,,,,,,,0,,,,,,0,,,EN,2025-12-19T00:00:00.000Z
MALARIA_EST_DEATHS,Estimated number of malaria deaths,text,SEAR,South-East Asia,Country,BTN,Bhutan,Year,2022,false,,,,,,,,,,,,,0,,,,,,0,,,EN,2025-12-19T00:00:00.000Z
MALARIA_EST_DEATHS,Estimated number of malaria deaths,text,AFR,Africa,Country,CPV,Cabo Verde,Year,2022,false,,,,,,,,,,,,,0,,,,,,0,,,EN,2025-12-19T00:00:00.000Z
MALARIA_EST_DEATHS,Estimated number of malaria deaths,text,WPR,Western Pacific,Country,KHM,Cambodia,Year,2022,false,,,,,,,,,,,,,0,,,,,,0,,,EN,2025-12-19T00:00:00.000Z
MALARIA_EST_DEATHS,Estimated number of malaria deaths,text,WPR,Western Pacific,Country,CHN,China,Year,2022,false,,,,,,,,,,,,,0,,,,,,0,,,EN,2025-12-19T00:00:00.000Z
MALARIA_EST_DEATHS,Estimated number of malaria deaths,text,AMR,Americas,Country,CRI,Costa Rica,Year,2022,false,,,,,,,,,,,,,0,,,,,,0,,,EN,2025-12-19T00:00:00.000Z
MALARIA_EST_DEATHS,Estimated number of malaria deaths,text,SEAR,South-East Asia,Country,PRK,Democratic People's Republic of Korea,Year,2022,false,,,,,,,,,,,,,0,,,,,,0,,,EN,2025-12-19T00:00:00.000Z
MALARIA_EST_DEATHS,Estimated number of malaria deaths,text,AMR,Americas,Country,DOM,Dominican Republic,Year,2022,false,,,,,,,,,,,,,0,,,,,,0,,,EN,2025-12-19T00:00:00.000Z
MALARIA_EST_DEATHS,Estimated number of malaria deaths,text,EMR,Eastern Mediterranean,Country,EGY,Egypt,Year,2022,false,,,,,,,,,,,,,0,,,,,,0,,,EN,2025-12-19T00:00:00.000Z
MALARIA_EST_DEATHS,Estimated number of malaria deaths,text,AMR,Americas,Country,SLV,El Salvador,Year,2022,false,,,,,,,,,,,,,0,,,,,,0,,,EN,2025-12-19T00:00:00.000Z
MALARIA_EST_DEATHS,Estimated number of malaria deaths,text,AMR,Americas,Country,GUF,French Guiana,Year,2022,false,,,,,,,,,,,,,0,,,,,,0,,,EN,2025-12-19T00:00:00.000Z
MALARIA_EST_DEATHS,Estimated number of malaria deaths,text,EUR,Europe,Country,GEO,Georgia,Year,2022,false,,,,,,,,,,,,,0,,,,,,0,,,EN,2025-12-19T00:00:00.000Z
MALARIA_EST_DEATHS,Estimated number of malaria deaths,text,AMR,Americas,Country,GTM,Guatemala,Year,2022,false,,,,,,,,,,,,,0,,,,,,0,,,EN,2025-12-19T00:00:00.000Z
MALARIA_EST_DEATHS,Estimated number of malaria deaths,text,AMR,Americas,Country,HND,Honduras,Year,2022,false,,,,,,,,,,,,,0,,,,,,0,,,EN,2025-12-19T00:00:00.000Z
MALARIA_EST_DEATHS,Estimated number of malaria deaths,text,EMR,Eastern Mediterranean,Country,IRN,Iran (Islamic Republic of),Year,2022,false,,,,,,,,,,,,,0,,,,,,0,,,EN,2025-12-19T00:00:00.000Z
MALARIA_EST_DEATHS,Estimated number of malaria deaths,text,EMR,Eastern Mediterranean,Country,IRQ,Iraq,Year,2022,false,,,,,,,,,,,,,0,,,,,,0,,,EN,2025-12-19T00:00:00.000Z
MALARIA_EST_DEATHS,Estimated number of malaria deaths,text,EUR,Europe,Country,KAZ,Kazakhstan,Year,2022,false,,,,,,,,,,,,,0,,,,,,0,,,EN,2025-12-19T00:00:00.000Z
MALARIA_EST_DEATHS,Estimated number of malaria deaths,text,EUR,Europe,Country,KGZ,Kyrgyzstan,Year,2022,false,,,,,,,,,,,,,0,,,,,,0,,,EN,2025-12-19T00:00:00.000Z
MALARIA_EST_DEATHS,Estimated number of malaria deaths,text,WPR,Western Pacific,Country,MYS,Malaysia,Year,2022,false,,,,,,,,,,,,,0,,,,,,0,,,EN,2025-12-19T00:00:00.000Z
MALARIA_EST_DEATHS,Estimated number of malaria deaths,text,AMR,Americas,Country,MEX,Mexico,Year,2022,false,,,,,,,,,,,,,0,,,,,,0,,,EN,2025-12-19T00:00:00.000Z
MALARIA_EST_DEATHS,Estimated number of malaria deaths,text,EMR,Eastern Mediterranean,Country,MAR,Morocco,Year,2022,false,,,,,,,,,,,,,0,,,,,,0,,,EN,2025-12-19T00:00:00.000Z
MALARIA_EST_DEATHS,Estimated number of malaria deaths,text,SEAR,South-East Asia,Country,NPL,Nepal,Year,2022,false,,,,,,,,,,,,,0,,,,,,0,,,EN,2025-12-19T00:00:00.000Z
MALARIA_EST_DEATHS,Estimated number of malaria deaths,text,AMR,Americas,Country,NIC,Nicaragua,Year,2022,false,,,,,,,,,,,,,0,,,,,,0,,,EN,2025-12-19T00:00:00.000Z
MALARIA_EST_DEATHS,Estimated number of malaria deaths,text,EMR,Eastern Mediterranean,Country,OMN,Oman,Year,2022,false,,,,,,,,,,,,,0,,,,,,0,,,EN,2025-12-19T00:00:00.000Z
MALARIA_EST_DEATHS,Estimated number of malaria deaths,text,AMR,Americas,Country,PAN,Panama,Year,2022,false,,,,,,,,,,,,,0,,,,,,0,,,EN,2025-12-19T00:00:00.000Z
MALARIA_EST_DEATHS,Estimated number of malaria deaths,text,AMR,Americas,Country,PRY,Paraguay,Year,2022,false,,,,,,,,,,,,,0,,,,,,0,,,EN,2025-12-19T00:00:00.000Z
MALARIA_EST_DEATHS,Estimated number of malaria deaths,text,WPR,Western Pacific,Country,KOR,Republic of Korea,Year,2022,false,,,,,,,,,,,,,0,,,,,,0,,,EN,2025-12-19T00:00:00.000Z
MALARIA_EST_DEATHS,Estimated number of malaria deaths,text,AFR,Africa,Country,STP,Sao Tome and Principe,Year,2022,false,,,,,,,,,,,,,0,,,,,,0,,,EN,2025-12-19T00:00:00.000Z
MALARIA_EST_DEATHS,Estimated number of malaria deaths,text,EMR,Eastern Mediterranean,Country,SAU,Saudi Arabia,Year,2022,false,,,,,,,,,,,,,0,,,,,,0,,,EN,2025-12-19T00:00:00.000Z
MALARIA_EST_DEATHS,Estimated number of malaria deaths,text,SEAR,South-East Asia,Country,LKA,Sri Lanka,Year,2022,false,,,,,,,,,,,,,0,,,,,,0,,,EN,2025-12-19T00:00:00.000Z
MALARIA_EST_DEATHS,Estimated number of malaria deaths,text,AMR,Americas,Country,SUR,Suriname,Year,2022,false,,,,,,,,,,,,,0,,,,,,0,,,EN,2025-12-19T00:00:00.000Z
MALARIA_EST_DEATHS,Estimated number of malaria deaths,text,EMR,Eastern Mediterranean,Country,SYR,Syrian Arab Republic,Year,2022,false,,,,,,,,,,,,,0,,,,,,0,,,EN,2025-12-19T00:00:00.000Z
MALARIA_EST_DEATHS,Estimated number of malaria deaths,text,EUR,Europe,Country,TUR,Türkiye,Year,2022,false,,,,,,,,,,,,,0,,,,,,0,,,EN,2025-12-19T00:00:00.000Z
MALARIA_EST_DEATHS,Estimated number of malaria deaths,text,EUR,Europe,Country,TJK,Tajikistan,Year,2022,false,,,,,,,,,,,,,0,,,,,,0,,,EN,2025-12-19T00:00:00.000Z
MALARIA_EST_DEATHS,Estimated number of malaria deaths,text,SEAR,South-East Asia,Country,THA,Thailand,Year,2022,false,,,,,,,,,,,,,0,,,,,,0,,,EN,2025-12-19T00:00:00.000Z
MALARIA_EST_DEATHS,Estimated number of malaria deaths,text,SEAR,South-East Asia,Country,TLS,Timor-Leste,Year,2022,false,,,,,,,,,,,,,0,,,,,,0,,,EN,2025-12-19T00:00:00.000Z
MALARIA_EST_DEATHS,Estimated number of malaria deaths,text,EUR,Europe,Country,TKM,Turkmenistan,Year,2022,false,,,,,,,,,,,,,0,,,,,,0,,,EN,2025-12-19T00:00:00.000Z
MALARIA_EST_DEATHS,Estimated number of malaria deaths,text,EMR,Eastern Mediterranean,Country,ARE,United Arab Emirates,Year,2022,false,,,,,,,,,,,,,0,,,,,,0,,,EN,2025-12-19T00:00:00.000Z
MALARIA_EST_DEATHS,Estimated number of malaria deaths,text,EUR,Europe,Country,UZB,Uzbekistan,Year,2022,false,,,,,,,,,,,,,0,,,,,,0,,,EN,2025-12-19T00:00:00.000Z
MALARIA_EST_DEATHS,Estimated number of malaria deaths,text,WPR,Western Pacific,Country,VUT,Vanuatu,Year,2022,false,,,,,,,,,,,,,0,,,,,,0,,,EN,2025-12-19T00:00:00.000Z
MALARIA_EST_DEATHS,Estimated number of malaria deaths,text,WPR,Western Pacific,Country,VNM,Viet Nam,Year,2022,false,,,,,,,,,,,,,0,,,,,,0,,,EN,2025-12-19T00:00:00.000Z
MALARIA_EST_DEATHS,Estimated number of malaria deaths,text,AFR,Africa,Country,MYT,Mayotte,Year,2022,false,,,,,,,,,,,,,0,,,0,,0,0 [0-0],,,EN,2025-12-19T00:00:00.000Z
MALARIA_EST_DEATHS,Estimated number of malaria deaths,text,AMR,Americas,Country,ECU,Ecuador,Year,2022,false,,,,,,,,,,,,,1,,,,,,1,,,EN,2025-12-19T00:00:00.000Z
MALARIA_EST_DEATHS,Estimated number of malaria deaths,text,AFR,Africa,Country,GIN,Guinea,Year,2022,false,,,,,,,,,,,,,10283,,,8680,,12400,10 283 [8680-12 400],,,EN,2025-12-19T00:00:00.000Z
MALARIA_EST_DEATHS,Estimated number of malaria deaths,text,AFR,Africa,Country,ETH,Ethiopia,Year,2022,false,,,,,,,,,,,,,10570,,,3820,,20700,10 570 [3820-20 700],,,EN,2025-12-19T00:00:00.000Z
MALARIA_EST_DEATHS,Estimated number of malaria deaths,text,AFR,Africa,Country,BEN,Benin,Year,2022,false,,,,,,,,,,,,,10942,,,8230,,14500,10 942 [8230-14 500],,,EN,2025-12-19T00:00:00.000Z
MALARIA_EST_DEATHS,Estimated number of malaria deaths,text,AFR,Africa,Country,GNB,Guinea-Bissau,Year,2022,false,,,,,,,,,,,,,1024,,,810,,1380,1024 [810-1380],,,EN,2025-12-19T00:00:00.000Z
MALARIA_EST_DEATHS,Estimated number of malaria deaths,text,AFR,Africa,Country,CIV,Cote d'Ivoire,Year,2022,false,,,,,,,,,,,,,11144,,,9450,,13300,11 144 [9450-13 300],,,EN,2025-12-19T00:00:00.000Z
MALARIA_EST_DEATHS,Estimated number of malaria deaths,text,AFR,Africa,Country,GHA,Ghana,Year,2022,false,,,,,,,,,,,,,11463,,,10700,,12500,11 463 [10 700-12 500],,,EN,2025-12-19T00:00:00.000Z
MALARIA_EST_DEATHS,Estimated number of malaria deaths,text,AFR,Africa,Country,KEN,Kenya,Year,2022,false,,,,,,,,,,,,,11811,,,11200,,12600,11 811 [11 200-12 600],,,EN,2025-12-19T00:00:00.000Z
MALARIA_EST_DEATHS,Estimated number of malaria deaths,text,AFR,Africa,Country,CMR,Cameroon,Year,2022,false,,,,,,,,,,,,,12779,,,10400,,16200,12 779 [10 400-16 200],,,EN,2025-12-19T00:00:00.000Z
MALARIA_EST_DEATHS,Estimated number of malaria deaths,text,AMR,Americas,Country,VEN,Venezuela (Bolivarian Republic of),Year,2022,false,,,,,,,,,,,,,125,,,64,,190,125 [64-190],,,EN,2025-12-19T00:00:00.000Z
MALARIA_EST_DEATHS,Estimated number of malaria deaths,text,AFR,Africa,Country,TCD,Chad,Year,2022,false,,,,,,,,,,,,,13796,,,10500,,18700,13 796 [10 500-18 700],,,EN,2025-12-19T00:00:00.000Z
MALARIA_EST_DEATHS,Estimated number of malaria deaths,text,EMR,Eastern Mediterranean,Country,AFG,Afghanistan,Year,2022,false,,,,,,,,,,,,,131,,,56,,220,131 [56-220],,,EN,2025-12-19T00:00:00.000Z
MALARIA_EST_DEATHS,Estimated number of malaria deaths,text,AFR,Africa,Country,MLI,Mali,Year,2022,false,,,,,,,,,,,,,14277,,,11500,,17900,14 277 [11 500-17 900],,,EN,2025-12-19T00:00:00.000Z
MALARIA_EST_DEATHS,Estimated number of malaria deaths,text,AMR,Americas,Country,COL,Colombia,Year,2022,false,,,,,,,,,,,,,16,,,,,,16,,,EN,2025-12-19T00:00:00.000Z
MALARIA_EST_DEATHS,Estimated number of malaria deaths,text,AFR,Africa,Country,BFA,Burkina Faso,Year,2022,false,,,,,,,,,,,,,16436,,,11800,,23700,16 436 [11 800-23 700],,,EN,2025-12-19T00:00:00.000Z
MALARIA_EST_DEATHS,Estimated number of malaria deaths,text,WPR,Western Pacific,Country,PHL,Philippines,Year,2022,false,,,,,,,,,,,,,17,,,7,,31,17 [7-31],,,EN,2025-12-19T00:00:00.000Z
MALARIA_EST_DEATHS,Estimated number of malaria deaths,text,AFR,Africa,Country,UGA,Uganda,Year,2022,false,,,,,,,,,,,,,17538,,,13900,,23600,17 538 [13 900-23 600],,,EN,2025-12-19T00:00:00.000Z
MALARIA_EST_DEATHS,Estimated number of malaria deaths,text,AFR,Africa,Country,SEN,Senegal,Year,2022,false,,,,,,,,,,,,,1721,,,750,,2900,1721 [750-2900],,,EN,2025-12-19T00:00:00.000Z
MALARIA_EST_DEATHS,Estimated number of malaria deaths,text,AFR,Africa,Country,NGA,Nigeria,Year,2022,false,,,,,,,,,,,,,187692,,,141000,,261000,187 692 [141 000-261 000],,,EN,2025-12-19T00:00:00.000Z
MALARIA_EST_DEATHS,Estimated number of malaria deaths,text,AFR,Africa,Country,AGO,Angola,Year,2022,false,,,,,,,,,,,,,20286,,,13000,,33700,20 286 [13 000-33 700],,,EN,2025-12-19T00:00:00.000Z
MALARIA_EST_DEATHS,Estimated number of malaria deaths,text,WPR,Western Pacific,Country,SLB,Solomon Islands,Year,2022,false,,,,,,,,,,,,,207,,,110,,320,207 [110-320],,,EN,2025-12-19T00:00:00.000Z
MALARIA_EST_DEATHS,Estimated number of malaria deaths,text,AFR,Africa,Country,MOZ,Mozambique,Year,2022,false,,,,,,,,,,,,,21094,,,13100,,36000,21 094 [13 100-36 000],,,EN,2025-12-19T00:00:00.000Z
MALARIA_EST_DEATHS,Estimated number of malaria deaths,text,AFR,Africa,Country,COG,Congo,Year,2022,false,,,,,,,,,,,,,2236,,,1950,,2820,2236 [1950-2820],,,EN,2025-12-19T00:00:00.000Z
MALARIA_EST_DEATHS,Estimated number of malaria deaths,text,EMR,Eastern Mediterranean,Country,YEM,Yemen,Year,2022,false,,,,,,,,,,,,,2402,,,970,,4740,2402 [970-4740],,,EN,2025-12-19T00:00:00.000Z
MALARIA_EST_DEATHS,Estimated number of malaria deaths,text,EMR,Eastern Mediterranean,Country,SOM,Somalia,Year,2022,false,,,,,,,,,,,,,2491,,,930,,5060,2491 [930-5060],,,EN,2025-12-19T00:00:00.000Z
MALARIA_EST_DEATHS,Estimated number of malaria deaths,text,AFR,Africa,Country,TZA,United Republic of Tanzania,Year,2022,false,,,,,,,,,,,,,25499,,,23800,,27700,25 499 [23 800-27 700],,,EN,2025-12-19T00:00:00.000Z
MALARIA_EST_DEATHS,Estimated number of malaria deaths,text,AMR,Americas,Country,PER,Peru,Year,2022,false,,,,,,,,,,,,,27,,,13,,42,27 [13-42],,,EN,2025-12-19T00:00:00.000Z
MALARIA_EST_DEATHS,Estimated number of malaria deaths,text,AFR,Africa,Country,NAM,Namibia,Year,2022,false,,,,,,,,,,,,,28,,,,,,28,,,EN,2025-12-19T00:00:00.000Z
MALARIA_EST_DEATHS,Estimated number of malaria deaths,text,AFR,Africa,Country,ZAF,South Africa,Year,2022,false,,,,,,,,,,,,,29,,,,,,29,,,EN,2025-12-19T00:00:00.000Z
MALARIA_EST_DEATHS,Estimated number of malaria deaths,text,WPR,Western Pacific,Country,LAO,Lao People's Democratic Republic,Year,2022,false,,,,,,,,,,,,,3,,,0,,4,3 [0-4],,,EN,2025-12-19T00:00:00.000Z
MALARIA_EST_DEATHS,Estimated number of malaria deaths,text,SEAR,South-East Asia,Country,IND,India,Year,2022,false,,,,,,,,,,,,,3027,,,1480,,4860,3027 [1480-4860],,,EN,2025-12-19T00:00:00.000Z
MALARIA_EST_DEATHS,Estimated number of malaria deaths,text,EMR,Eastern Mediterranean,Country,PAK,Pakistan,Year,2022,false,,,,,,,,,,,,,3051,,,1520,,5080,3051 [1520-5080],,,EN,2025-12-19T00:00:00.000Z
MALARIA_EST_DEATHS,Estimated number of malaria deaths,text,AMR,Americas,Country,GUY,Guyana,Year,2022,false,,,,,,,,,,,,,31,,,15,,48,31 [15-48],,,EN,2025-12-19T00:00:00.000Z
MALARIA_EST_DEATHS,Estimated number of malaria deaths,text,AFR,Africa,Country,ERI,Eritrea,Year,2022,false,,,,,,,,,,,,,316,,,120,,590,316 [120-590],,,EN,2025-12-19T00:00:00.000Z
MALARIA_EST_DEATHS,Estimated number of malaria deaths,text,AFR,Africa,Country,RWA,Rwanda,Year,2022,false,,,,,,,,,,,,,3311,,,3090,,3730,3311 [3090-3730],,,EN,2025-12-19T00:00:00.000Z
MALARIA_EST_DEATHS,Estimated number of malaria deaths,text,WPR,Western Pacific,Country,PNG,Papua New Guinea,Year,2022,false,,,,,,,,,,,,,3398,,,1430,,6080,3398 [1430-6080],,,EN,2025-12-19T00:00:00.000Z
MALARIA_EST_DEATHS,Estimated number of malaria deaths,text,AFR,Africa,Country,NER,Niger,Year,2022,false,,,,,,,,,,,,,34802,,,28700,,42700,34 802 [28 700-42 700],,,EN,2025-12-19T00:00:00.000Z
MALARIA_EST_DEATHS,Estimated number of malaria deaths,text,AFR,Africa,Country,TGO,Togo,Year,2022,false,,,,,,,,,,,,,3527,,,2930,,4350,3527 [2930-4350],,,EN,2025-12-19T00:00:00.000Z
MALARIA_EST_DEATHS,Estimated number of malaria deaths,text,AFR,Africa,Country,LBR,Liberia,Year,2022,false,,,,,,,,,,,,,3846,,,2920,,5380,3846 [2920-5380],,,EN,2025-12-19T00:00:00.000Z
MALARIA_EST_DEATHS,Estimated number of malaria deaths,text,AFR,Africa,Country,SWZ,Eswatini,Year,2022,false,,,,,,,,,,,,,4,,,,,,4,,,EN,2025-12-19T00:00:00.000Z
MALARIA_EST_DEATHS,Estimated number of malaria deaths,text,SEAR,South-East Asia,Country,BGD,Bangladesh,Year,2022,false,,,,,,,,,,,,,41,,,19,,66,41 [19-66],,,EN,2025-12-19T00:00:00.000Z
MALARIA_EST_DEATHS,Estimated number of malaria deaths,text,AFR,Africa,Country,GAB,Gabon,Year,2022,false,,,,,,,,,,,,,430,,,370,,530,430 [370-530],,,EN,2025-12-19T00:00:00.000Z
MALARIA_EST_DEATHS,Estimated number of malaria deaths,text,SEAR,South-East Asia,Country,MMR,Myanmar,Year,2022,false,,,,,,,,,,,,,467,,,200,,2030,467 [200-2030],,,EN,2025-12-19T00:00:00.000Z
MALARIA_EST_DEATHS,Estimated number of malaria deaths,text,AMR,Americas,Country,BOL,Bolivia (Plurinational State of),Year,2022,false,,,,,,,,,,,,,5,,,2,,10,5 [2-10],,,EN,2025-12-19T00:00:00.000Z
MALARIA_EST_DEATHS,Estimated number of malaria deaths,text,AFR,Africa,Country,CAF,Central African Republic,Year,2022,false,,,,,,,,,,,,,5101,,,4010,,6520,5101 [4010-6520],,,EN,2025-12-19T00:00:00.000Z
MALARIA_EST_DEATHS,Estimated number of malaria deaths,text,AFR,Africa,Country,COM,Comoros,Year,2022,false,,,,,,,,,,,,,52,,,24,,81,52 [24-81],,,EN,2025-12-19T00:00:00.000Z
MALARIA_EST_DEATHS,Estimated number of malaria deaths,text,AFR,Africa,Country,BWA,Botswana,Year,2022,false,,,,,,,,,,,,,6,,,,,,6,,,EN,2025-12-19T00:00:00.000Z
MALARIA_EST_DEATHS,Estimated number of malaria deaths,text,AFR,Africa,Country,GMB,Gambia,Year,2022,false,,,,,,,,,,,,,626,,,590,,680,626 [590-680],,,EN,2025-12-19T00:00:00.000Z
MALARIA_EST_DEATHS,Estimated number of malaria deaths,text,AMR,Americas,Country,HTI,Haiti,Year,2022,false,,,,,,,,,,,,,67,,,26,,120,67 [26-120],,,EN,2025-12-19T00:00:00.000Z
MALARIA_EST_DEATHS,Estimated number of malaria deaths,text,AFR,Africa,Country,SSD,South Sudan,Year,2022,false,,,,,,,,,,,,,6700,,,3680,,13400,6700 [3680-13 400],,,EN,2025-12-19T00:00:00.000Z
MALARIA_EST_DEATHS,Estimated number of malaria deaths,text,AMR,Americas,Country,BRA,Brazil,Year,2022,false,,,,,,,,,,,,,70,,,,,,70,,,EN,2025-12-19T00:00:00.000Z
MALARIA_EST_DEATHS,Estimated number of malaria deaths,text,AFR,Africa,Country,COD,Democratic Republic of the Congo,Year,2022,false,,,,,,,,,,,,,70024,,,44700,,114000,70 024 [44 700-114 000],,,EN,2025-12-19T00:00:00.000Z
MALARIA_EST_DEATHS,Estimated number of malaria deaths,text,AFR,Africa,Country,BDI,Burundi,Year,2022,false,,,,,,,,,,,,,7146,,,5300,,10400,7146 [5300-10 400],,,EN,2025-12-19T00:00:00.000Z
MALARIA_EST_DEATHS,Estimated number of malaria deaths,text,AFR,Africa,Country,MRT,Mauritania,Year,2022,false,,,,,,,,,,,,,718,,,220,,1610,718 [220-1610],,,EN,2025-12-19T00:00:00.000Z
MALARIA_EST_DEATHS,Estimated number of malaria deaths,text,AFR,Africa,Country,MWI,Malawi,Year,2022,false,,,,,,,,,,,,,7525,,,6340,,9680,7525 [6340-9680],,,EN,2025-12-19T00:00:00.000Z
MALARIA_EST_DEATHS,Estimated number of malaria deaths,text,AFR,Africa,Country,GNQ,Equatorial Guinea,Year,2022,false,,,,,,,,,,,,,800,,,660,,1070,800 [660-1070],,,EN,2025-12-19T00:00:00.000Z
MALARIA_EST_DEATHS,Estimated number of malaria deaths,text,EMR,Eastern Mediterranean,Country,DJI,Djibouti,Year,2022,false,,,,,,,,,,,,,81,,,39,,120,81 [39-120],,,EN,2025-12-19T00:00:00.000Z
MALARIA_EST_DEATHS,Estimated number of malaria deaths,text,AFR,Africa,Country,SLE,Sierra Leone,Year,2022,false,,,,,,,,,,,,,8194,,,5720,,11600,8194 [5720-11 600],,,EN,2025-12-19T00:00:00.000Z
MALARIA_EST_DEATHS,Estimated number of malaria deaths,text,AFR,Africa,Country,ZMB,Zambia,Year,2022,false,,,,,,,,,,,,,8834,,,7570,,10900,8834 [7570-10 900],,,EN,2025-12-19T00:00:00.000Z
MALARIA_EST_DEATHS,Estimated number of malaria deaths,text,EMR,Eastern Mediterranean,Country,SDN,Sudan,Year,2022,false,,,,,,,,,,,,,9105,,,3420,,18100,9105 [3420-18 100],,,EN,2025-12-19T00:00:00.000Z
MALARIA_EST_DEATHS,Estimated number of malaria deaths,text,AFR,Africa,Country,MDG,Madagascar,Year,2022,false,,,,,,,,,,,,,9121,,,3510,,17000,9121 [3510-17 000],,,EN,2025-12-19T00:00:00.000Z
MALARIA_EST_DEATHS,Estimated number of malaria deaths,text,AFR,Africa,Country,ZWE,Zimbabwe,Year,2022,false,,,,,,,,,,,,,936,,,340,,1780,936 [340-1780],,,EN,2025-12-19T00:00:00.000Z
MALARIA_EST_DEATHS,Estimated number of malaria deaths,text,WPR,Western Pacific,Country,IDN,Indonesia,Year,2022,false,,,,,,,,,,,,,977,,,490,,1490,977 [490-1490],,,EN,2025-12-19T00:00:00.000Z
MALARIA_EST_DEATHS,Estimated number of malaria deaths,text,AFR,Africa,Country,DZA,Algeria,Year,2021,false,,,,,,,,,,,,,0,,,,,,0,,,EN,2025-12-19T00:00:00.000Z
MALARIA_EST_DEATHS,Estimated number of malaria deaths,text,AMR,Americas,Country,ARG,Argentina,Year,2021,false,,,,,,,,,,,,,0,,,,,,0,,,EN,2025-12-19T00:00:00.000Z
MALARIA_EST_DEATHS,Estimated number of malaria deaths,text,EUR,Europe,Country,ARM,Armenia,Year,2021,false,,,,,,,,,,,,,0,,,,,,0,,,EN,2025-12-19T00:00:00.000Z
MALARIA_EST_DEATHS,Estimated number of malaria deaths,text,EUR,Europe,Country,AZE,Azerbaijan,Year,2021,false,,,,,,,,,,,,,0,,,,,,0,,,EN,2025-12-19T00:00:00.000Z
MALARIA_EST_DEATHS,Estimated number of malaria deaths,text,AMR,Americas,Country,BLZ,Belize,Year,2021,false,,,,,,,,,,,,,0,,,,,,0,,,EN,2025-12-19T00:00:00.000Z
MALARIA_EST_DEATHS,Estimated number of malaria deaths,text,SEAR,South-East Asia,Country,BTN,Bhutan,Year,2021,false,,,,,,,,,,,,,0,,,,,,0,,,EN,2025-12-19T00:00:00.000Z
MALARIA_EST_DEATHS,Estimated number of malaria deaths,text,AFR,Africa,Country,CPV,Cabo Verde,Year,2021,false,,,,,,,,,,,,,0,,,,,,0,,,EN,2025-12-19T00:00:00.000Z
MALARIA_EST_DEATHS,Estimated number of malaria deaths,text,WPR,Western Pacific,Country,KHM,Cambodia,Year,2021,false,,,,,,,,,,,,,0,,,,,,0,,,EN,2025-12-19T00:00:00.000Z
MALARIA_EST_DEATHS,Estimated number of malaria deaths,text,WPR,Western Pacific,Country,CHN,China,Year,2021,false,,,,,,,,,,,,,0,,,,,,0,,,EN,2025-12-19T00:00:00.000Z
MALARIA_EST_DEATHS,Estimated number of malaria deaths,text,AMR,Americas,Country,CRI,Costa Rica,Year,2021,false,,,,,,,,,,,,,0,,,,,,0,,,EN,2025-12-19T00:00:00.000Z
MALARIA_EST_DEATHS,Estimated number of malaria deaths,text,SEAR,South-East Asia,Country,PRK,Democratic People's Republic of Korea,Year,2021,false,,,,,,,,,,,,,0,,,,,,0,,,EN,2025-12-19T00:00:00.000Z
MALARIA_EST_DEATHS,Estimated number of malaria deaths,text,AMR,Americas,Country,ECU,Ecuador,Year,2021,false,,,,,,,,,,,,,0,,,,,,0,,,EN,2025-12-19T00:00:00.000Z
MALARIA_EST_DEATHS,Estimated number of malaria deaths,text,EMR,Eastern Mediterranean,Country,EGY,Egypt,Year,2021,false,,,,,,,,,,,,,0,,,,,,0,,,EN,2025-12-19T00:00:00.000Z
MALARIA_EST_DEATHS,Estimated number of malaria deaths,text,AMR,Americas,Country,SLV,El Salvador,Year,2021,false,,,,,,,,,,,,,0,,,,,,0,,,EN,2025-12-19T00:00:00.000Z
MALARIA_EST_DEATHS,Estimated number of malaria deaths,text,AMR,Americas,Country,GUF,French Guiana,Year,2021,false,,,,,,,,,,,,,0,,,,,,0,,,EN,2025-12-19T00:00:00.000Z
MALARIA_EST_DEATHS,Estimated number of malaria deaths,text,EUR,Europe,Country,GEO,Georgia,Year,2021,false,,,,,,,,,,,,,0,,,,,,0,,,EN,2025-12-19T00:00:00.000Z
MALARIA_EST_DEATHS,Estimated number of malaria deaths,text,AMR,Americas,Country,GTM,Guatemala,Year,2021,false,,,,,,,,,,,,,0,,,,,,0,,,EN,2025-12-19T00:00:00.000Z
MALARIA_EST_DEATHS,Estimated number of malaria deaths,text,AMR,Americas,Country,HND,Honduras,Year,2021,false,,,,,,,,,,,,,0,,,,,,0,,,EN,2025-12-19T00:00:00.000Z
MALARIA_EST_DEATHS,Estimated number of malaria deaths,text,EMR,Eastern Mediterranean,Country,IRN,Iran (Islamic Republic of),Year,2021,false,,,,,,,,,,,,,0,,,,,,0,,,EN,2025-12-19T00:00:00.000Z
MALARIA_EST_DEATHS,Estimated number of malaria deaths,text,EMR,Eastern Mediterranean,Country,IRQ,Iraq,Year,2021,false,,,,,,,,,,,,,0,,,,,,0,,,EN,2025-12-19T00:00:00.000Z
MALARIA_EST_DEATHS,Estimated number of malaria deaths,text,EUR,Europe,Country,KAZ,Kazakhstan,Year,2021,false,,,,,,,,,,,,,0,,,,,,0,,,EN,2025-12-19T00:00:00.000Z
MALARIA_EST_DEATHS,Estimated number of malaria deaths,text,EUR,Europe,Country,KGZ,Kyrgyzstan,Year,2021,false,,,,,,,,,,,,,0,,,,,,0,,,EN,2025-12-19T00:00:00.000Z
MALARIA_EST_DEATHS,Estimated number of malaria deaths,text,WPR,Western Pacific,Country,MYS,Malaysia,Year,2021,false,,,,,,,,,,,,,0,,,,,,0,,,EN,2025-12-19T00:00:00.000Z
MALARIA_EST_DEATHS,Estimated number of malaria deaths,text,AFR,Africa,Country,MUS,Mauritius,Year,2021,true,,,,,,,,,,,,,0,,,,,,0,,,EN,2025-12-19T00:00:00.000Z
MALARIA_EST_DEATHS,Estimated number of malaria deaths,text,AMR,Americas,Country,MEX,Mexico,Year,2021,false,,,,,,,,,,,,,0,,,,,,0,,,EN,2025-12-19T00:00:00.000Z
MALARIA_EST_DEATHS,Estimated number of malaria deaths,text,EMR,Eastern Mediterranean,Country,MAR,Morocco,Year,2021,false,,,,,,,,,,,,,0,,,,,,0,,,EN,2025-12-19T00:00:00.000Z
MALARIA_EST_DEATHS,Estimated number of malaria deaths,text,AMR,Americas,Country,NIC,Nicaragua,Year,2021,false,,,,,,,,,,,,,0,,,,,,0,,,EN,2025-12-19T00:00:00.000Z
MALARIA_EST_DEATHS,Estimated number of malaria deaths,text,EMR,Eastern Mediterranean,Country,OMN,Oman,Year,2021,false,,,,,,,,,,,,,0,,,,,,0,,,EN,2025-12-19T00:00:00.000Z
MALARIA_EST_DEATHS,Estimated number of malaria deaths,text,AMR,Americas,Country,PAN,Panama,Year,2021,false,,,,,,,,,,,,,0,,,,,,0,,,EN,2025-12-19T00:00:00.000Z
MALARIA_EST_DEATHS,Estimated number of malaria deaths,text,AMR,Americas,Country,PRY,Paraguay,Year,2021,false,,,,,,,,,,,,,0,,,,,,0,,,EN,2025-12-19T00:00:00.000Z
MALARIA_EST_DEATHS,Estimated number of malaria deaths,text,WPR,Western Pacific,Country,KOR,Republic of Korea,Year,2021,false,,,,,,,,,,,,,0,,,,,,0,,,EN,2025-12-19T00:00:00.000Z
MALARIA_EST_DEATHS,Estimated number of malaria deaths,text,EMR,Eastern Mediterranean,Country,SAU,Saudi Arabia,Year,2021,false,,,,,,,,,,,,,0,,,,,,0,,,EN,2025-12-19T00:00:00.000Z
MALARIA_EST_DEATHS,Estimated number of malaria deaths,text,SEAR,South-East Asia,Country,LKA,Sri Lanka,Year,2021,false,,,,,,,,,,,,,0,,,,,,0,,,EN,2025-12-19T00:00:00.000Z
MALARIA_EST_DEATHS,Estimated number of malaria deaths,text,AMR,Americas,Country,SUR,Suriname,Year,2021,false,,,,,,,,,,,,,0,,,,,,0,,,EN,2025-12-19T00:00:00.000Z
MALARIA_EST_DEATHS,Estimated number of malaria deaths,text,EMR,Eastern Mediterranean,Country,SYR,Syrian Arab Republic,Year,2021,false,,,,,,,,,,,,,0,,,,,,0,,,EN,2025-12-19T00:00:00.000Z
MALARIA_EST_DEATHS,Estimated number of malaria deaths,text,EUR,Europe,Country,TUR,Türkiye,Year,2021,false,,,,,,,,,,,,,0,,,,,,0,,,EN,2025-12-19T00:00:00.000Z
MALARIA_EST_DEATHS,Estimated number of malaria deaths,text,EUR,Europe,Country,TJK,Tajikistan,Year,2021,false,,,,,,,,,,,,,0,,,,,,0,,,EN,2025-12-19T00:00:00.000Z
MALARIA_EST_DEATHS,Estimated number of malaria deaths,text,SEAR,South-East Asia,Country,THA,Thailand,Year,2021,false,,,,,,,,,,,,,0,,,,,,0,,,EN,2025-12-19T00:00:00.000Z
MALARIA_EST_DEATHS,Estimated number of malaria deaths,text,SEAR,South-East Asia,Country,TLS,Timor-Leste,Year,2021,false,,,,,,,,,,,,,0,,,,,,0,,,EN,2025-12-19T00:00:00.000Z
MALARIA_EST_DEATHS,Estimated number of malaria deaths,text,EUR,Europe,Country,TKM,Turkmenistan,Year,2021,false,,,,,,,,,,,,,0,,,,,,0,,,EN,2025-12-19T00:00:00.000Z
MALARIA_EST_DEATHS,Estimated number of malaria deaths,text,EMR,Eastern Mediterranean,Country,ARE,United Arab Emirates,Year,2021,false,,,,,,,,,,,,,0,,,,,,0,,,EN,2025-12-19T00:00:00.000Z
MALARIA_EST_DEATHS,Estimated number of malaria deaths,text,EUR,Europe,Country,UZB,Uzbekistan,Year,2021,false,,,,,,,,,,,,,0,,,,,,0,,,EN,2025-12-19T00:00:00.000Z
MALARIA_EST_DEATHS,Estimated number of malaria deaths,text,WPR,Western Pacific,Country,VUT,Vanuatu,Year,2021,false,,,,,,,,,,,,,0,,,,,,0,,,EN,2025-12-19T00:00:00.000Z
MALARIA_EST_DEATHS,Estimated number of malaria deaths,text,WPR,Western Pacific,Country,VNM,Viet Nam,Year,2021,false,,,,,,,,,,,,,0,,,,,,0,,,EN,2025-12-19T00:00:00.000Z
MALARIA_EST_DEATHS,Estimated number of malaria deaths,text,AFR,Africa,Country,MYT,Mayotte,Year,2021,false,,,,,,,,,,,,,0,,,0,,0,0 [0-0],,,EN,2025-12-19T00:00:00.000Z
MALARIA_EST_DEATHS,Estimated number of malaria deaths,text,AMR,Americas,Country,DOM,Dominican Republic,Year,2021,false,,,,,,,,,,,,,1,,,,,,1,,,EN,2025-12-19T00:00:00.000Z
MALARIA_EST_DEATHS,Estimated number of malaria deaths,text,SEAR,South-East Asia,Country,NPL,Nepal,Year,2021,false,,,,,,,,,,,,,1,,,,,,1,,,EN,2025-12-19T00:00:00.000Z
MALARIA_EST_DEATHS,Estimated number of malaria deaths,text,AFR,Africa,Country,STP,Sao Tome and Principe,Year,2021,false,,,,,,,,,,,,,1,,,,,,1,,,EN,2025-12-19T00:00:00.000Z
MALARIA_EST_DEATHS,Estimated number of malaria deaths,text,AFR,Africa,Country,GIN,Guinea,Year,2021,false,,,,,,,,,,,,,10381,,,8970,,12300,10 381 [8970-12 300],,,EN,2025-12-19T00:00:00.000Z
MALARIA_EST_DEATHS,Estimated number of malaria deaths,text,AFR,Africa,Country,GNB,Guinea-Bissau,Year,2021,false,,,,,,,,,,,,,1027,,,820,,1360,1027 [820-1360],,,EN,2025-12-19T00:00:00.000Z
MALARIA_EST_DEATHS,Estimated number of malaria deaths,text,AMR,Americas,Country,COL,Colombia,Year,2021,false,,,,,,,,,,,,,11,,,,,,11,,,EN,2025-12-19T00:00:00.000Z
MALARIA_EST_DEATHS,Estimated number of malaria deaths,text,AFR,Africa,Country,BEN,Benin,Year,2021,false,,,,,,,,,,,,,11115,,,8600,,14300,11 115 [8600-14 300],,,EN,2025-12-19T00:00:00.000Z
MALARIA_EST_DEATHS,Estimated number of malaria deaths,text,AFR,Africa,Country,CIV,Cote d'Ivoire,Year,2021,false,,,,,,,,,,,,,11248,,,9670,,13100,11 248 [9670-13 100],,,EN,2025-12-19T00:00:00.000Z
MALARIA_EST_DEATHS,Estimated number of malaria deaths,text,AFR,Africa,Country,GHA,Ghana,Year,2021,false,,,,,,,,,,,,,11373,,,10700,,12300,11 373 [10 700-12 300],,,EN,2025-12-19T00:00:00.000Z
MALARIA_EST_DEATHS,Estimated number of malaria deaths,text,AFR,Africa,Country,KEN,Kenya,Year,2021,false,,,,,,,,,,,,,11669,,,11100,,12400,11 669 [11 100-12 400],,,EN,2025-12-19T00:00:00.000Z
MALARIA_EST_DEATHS,Estimated number of malaria deaths,text,EMR,Eastern Mediterranean,Country,DJI,Djibouti,Year,2021,false,,,,,,,,,,,,,118,,,58,,180,118 [58-180],,,EN,2025-12-19T00:00:00.000Z
MALARIA_EST_DEATHS,Estimated number of malaria deaths,text,AFR,Africa,Country,MDG,Madagascar,Year,2021,false,,,,,,,,,,,,,12640,,,4840,,23700,12 640 [4840-23 700],,,EN,2025-12-19T00:00:00.000Z
MALARIA_EST_DEATHS,Estimated number of malaria deaths,text,AFR,Africa,Country,CMR,Cameroon,Year,2021,false,,,,,,,,,,,,,12961,,,10700,,16000,12 961 [10 700-16 000],,,EN,2025-12-19T00:00:00.000Z
MALARIA_EST_DEATHS,Estimated number of malaria deaths,text,AFR,Africa,Country,TCD,Chad,Year,2021,false,,,,,,,,,,,,,13801,,,10700,,18200,13 801 [10 700-18 200],,,EN,2025-12-19T00:00:00.000Z
MALARIA_EST_DEATHS,Estimated number of malaria deaths,text,AFR,Africa,Country,NAM,Namibia,Year,2021,false,,,,,,,,,,,,,14,,,,,,14,,,EN,2025-12-19T00:00:00.000Z
MALARIA_EST_DEATHS,Estimated number of malaria deaths,text,AFR,Africa,Country,MLI,Mali,Year,2021,false,,,,,,,,,,,,,14352,,,11900,,17600,14 352 [11 900-17 600],,,EN,2025-12-19T00:00:00.000Z
MALARIA_EST_DEATHS,Estimated number of malaria deaths,text,AMR,Americas,Country,VEN,Venezuela (Bolivarian Republic of),Year,2021,false,,,,,,,,,,,,,155,,,80,,240,155 [80-240],,,EN,2025-12-19T00:00:00.000Z
MALARIA_EST_DEATHS,Estimated number of malaria deaths,text,SEAR,South-East Asia,Country,BGD,Bangladesh,Year,2021,false,,,,,,,,,,,,,16,,,8,,27,16 [8-27],,,EN,2025-12-19T00:00:00.000Z
MALARIA_EST_DEATHS,Estimated number of malaria deaths,text,AFR,Africa,Country,BFA,Burkina Faso,Year,2021,false,,,,,,,,,,,,,16733,,,12300,,23500,16 733 [12 300-23 500],,,EN,2025-12-19T00:00:00.000Z
MALARIA_EST_DEATHS,Estimated number of malaria deaths,text,WPR,Western Pacific,Country,SLB,Solomon Islands,Year,2021,false,,,,,,,,,,,,,165,,,84,,260,165 [84-260],,,EN,2025-12-19T00:00:00.000Z
MALARIA_EST_DEATHS,Estimated number of malaria deaths,text,AMR,Americas,Country,PER,Peru,Year,2021,false,,,,,,,,,,,,,17,,,9,,29,17 [9-29],,,EN,2025-12-19T00:00:00.000Z
MALARIA_EST_DEATHS,Estimated number of malaria deaths,text,AFR,Africa,Country,UGA,Uganda,Year,2021,false,,,,,,,,,,,,,17438,,,13900,,23100,17 438 [13 900-23 100],,,EN,2025-12-19T00:00:00.000Z
MALARIA_EST_DEATHS,Estimated number of malaria deaths,text,AFR,Africa,Country,SEN,Senegal,Year,2021,false,,,,,,,,,,,,,1845,,,800,,3140,1845 [800-3140],,,EN,2025-12-19T00:00:00.000Z
MALARIA_EST_DEATHS,Estimated number of malaria deaths,text,AFR,Africa,Country,NGA,Nigeria,Year,2021,false,,,,,,,,,,,,,190761,,,146000,,258000,190 761 [146 000-258 000],,,EN,2025-12-19T00:00:00.000Z
MALARIA_EST_DEATHS,Estimated number of malaria deaths,text,AFR,Africa,Country,AGO,Angola,Year,2021,false,,,,,,,,,,,,,20493,,,13100,,33800,20 493 [13 100-33 800],,,EN,2025-12-19T00:00:00.000Z
MALARIA_EST_DEATHS,Estimated number of malaria deaths,text,AFR,Africa,Country,MOZ,Mozambique,Year,2021,false,,,,,,,,,,,,,21201,,,13400,,35300,21 201 [13 400-35 300],,,EN,2025-12-19T00:00:00.000Z
MALARIA_EST_DEATHS,Estimated number of malaria deaths,text,AFR,Africa,Country,ERI,Eritrea,Year,2021,false,,,,,,,,,,,,,211,,,83,,390,211 [83-390],,,EN,2025-12-19T00:00:00.000Z
MALARIA_EST_DEATHS,Estimated number of malaria deaths,text,WPR,Western Pacific,Country,PHL,Philippines,Year,2021,false,,,,,,,,,,,,,22,,,9,,40,22 [9-40],,,EN,2025-12-19T00:00:00.000Z
MALARIA_EST_DEATHS,Estimated number of malaria deaths,text,AFR,Africa,Country,COG,Congo,Year,2021,false,,,,,,,,,,,,,2219,,,1940,,2770,2219 [1940-2770],,,EN,2025-12-19T00:00:00.000Z
MALARIA_EST_DEATHS,Estimated number of malaria deaths,text,SEAR,South-East Asia,Country,MMR,Myanmar,Year,2021,false,,,,,,,,,,,,,231,,,99,,1010,231 [99-1010],,,EN,2025-12-19T00:00:00.000Z
MALARIA_EST_DEATHS,Estimated number of malaria deaths,text,EMR,Eastern Mediterranean,Country,SOM,Somalia,Year,2021,false,,,,,,,,,,,,,2447,,,960,,4650,2447 [960-4650],,,EN,2025-12-19T00:00:00.000Z
MALARIA_EST_DEATHS,Estimated number of malaria deaths,text,WPR,Western Pacific,Country,PNG,Papua New Guinea,Year,2021,false,,,,,,,,,,,,,2449,,,1050,,4380,2449 [1050-4380],,,EN,2025-12-19T00:00:00.000Z
MALARIA_EST_DEATHS,Estimated number of malaria deaths,text,AFR,Africa,Country,TZA,United Republic of Tanzania,Year,2021,false,,,,,,,,,,,,,25155,,,23600,,27100,25 155 [23 600-27 100],,,EN,2025-12-19T00:00:00.000Z
MALARIA_EST_DEATHS,Estimated number of malaria deaths,text,AFR,Africa,Country,COM,Comoros,Year,2021,false,,,,,,,,,,,,,26,,,12,,41,26 [12-41],,,EN,2025-12-19T00:00:00.000Z
MALARIA_EST_DEATHS,Estimated number of malaria deaths,text,EMR,Eastern Mediterranean,Country,YEM,Yemen,Year,2021,false,,,,,,,,,,,,,2652,,,1060,,5170,2652 [1060-5170],,,EN,2025-12-19T00:00:00.000Z
MALARIA_EST_DEATHS,Estimated number of malaria deaths,text,AMR,Americas,Country,GUY,Guyana,Year,2021,false,,,,,,,,,,,,,27,,,13,,43,27 [13-43],,,EN,2025-12-19T00:00:00.000Z
MALARIA_EST_DEATHS,Estimated number of malaria deaths,text,AFR,Africa,Country,MRT,Mauritania,Year,2021,false,,,,,,,,,,,,,318,,,97,,710,318 [97-710],,,EN,2025-12-19T00:00:00.000Z
MALARIA_EST_DEATHS,Estimated number of malaria deaths,text,AFR,Africa,Country,RWA,Rwanda,Year,2021,false,,,,,,,,,,,,,3263,,,3050,,3640,3263 [3050-3640],,,EN,2025-12-19T00:00:00.000Z
MALARIA_EST_DEATHS,Estimated number of malaria deaths,text,AFR,Africa,Country,NER,Niger,Year,2021,false,,,,,,,,,,,,,34234,,,28900,,40900,34 234 [28 900-40 900],,,EN,2025-12-19T00:00:00.000Z
MALARIA_EST_DEATHS,Estimated number of malaria deaths,text,AFR,Africa,Country,TGO,Togo,Year,2021,false,,,,,,,,,,,,,3546,,,2980,,4300,3546 [2980-4300],,,EN,2025-12-19T00:00:00.000Z
MALARIA_EST_DEATHS,Estimated number of malaria deaths,text,AFR,Africa,Country,LBR,Liberia,Year,2021,false,,,,,,,,,,,,,3902,,,3000,,5330,3902 [3000-5330],,,EN,2025-12-19T00:00:00.000Z
MALARIA_EST_DEATHS,Estimated number of malaria deaths,text,AMR,Americas,Country,BOL,Bolivia (Plurinational State of),Year,2021,false,,,,,,,,,,,,,4,,,1,,9,4 [1-9],,,EN,2025-12-19T00:00:00.000Z
MALARIA_EST_DEATHS,Estimated number of malaria deaths,text,AFR,Africa,Country,GAB,Gabon,Year,2021,false,,,,,,,,,,,,,428,,,370,,520,428 [370-520],,,EN,2025-12-19T00:00:00.000Z
MALARIA_EST_DEATHS,Estimated number of malaria deaths,text,EMR,Eastern Mediterranean,Country,PAK,Pakistan,Year,2021,false,,,,,,,,,,,,,460,,,230,,750,460 [230-750],,,EN,2025-12-19T00:00:00.000Z
MALARIA_EST_DEATHS,Estimated number of malaria deaths,text,AFR,Africa,Country,BWA,Botswana,Year,2021,false,,,,,,,,,,,,,5,,,,,,5,,,EN,2025-12-19T00:00:00.000Z
MALARIA_EST_DEATHS,Estimated number of malaria deaths,text,AFR,Africa,Country,SWZ,Eswatini,Year,2021,false,,,,,,,,,,,,,5,,,,,,5,,,EN,2025-12-19T00:00:00.000Z
MALARIA_EST_DEATHS,Estimated number of malaria deaths,text,AFR,Africa,Country,CAF,Central African Republic,Year,2021,false,,,,,,,,,,,,,5107,,,4120,,6380,5107 [4120-6380],,,EN,2025-12-19T00:00:00.000Z
MALARIA_EST_DEATHS,Estimated number of malaria deaths,text,AFR,Africa,Country,ZAF,South Africa,Year,2021,false,,,,,,,,,,,,,56,,,,,,56,,,EN,2025-12-19T00:00:00.000Z
MALARIA_EST_DEATHS,Estimated number of malaria deaths,text,AMR,Americas,Country,HTI,Haiti,Year,2021,false,,,,,,,,,,,,,57,,,22,,110,57 [22-110],,,EN,2025-12-19T00:00:00.000Z
MALARIA_EST_DEATHS,Estimated number of malaria deaths,text,SEAR,South-East Asia,Country,IND,India,Year,2021,false,,,,,,,,,,,,,5760,,,2320,,10600,5760 [2320-10 600],,,EN,2025-12-19T00:00:00.000Z
MALARIA_EST_DEATHS,Estimated number of malaria deaths,text,WPR,Western Pacific,Country,LAO,Lao People's Democratic Republic,Year,2021,false,,,,,,,,,,,,,6,,,2,,11,6 [2-11],,,EN,2025-12-19T00:00:00.000Z
MALARIA_EST_DEATHS,Estimated number of malaria deaths,text,AMR,Americas,Country,BRA,Brazil,Year,2021,false,,,,,,,,,,,,,61,,,,,,61,,,EN,2025-12-19T00:00:00.000Z
MALARIA_EST_DEATHS,Estimated number of malaria deaths,text,AFR,Africa,Country,GMB,Gambia,Year,2021,false,,,,,,,,,,,,,619,,,580,,660,619 [580-660],,,EN,2025-12-19T00:00:00.000Z
MALARIA_EST_DEATHS,Estimated number of malaria deaths,text,AFR,Africa,Country,SSD,South Sudan,Year,2021,false,,,,,,,,,,,,,6738,,,3760,,13000,6738 [3760-13 000],,,EN,2025-12-19T00:00:00.000Z
MALARIA_EST_DEATHS,Estimated number of malaria deaths,text,AFR,Africa,Country,COD,Democratic Republic of the Congo,Year,2021,false,,,,,,,,,,,,,70300,,,45700,,111000,70 300 [45 700-111 000],,,EN,2025-12-19T00:00:00.000Z
MALARIA_EST_DEATHS,Estimated number of malaria deaths,text,AFR,Africa,Country,BDI,Burundi,Year,2021,false,,,,,,,,,,,,,7226,,,5370,,10600,7226 [5370-10 600],,,EN,2025-12-19T00:00:00.000Z
MALARIA_EST_DEATHS,Estimated number of malaria deaths,text,AFR,Africa,Country,MWI,Malawi,Year,2021,false,,,,,,,,,,,,,7456,,,6310,,9400,7456 [6310-9400],,,EN,2025-12-19T00:00:00.000Z
MALARIA_EST_DEATHS,Estimated number of malaria deaths,text,WPR,Western Pacific,Country,IDN,Indonesia,Year,2021,false,,,,,,,,,,,,,749,,,370,,1140,749 [370-1140],,,EN,2025-12-19T00:00:00.000Z
MALARIA_EST_DEATHS,Estimated number of malaria deaths,text,AFR,Africa,Country,GNQ,Equatorial Guinea,Year,2021,false,,,,,,,,,,,,,795,,,660,,1050,795 [660-1050],,,EN,2025-12-19T00:00:00.000Z
MALARIA_EST_DEATHS,Estimated number of malaria deaths,text,AFR,Africa,Country,ETH,Ethiopia,Year,2021,false,,,,,,,,,,,,,8041,,,2890,,15600,8041 [2890-15 600],,,EN,2025-12-19T00:00:00.000Z
MALARIA_EST_DEATHS,Estimated number of malaria deaths,text,AFR,Africa,Country,SLE,Sierra Leone,Year,2021,false,,,,,,,,,,,,,8464,,,6010,,11700,8464 [6010-11 700],,,EN,2025-12-19T00:00:00.000Z
MALARIA_EST_DEATHS,Estimated number of malaria deaths,text,EMR,Eastern Mediterranean,Country,SDN,Sudan,Year,2021,false,,,,,,,,,,,,,8658,,,3230,,17600,8658 [3230-17 600],,,EN,2025-12-19T00:00:00.000Z
MALARIA_EST_DEATHS,Estimated number of malaria deaths,text,AFR,Africa,Country,ZMB,Zambia,Year,2021,false,,,,,,,,,,,,,8734,,,7540,,10600,8734 [7540-10 600],,,EN,2025-12-19T00:00:00.000Z
MALARIA_EST_DEATHS,Estimated number of malaria deaths,text,AFR,Africa,Country,ZWE,Zimbabwe,Year,2021,false,,,,,,,,,,,,,876,,,330,,1680,876 [330-1680],,,EN,2025-12-19T00:00:00.000Z
MALARIA_EST_DEATHS,Estimated number of malaria deaths,text,EMR,Eastern Mediterranean,Country,AFG,Afghanistan,Year,2021,false,,,,,,,,,,,,,91,,,41,,150,91 [41-150],,,EN,2025-12-19T00:00:00.000Z
MALARIA_EST_DEATHS,Estimated number of malaria deaths,text,AFR,Africa,Country,DZA,Algeria,Year,2020,false,,,,,,,,,,,,,0,,,,,,0,,,EN,2025-12-19T00:00:00.000Z
MALARIA_EST_DEATHS,Estimated number of malaria deaths,text,AMR,Americas,Country,ARG,Argentina,Year,2020,false,,,,,,,,,,,,,0,,,,,,0,,,EN,2025-12-19T00:00:00.000Z
MALARIA_EST_DEATHS,Estimated number of malaria deaths,text,EUR,Europe,Country,ARM,Armenia,Year,2020,false,,,,,,,,,,,,,0,,,,,,0,,,EN,2025-12-19T00:00:00.000Z
MALARIA_EST_DEATHS,Estimated number of malaria deaths,text,EUR,Europe,Country,AZE,Azerbaijan,Year,2020,false,,,,,,,,,,,,,0,,,,,,0,,,EN,2025-12-19T00:00:00.000Z
MALARIA_EST_DEATHS,Estimated number of malaria deaths,text,AMR,Americas,Country,BLZ,Belize,Year,2020,false,,,,,,,,,,,,,0,,,,,,0,,,EN,2025-12-19T00:00:00.000Z
MALARIA_EST_DEATHS,Estimated number of malaria deaths,text,SEAR,South-East Asia,Country,BTN,Bhutan,Year,2020,false,,,,,,,,,,,,,0,,,,,,0,,,EN,2025-12-19T00:00:00.000Z
MALARIA_EST_DEATHS,Estimated number of malaria deaths,text,AFR,Africa,Country,CPV,Cabo Verde,Year,2020,false,,,,,,,,,,,,,0,,,,,,0,,,EN,2025-12-19T00:00:00.000Z
MALARIA_EST_DEATHS,Estimated number of malaria deaths,text,WPR,Western Pacific,Country,CHN,China,Year,2020,false,,,,,,,,,,,,,0,,,,,,0,,,EN,2025-12-19T00:00:00.000Z
MALARIA_EST_DEATHS,Estimated number of malaria deaths,text,AMR,Americas,Country,CRI,Costa Rica,Year,2020,false,,,,,,,,,,,,,0,,,,,,0,,,EN,2025-12-19T00:00:00.000Z
MALARIA_EST_DEATHS,Estimated number of malaria deaths,text,SEAR,South-East Asia,Country,PRK,Democratic People's Republic of Korea,Year,2020,false,,,,,,,,,,,,,0,,,,,,0,,,EN,2025-12-19T00:00:00.000Z
MALARIA_EST_DEATHS,Estimated number of malaria deaths,text,EMR,Eastern Mediterranean,Country,EGY,Egypt,Year,2020,false,,,,,,,,,,,,,0,,,,,,0,,,EN,2025-12-19T00:00:00.000Z
MALARIA_EST_DEATHS,Estimated number of malaria deaths,text,AMR,Americas,Country,SLV,El Salvador,Year,2020,false,,,,,,,,,,,,,0,,,,,,0,,,EN,2025-12-19T00:00:00.000Z
MALARIA_EST_DEATHS,Estimated number of malaria deaths,text,AMR,Americas,Country,GUF,French Guiana,Year,2020,false,,,,,,,,,,,,,0,,,,,,0,,,EN,2025-12-19T00:00:00.000Z
MALARIA_EST_DEATHS,Estimated number of malaria deaths,text,EUR,Europe,Country,GEO,Georgia,Year,2020,false,,,,,,,,,,,,,0,,,,,,0,,,EN,2025-12-19T00:00:00.000Z
MALARIA_EST_DEATHS,Estimated number of malaria deaths,text,AMR,Americas,Country,GTM,Guatemala,Year,2020,false,,,,,,,,,,,,,0,,,,,,0,,,EN,2025-12-19T00:00:00.000Z
MALARIA_EST_DEATHS,Estimated number of malaria deaths,text,EMR,Eastern Mediterranean,Country,IRN,Iran (Islamic Republic of),Year,2020,false,,,,,,,,,,,,,0,,,,,,0,,,EN,2025-12-19T00:00:00.000Z
MALARIA_EST_DEATHS,Estimated number of malaria deaths,text,EMR,Eastern Mediterranean,Country,IRQ,Iraq,Year,2020,false,,,,,,,,,,,,,0,,,,,,0,,,EN,2025-12-19T00:00:00.000Z
MALARIA_EST_DEATHS,Estimated number of malaria deaths,text,EUR,Europe,Country,KAZ,Kazakhstan,Year,2020,false,,,,,,,,,,,,,0,,,,,,0,,,EN,2025-12-19T00:00:00.000Z
MALARIA_EST_DEATHS,Estimated number of malaria deaths,text,EUR,Europe,Country,KGZ,Kyrgyzstan,Year,2020,false,,,,,,,,,,,,,0,,,,,,0,,,EN,2025-12-19T00:00:00.000Z
MALARIA_EST_DEATHS,Estimated number of malaria deaths,text,WPR,Western Pacific,Country,MYS,Malaysia,Year,2020,false,,,,,,,,,,,,,0,,,,,,0,,,EN,2025-12-19T00:00:00.000Z
MALARIA_EST_DEATHS,Estimated number of malaria deaths,text,AMR,Americas,Country,MEX,Mexico,Year,2020,false,,,,,,,,,,,,,0,,,,,,0,,,EN,2025-12-19T00:00:00.000Z
MALARIA_EST_DEATHS,Estimated number of malaria deaths,text,EMR,Eastern Mediterranean,Country,MAR,Morocco,Year,2020,false,,,,,,,,,,,,,0,,,,,,0,,,EN,2025-12-19T00:00:00.000Z
MALARIA_EST_DEATHS,Estimated number of malaria deaths,text,SEAR,South-East Asia,Country,NPL,Nepal,Year,2020,false,,,,,,,,,,,,,0,,,,,,0,,,EN,2025-12-19T00:00:00.000Z
MALARIA_EST_DEATHS,Estimated number of malaria deaths,text,AMR,Americas,Country,NIC,Nicaragua,Year,2020,false,,,,,,,,,,,,,0,,,,,,0,,,EN,2025-12-19T00:00:00.000Z
MALARIA_EST_DEATHS,Estimated number of malaria deaths,text,EMR,Eastern Mediterranean,Country,OMN,Oman,Year,2020,false,,,,,,,,,,,,,0,,,,,,0,,,EN,2025-12-19T00:00:00.000Z
MALARIA_EST_DEATHS,Estimated number of malaria deaths,text,AMR,Americas,Country,PAN,Panama,Year,2020,false,,,,,,,,,,,,,0,,,,,,0,,,EN,2025-12-19T00:00:00.000Z
MALARIA_EST_DEATHS,Estimated number of malaria deaths,text,AMR,Americas,Country,PRY,Paraguay,Year,2020,false,,,,,,,,,,,,,0,,,,,,0,,,EN,2025-12-19T00:00:00.000Z
MALARIA_EST_DEATHS,Estimated number of malaria deaths,text,WPR,Western Pacific,Country,KOR,Republic of Korea,Year,2020,false,,,,,,,,,,,,,0,,,,,,0,,,EN,2025-12-19T00:00:00.000Z
MALARIA_EST_DEATHS,Estimated number of malaria deaths,text,AFR,Africa,Country,STP,Sao Tome and Principe,Year,2020,false,,,,,,,,,,,,,0,,,,,,0,,,EN,2025-12-19T00:00:00.000Z
MALARIA_EST_DEATHS,Estimated number of malaria deaths,text,EMR,Eastern Mediterranean,Country,SAU,Saudi Arabia,Year,2020,false,,,,,,,,,,,,,0,,,,,,0,,,EN,2025-12-19T00:00:00.000Z
MALARIA_EST_DEATHS,Estimated number of malaria deaths,text,SEAR,South-East Asia,Country,LKA,Sri Lanka,Year,2020,false,,,,,,,,,,,,,0,,,,,,0,,,EN,2025-12-19T00:00:00.000Z
MALARIA_EST_DEATHS,Estimated number of malaria deaths,text,AMR,Americas,Country,SUR,Suriname,Year,2020,false,,,,,,,,,,,,,0,,,,,,0,,,EN,2025-12-19T00:00:00.000Z
MALARIA_EST_DEATHS,Estimated number of malaria deaths,text,EMR,Eastern Mediterranean,Country,SYR,Syrian Arab Republic,Year,2020,false,,,,,,,,,,,,,0,,,,,,0,,,EN,2025-12-19T00:00:00.000Z
MALARIA_EST_DEATHS,Estimated number of malaria deaths,text,EUR,Europe,Country,TUR,Türkiye,Year,2020,false,,,,,,,,,,,,,0,,,,,,0,,,EN,2025-12-19T00:00:00.000Z
MALARIA_EST_DEATHS,Estimated number of malaria deaths,text,EUR,Europe,Country,TJK,Tajikistan,Year,2020,false,,,,,,,,,,,,,0,,,,,,0,,,EN,2025-12-19T00:00:00.000Z
MALARIA_EST_DEATHS,Estimated number of malaria deaths,text,SEAR,South-East Asia,Country,TLS,Timor-Leste,Year,2020,false,,,,,,,,,,,,,0,,,,,,0,,,EN,2025-12-19T00:00:00.000Z
MALARIA_EST_DEATHS,Estimated number of malaria deaths,text,EUR,Europe,Country,TKM,Turkmenistan,Year,2020,false,,,,,,,,,,,,,0,,,,,,0,,,EN,2025-12-19T00:00:00.000Z
MALARIA_EST_DEATHS,Estimated number of malaria deaths,text,EMR,Eastern Mediterranean,Country,ARE,United Arab Emirates,Year,2020,false,,,,,,,,,,,,,0,,,,,,0,,,EN,2025-12-19T00:00:00.000Z
MALARIA_EST_DEATHS,Estimated number of malaria deaths,text,EUR,Europe,Country,UZB,Uzbekistan,Year,2020,false,,,,,,,,,,,,,0,,,,,,0,,,EN,2025-12-19T00:00:00.000Z
MALARIA_EST_DEATHS,Estimated number of malaria deaths,text,WPR,Western Pacific,Country,VUT,Vanuatu,Year,2020,false,,,,,,,,,,,,,0,,,,,,0,,,EN,2025-12-19T00:00:00.000Z
MALARIA_EST_DEATHS,Estimated number of malaria deaths,text,WPR,Western Pacific,Country,VNM,Viet Nam,Year,2020,false,,,,,,,,,,,,,0,,,,,,0,,,EN,2025-12-19T00:00:00.000Z
MALARIA_EST_DEATHS,Estimated number of malaria deaths,text,AMR,Americas,Country,HND,Honduras,Year,2020,false,,,,,,,,,,,,,0,,,0,,1,0 [0-1],,,EN,2025-12-19T00:00:00.000Z
MALARIA_EST_DEATHS,Estimated number of malaria deaths,text,AFR,Africa,Country,MDG,Madagascar,Year,2020,false,,,,,,,,,,,,,10281,,,4090,,18800,10 281 [4090-18 800],,,EN,2025-12-19T00:00:00.000Z
MALARIA_EST_DEATHS,Estimated number of malaria deaths,text,AFR,Africa,Country,BEN,Benin,Year,2020,false,,,,,,,,,,,,,10320,,,8690,,12300,10 320 [8690-12 300],,,EN,2025-12-19T00:00:00.000Z
MALARIA_EST_DEATHS,Estimated number of malaria deaths,text,AFR,Africa,Country,BWA,Botswana,Year,2020,false,,,,,,,,,,,,,11,,,,,,11,,,EN,2025-12-19T00:00:00.000Z
MALARIA_EST_DEATHS,Estimated number of malaria deaths,text,AFR,Africa,Country,COM,Comoros,Year,2020,false,,,,,,,,,,,,,11,,,5,,17,11 [5-17],,,EN,2025-12-19T00:00:00.000Z
MALARIA_EST_DEATHS,Estimated number of malaria deaths,text,AFR,Africa,Country,GIN,Guinea,Year,2020,false,,,,,,,,,,,,,11118,,,9260,,13600,11 118 [9260-13 600],,,EN,2025-12-19T00:00:00.000Z
MALARIA_EST_DEATHS,Estimated number of malaria deaths,text,AFR,Africa,Country,GHA,Ghana,Year,2020,false,,,,,,,,,,,,,11311,,,10700,,12200,11 311 [10 700-12 200],,,EN,2025-12-19T00:00:00.000Z
MALARIA_EST_DEATHS,Estimated number of malaria deaths,text,AFR,Africa,Country,KEN,Kenya,Year,2020,false,,,,,,,,,,,,,11384,,,10800,,12000,11 384 [10 800-12 000],,,EN,2025-12-19T00:00:00.000Z
MALARIA_EST_DEATHS,Estimated number of malaria deaths,text,AFR,Africa,Country,CIV,Cote d'Ivoire,Year,2020,false,,,,,,,,,,,,,11551,,,10000,,13300,11 551 [10 000-13 300],,,EN,2025-12-19T00:00:00.000Z
MALARIA_EST_DEATHS,Estimated number of malaria deaths,text,EMR,Eastern Mediterranean,Country,AFG,Afghanistan,Year,2020,false,,,,,,,,,,,,,110,,,45,,190,110 [45-190],,,EN,2025-12-19T00:00:00.000Z
MALARIA_EST_DEATHS,Estimated number of malaria deaths,text,WPR,Western Pacific,Country,SLB,Solomon Islands,Year,2020,false,,,,,,,,,,,,,124,,,64,,190,124 [64-190],,,EN,2025-12-19T00:00:00.000Z
MALARIA_EST_DEATHS,Estimated number of malaria deaths,text,EMR,Eastern Mediterranean,Country,DJI,Djibouti,Year,2020,false,,,,,,,,,,,,,129,,,64,,190,129 [64-190],,,EN,2025-12-19T00:00:00.000Z
MALARIA_EST_DEATHS,Estimated number of malaria deaths,text,AFR,Africa,Country,CMR,Cameroon,Year,2020,false,,,,,,,,,,,,,13523,,,11300,,16500,13 523 [11 300-16 500],,,EN,2025-12-19T00:00:00.000Z
MALARIA_EST_DEATHS,Estimated number of malaria deaths,text,AFR,Africa,Country,TCD,Chad,Year,2020,false,,,,,,,,,,,,,14082,,,10800,,18600,14 082 [10 800-18 600],,,EN,2025-12-19T00:00:00.000Z
MALARIA_EST_DEATHS,Estimated number of malaria deaths,text,SEAR,South-East Asia,Country,BGD,Bangladesh,Year,2020,false,,,,,,,,,,,,,15,,,7,,24,15 [7-24],,,EN,2025-12-19T00:00:00.000Z
MALARIA_EST_DEATHS,Estimated number of malaria deaths,text,AFR,Africa,Country,SEN,Senegal,Year,2020,false,,,,,,,,,,,,,1529,,,670,,2580,1529 [670-2580],,,EN,2025-12-19T00:00:00.000Z
MALARIA_EST_DEATHS,Estimated number of malaria deaths,text,AFR,Africa,Country,MLI,Mali,Year,2020,false,,,,,,,,,,,,,16288,,,12600,,21100,16 288 [12 600-21 100],,,EN,2025-12-19T00:00:00.000Z
MALARIA_EST_DEATHS,Estimated number of malaria deaths,text,AFR,Africa,Country,AGO,Angola,Year,2020,false,,,,,,,,,,,,,17198,,,11600,,27000,17 198 [11 600-27 000],,,EN,2025-12-19T00:00:00.000Z
MALARIA_EST_DEATHS,Estimated number of malaria deaths,text,AFR,Africa,Country,UGA,Uganda,Year,2020,false,,,,,,,,,,,,,18514,,,14200,,25300,18 514 [14 200-25 300],,,EN,2025-12-19T00:00:00.000Z
MALARIA_EST_DEATHS,Estimated number of malaria deaths,text,AFR,Africa,Country,BFA,Burkina Faso,Year,2020,false,,,,,,,,,,,,,18937,,,12900,,28600,18 937 [12 900-28 600],,,EN,2025-12-19T00:00:00.000Z
MALARIA_EST_DEATHS,Estimated number of malaria deaths,text,AMR,Americas,Country,VEN,Venezuela (Bolivarian Republic of),Year,2020,false,,,,,,,,,,,,,196,,,100,,300,196 [100-300],,,EN,2025-12-19T00:00:00.000Z
MALARIA_EST_DEATHS,Estimated number of malaria deaths,text,AMR,Americas,Country,DOM,Dominican Republic,Year,2020,false,,,,,,,,,,,,,2,,,,,,2,,,EN,2025-12-19T00:00:00.000Z
MALARIA_EST_DEATHS,Estimated number of malaria deaths,text,AFR,Africa,Country,SWZ,Eswatini,Year,2020,false,,,,,,,,,,,,,2,,,,,,2,,,EN,2025-12-19T00:00:00.000Z
MALARIA_EST_DEATHS,Estimated number of malaria deaths,text,AFR,Africa,Country,MYT,Mayotte,Year,2020,false,,,,,,,,,,,,,2,,,2,,2,2 [2-2],,,EN,2025-12-19T00:00:00.000Z
MALARIA_EST_DEATHS,Estimated number of malaria deaths,text,AFR,Africa,Country,NGA,Nigeria,Year,2020,false,,,,,,,,,,,,,200257,,,154000,,269000,200 257 [154 000-269 000],,,EN,2025-12-19T00:00:00.000Z
MALARIA_EST_DEATHS,Estimated number of malaria deaths,text,EMR,Eastern Mediterranean,Country,YEM,Yemen,Year,2020,false,,,,,,,,,,,,,2152,,,860,,4200,2152 [860-4200],,,EN,2025-12-19T00:00:00.000Z
MALARIA_EST_DEATHS,Estimated number of malaria deaths,text,AFR,Africa,Country,MOZ,Mozambique,Year,2020,false,,,,,,,,,,,,,22295,,,13900,,37400,22 295 [13 900-37 400],,,EN,2025-12-19T00:00:00.000Z
MALARIA_EST_DEATHS,Estimated number of malaria deaths,text,AFR,Africa,Country,COG,Congo,Year,2020,false,,,,,,,,,,,,,2238,,,1940,,2790,2238 [1940-2790],,,EN,2025-12-19T00:00:00.000Z
MALARIA_EST_DEATHS,Estimated number of malaria deaths,text,AMR,Americas,Country,PER,Peru,Year,2020,false,,,,,,,,,,,,,23,,,11,,41,23 [11-41],,,EN,2025-12-19T00:00:00.000Z
MALARIA_EST_DEATHS,Estimated number of malaria deaths,text,AFR,Africa,Country,TZA,United Republic of Tanzania,Year,2020,false,,,,,,,,,,,,,24568,,,23100,,26300,24 568 [23 100-26 300],,,EN,2025-12-19T00:00:00.000Z
MALARIA_EST_DEATHS,Estimated number of malaria deaths,text,EMR,Eastern Mediterranean,Country,SOM,Somalia,Year,2020,false,,,,,,,,,,,,,2408,,,990,,4340,2408 [990-4340],,,EN,2025-12-19T00:00:00.000Z
MALARIA_EST_DEATHS,Estimated number of malaria deaths,text,AMR,Americas,Country,GUY,Guyana,Year,2020,false,,,,,,,,,,,,,25,,,13,,39,25 [13-39],,,EN,2025-12-19T00:00:00.000Z
MALARIA_EST_DEATHS,Estimated number of malaria deaths,text,AFR,Africa,Country,ZWE,Zimbabwe,Year,2020,false,,,,,,,,,,,,,2951,,,1110,,5640,2951 [1110-5640],,,EN,2025-12-19T00:00:00.000Z
MALARIA_EST_DEATHS,Estimated number of malaria deaths,text,WPR,Western Pacific,Country,PNG,Papua New Guinea,Year,2020,false,,,,,,,,,,,,,2962,,,1240,,5200,2962 [1240-5200],,,EN,2025-12-19T00:00:00.000Z
MALARIA_EST_DEATHS,Estimated number of malaria deaths,text,AMR,Americas,Country,ECU,Ecuador,Year,2020,false,,,,,,,,,,,,,3,,,,,,3,,,EN,2025-12-19T00:00:00.000Z
MALARIA_EST_DEATHS,Estimated number of malaria deaths,text,SEAR,South-East Asia,Country,THA,Thailand,Year,2020,false,,,,,,,,,,,,,3,,,,,,3,,,EN,2025-12-19T00:00:00.000Z
MALARIA_EST_DEATHS,Estimated number of malaria deaths,text,AFR,Africa,Country,RWA,Rwanda,Year,2020,false,,,,,,,,,,,,,3186,,,3000,,3510,3186 [3000-3510],,,EN,2025-12-19T00:00:00.000Z
MALARIA_EST_DEATHS,Estimated number of malaria deaths,text,WPR,Western Pacific,Country,PHL,Philippines,Year,2020,false,,,,,,,,,,,,,33,,,13,,61,33 [13-61],,,EN,2025-12-19T00:00:00.000Z
MALARIA_EST_DEATHS,Estimated number of malaria deaths,text,AFR,Africa,Country,NAM,Namibia,Year,2020,false,,,,,,,,,,,,,35,,,,,,35,,,EN,2025-12-19T00:00:00.000Z
MALARIA_EST_DEATHS,Estimated number of malaria deaths,text,AFR,Africa,Country,NER,Niger,Year,2020,false,,,,,,,,,,,,,35694,,,29700,,43100,35 694 [29 700-43 100],,,EN,2025-12-19T00:00:00.000Z
MALARIA_EST_DEATHS,Estimated number of malaria deaths,text,AFR,Africa,Country,TGO,Togo,Year,2020,false,,,,,,,,,,,,,3577,,,3050,,4250,3577 [3050-4250],,,EN,2025-12-19T00:00:00.000Z
MALARIA_EST_DEATHS,Estimated number of malaria deaths,text,AFR,Africa,Country,ERI,Eritrea,Year,2020,false,,,,,,,,,,,,,372,,,150,,690,372 [150-690],,,EN,2025-12-19T00:00:00.000Z
MALARIA_EST_DEATHS,Estimated number of malaria deaths,text,AFR,Africa,Country,ZAF,South Africa,Year,2020,false,,,,,,,,,,,,,38,,,,,,38,,,EN,2025-12-19T00:00:00.000Z
MALARIA_EST_DEATHS,Estimated number of malaria deaths,text,AFR,Africa,Country,CAF,Central African Republic,Year,2020,false,,,,,,,,,,,,,4053,,,3350,,4930,4053 [3350-4930],,,EN,2025-12-19T00:00:00.000Z
MALARIA_EST_DEATHS,Estimated number of malaria deaths,text,AFR,Africa,Country,GAB,Gabon,Year,2020,false,,,,,,,,,,,,,427,,,370,,530,427 [370-530],,,EN,2025-12-19T00:00:00.000Z
MALARIA_EST_DEATHS,Estimated number of malaria deaths,text,EMR,Eastern Mediterranean,Country,PAK,Pakistan,Year,2020,false,,,,,,,,,,,,,454,,,230,,750,454 [230-750],,,EN,2025-12-19T00:00:00.000Z
MALARIA_EST_DEATHS,Estimated number of malaria deaths,text,AFR,Africa,Country,LBR,Liberia,Year,2020,false,,,,,,,,,,,,,4628,,,3370,,6590,4628 [3370-6590],,,EN,2025-12-19T00:00:00.000Z
MALARIA_EST_DEATHS,Estimated number of malaria deaths,text,AMR,Americas,Country,COL,Colombia,Year,2020,false,,,,,,,,,,,,,5,,,,,,5,,,EN,2025-12-19T00:00:00.000Z
MALARIA_EST_DEATHS,Estimated number of malaria deaths,text,AMR,Americas,Country,BRA,Brazil,Year,2020,false,,,,,,,,,,,,,51,,,,,,51,,,EN,2025-12-19T00:00:00.000Z
MALARIA_EST_DEATHS,Estimated number of malaria deaths,text,SEAR,South-East Asia,Country,IND,India,Year,2020,false,,,,,,,,,,,,,5874,,,2480,,10500,5874 [2480-10 500],,,EN,2025-12-19T00:00:00.000Z
MALARIA_EST_DEATHS,Estimated number of malaria deaths,text,AMR,Americas,Country,BOL,Bolivia (Plurinational State of),Year,2020,false,,,,,,,,,,,,,6,,,2,,11,6 [2-11],,,EN,2025-12-19T00:00:00.000Z
MALARIA_EST_DEATHS,Estimated number of malaria deaths,text,WPR,Western Pacific,Country,KHM,Cambodia,Year,2020,false,,,,,,,,,,,,,6,,,3,,10,6 [3-10],,,EN,2025-12-19T00:00:00.000Z
MALARIA_EST_DEATHS,Estimated number of malaria deaths,text,AFR,Africa,Country,GMB,Gambia,Year,2020,false,,,,,,,,,,,,,610,,,580,,650,610 [580-650],,,EN,2025-12-19T00:00:00.000Z
MALARIA_EST_DEATHS,Estimated number of malaria deaths,text,WPR,Western Pacific,Country,LAO,Lao People's Democratic Republic,Year,2020,false,,,,,,,,,,,,,7,,,3,,12,7 [3-12],,,EN,2025-12-19T00:00:00.000Z
MALARIA_EST_DEATHS,Estimated number of malaria deaths,text,AFR,Africa,Country,SSD,South Sudan,Year,2020,false,,,,,,,,,,,,,7136,,,4000,,13300,7136 [4000-13 300],,,EN,2025-12-19T00:00:00.000Z
MALARIA_EST_DEATHS,Estimated number of malaria deaths,text,AFR,Africa,Country,BDI,Burundi,Year,2020,false,,,,,,,,,,,,,7289,,,5450,,10500,7289 [5450-10 500],,,EN,2025-12-19T00:00:00.000Z
MALARIA_EST_DEATHS,Estimated number of malaria deaths,text,AFR,Africa,Country,MWI,Malawi,Year,2020,false,,,,,,,,,,,,,7423,,,6280,,9340,7423 [6280-9340],,,EN,2025-12-19T00:00:00.000Z
MALARIA_EST_DEATHS,Estimated number of malaria deaths,text,AFR,Africa,Country,COD,Democratic Republic of the Congo,Year,2020,false,,,,,,,,,,,,,75025,,,50200,,115000,75 025 [50 200-115 000],,,EN,2025-12-19T00:00:00.000Z
MALARIA_EST_DEATHS,Estimated number of malaria deaths,text,AFR,Africa,Country,MRT,Mauritania,Year,2020,false,,,,,,,,,,,,,754,,,190,,1880,754 [190-1880],,,EN,2025-12-19T00:00:00.000Z
MALARIA_EST_DEATHS,Estimated number of malaria deaths,text,SEAR,South-East Asia,Country,MMR,Myanmar,Year,2020,false,,,,,,,,,,,,,77,,,38,,120,77 [38-120],,,EN,2025-12-19T00:00:00.000Z
MALARIA_EST_DEATHS,Estimated number of malaria deaths,text,EMR,Eastern Mediterranean,Country,SDN,Sudan,Year,2020,false,,,,,,,,,,,,,7876,,,2870,,15600,7876 [2870-15 600],,,EN,2025-12-19T00:00:00.000Z
MALARIA_EST_DEATHS,Estimated number of malaria deaths,text,AFR,Africa,Country,GNQ,Equatorial Guinea,Year,2020,false,,,,,,,,,,,,,790,,,660,,1030,790 [660-1030],,,EN,2025-12-19T00:00:00.000Z
MALARIA_EST_DEATHS,Estimated number of malaria deaths,text,AFR,Africa,Country,ZMB,Zambia,Year,2020,false,,,,,,,,,,,,,8556,,,7400,,10300,8556 [7400-10 300],,,EN,2025-12-19T00:00:00.000Z
MALARIA_EST_DEATHS,Estimated number of malaria deaths,text,AFR,Africa,Country,SLE,Sierra Leone,Year,2020,false,,,,,,,,,,,,,9392,,,6480,,13100,9392 [6480-13 100],,,EN,2025-12-19T00:00:00.000Z
MALARIA_EST_DEATHS,Estimated number of malaria deaths,text,AFR,Africa,Country,ETH,Ethiopia,Year,2020,false,,,,,,,,,,,,,9424,,,3430,,18600,9424 [3430-18 600],,,EN,2025-12-19T00:00:00.000Z
MALARIA_EST_DEATHS,Estimated number of malaria deaths,text,AFR,Africa,Country,GNB,Guinea-Bissau,Year,2020,false,,,,,,,,,,,,,954,,,770,,1260,954 [770-1260],,,EN,2025-12-19T00:00:00.000Z
MALARIA_EST_DEATHS,Estimated number of malaria deaths,text,AMR,Americas,Country,HTI,Haiti,Year,2020,false,,,,,,,,,,,,,97,,,38,,180,97 [38-180],,,EN,2025-12-19T00:00:00.000Z
MALARIA_EST_DEATHS,Estimated number of malaria deaths,text,WPR,Western Pacific,Country,IDN,Indonesia,Year,2020,false,,,,,,,,,,,,,974,,,480,,1500,974 [480-1500],,,EN,2025-12-19T00:00:00.000Z
MALARIA_EST_DEATHS,Estimated number of malaria deaths,text,AFR,Africa,Country,DZA,Algeria,Year,2019,false,,,,,,,,,,,,,0,,,,,,0,,,EN,2025-12-19T00:00:00.000Z
MALARIA_EST_DEATHS,Estimated number of malaria deaths,text,AMR,Americas,Country,ARG,Argentina,Year,2019,false,,,,,,,,,,,,,0,,,,,,0,,,EN,2025-12-19T00:00:00.000Z
MALARIA_EST_DEATHS,Estimated number of malaria deaths,text,EUR,Europe,Country,ARM,Armenia,Year,2019,false,,,,,,,,,,,,,0,,,,,,0,,,EN,2025-12-19T00:00:00.000Z
MALARIA_EST_DEATHS,Estimated number of malaria deaths,text,EUR,Europe,Country,AZE,Azerbaijan,Year,2019,false,,,,,,,,,,,,,0,,,,,,0,,,EN,2025-12-19T00:00:00.000Z
MALARIA_EST_DEATHS,Estimated number of malaria deaths,text,AMR,Americas,Country,BLZ,Belize,Year,2019,false,,,,,,,,,,,,,0,,,,,,0,,,EN,2025-12-19T00:00:00.000Z
MALARIA_EST_DEATHS,Estimated number of malaria deaths,text,SEAR,South-East Asia,Country,BTN,Bhutan,Year,2019,false,,,,,,,,,,,,,0,,,,,,0,,,EN,2025-12-19T00:00:00.000Z
MALARIA_EST_DEATHS,Estimated number of malaria deaths,text,AFR,Africa,Country,CPV,Cabo Verde,Year,2019,false,,,,,,,,,,,,,0,,,,,,0,,,EN,2025-12-19T00:00:00.000Z
MALARIA_EST_DEATHS,Estimated number of malaria deaths,text,WPR,Western Pacific,Country,CHN,China,Year,2019,false,,,,,,,,,,,,,0,,,,,,0,,,EN,2025-12-19T00:00:00.000Z
MALARIA_EST_DEATHS,Estimated number of malaria deaths,text,AMR,Americas,Country,CRI,Costa Rica,Year,2019,false,,,,,,,,,,,,,0,,,,,,0,,,EN,2025-12-19T00:00:00.000Z
MALARIA_EST_DEATHS,Estimated number of malaria deaths,text,SEAR,South-East Asia,Country,PRK,Democratic People's Republic of Korea,Year,2019,false,,,,,,,,,,,,,0,,,,,,0,,,EN,2025-12-19T00:00:00.000Z
MALARIA_EST_DEATHS,Estimated number of malaria deaths,text,AMR,Americas,Country,ECU,Ecuador,Year,2019,false,,,,,,,,,,,,,0,,,,,,0,,,EN,2025-12-19T00:00:00.000Z
MALARIA_EST_DEATHS,Estimated number of malaria deaths,text,EMR,Eastern Mediterranean,Country,EGY,Egypt,Year,2019,false,,,,,,,,,,,,,0,,,,,,0,,,EN,2025-12-19T00:00:00.000Z
MALARIA_EST_DEATHS,Estimated number of malaria deaths,text,AMR,Americas,Country,SLV,El Salvador,Year,2019,false,,,,,,,,,,,,,0,,,,,,0,,,EN,2025-12-19T00:00:00.000Z
MALARIA_EST_DEATHS,Estimated number of malaria deaths,text,AMR,Americas,Country,GUF,French Guiana,Year,2019,false,,,,,,,,,,,,,0,,,,,,0,,,EN,2025-12-19T00:00:00.000Z
MALARIA_EST_DEATHS,Estimated number of malaria deaths,text,EUR,Europe,Country,GEO,Georgia,Year,2019,false,,,,,,,,,,,,,0,,,,,,0,,,EN,2025-12-19T00:00:00.000Z
MALARIA_EST_DEATHS,Estimated number of malaria deaths,text,AMR,Americas,Country,HND,Honduras,Year,2019,false,,,,,,,,,,,,,0,,,,,,0,,,EN,2025-12-19T00:00:00.000Z
MALARIA_EST_DEATHS,Estimated number of malaria deaths,text,EMR,Eastern Mediterranean,Country,IRN,Iran (Islamic Republic of),Year,2019,false,,,,,,,,,,,,,0,,,,,,0,,,EN,2025-12-19T00:00:00.000Z
MALARIA_EST_DEATHS,Estimated number of malaria deaths,text,EMR,Eastern Mediterranean,Country,IRQ,Iraq,Year,2019,false,,,,,,,,,,,,,0,,,,,,0,,,EN,2025-12-19T00:00:00.000Z
MALARIA_EST_DEATHS,Estimated number of malaria deaths,text,EUR,Europe,Country,KAZ,Kazakhstan,Year,2019,false,,,,,,,,,,,,,0,,,,,,0,,,EN,2025-12-19T00:00:00.000Z
MALARIA_EST_DEATHS,Estimated number of malaria deaths,text,EUR,Europe,Country,KGZ,Kyrgyzstan,Year,2019,false,,,,,,,,,,,,,0,,,,,,0,,,EN,2025-12-19T00:00:00.000Z
MALARIA_EST_DEATHS,Estimated number of malaria deaths,text,WPR,Western Pacific,Country,MYS,Malaysia,Year,2019,false,,,,,,,,,,,,,0,,,,,,0,,,EN,2025-12-19T00:00:00.000Z
MALARIA_EST_DEATHS,Estimated number of malaria deaths,text,AMR,Americas,Country,MEX,Mexico,Year,2019,false,,,,,,,,,,,,,0,,,,,,0,,,EN,2025-12-19T00:00:00.000Z
MALARIA_EST_DEATHS,Estimated number of malaria deaths,text,EMR,Eastern Mediterranean,Country,MAR,Morocco,Year,2019,false,,,,,,,,,,,,,0,,,,,,0,,,EN,2025-12-19T00:00:00.000Z
MALARIA_EST_DEATHS,Estimated number of malaria deaths,text,SEAR,South-East Asia,Country,NPL,Nepal,Year,2019,false,,,,,,,,,,,,,0,,,,,,0,,,EN,2025-12-19T00:00:00.000Z
MALARIA_EST_DEATHS,Estimated number of malaria deaths,text,EMR,Eastern Mediterranean,Country,OMN,Oman,Year,2019,false,,,,,,,,,,,,,0,,,,,,0,,,EN,2025-12-19T00:00:00.000Z
MALARIA_EST_DEATHS,Estimated number of malaria deaths,text,AMR,Americas,Country,PAN,Panama,Year,2019,false,,,,,,,,,,,,,0,,,,,,0,,,EN,2025-12-19T00:00:00.000Z
MALARIA_EST_DEATHS,Estimated number of malaria deaths,text,AMR,Americas,Country,PRY,Paraguay,Year,2019,false,,,,,,,,,,,,,0,,,,,,0,,,EN,2025-12-19T00:00:00.000Z
MALARIA_EST_DEATHS,Estimated number of malaria deaths,text,WPR,Western Pacific,Country,KOR,Republic of Korea,Year,2019,false,,,,,,,,,,,,,0,,,,,,0,,,EN,2025-12-19T00:00:00.000Z
MALARIA_EST_DEATHS,Estimated number of malaria deaths,text,AFR,Africa,Country,STP,Sao Tome and Principe,Year,2019,false,,,,,,,,,,,,,0,,,,,,0,,,EN,2025-12-19T00:00:00.000Z
MALARIA_EST_DEATHS,Estimated number of malaria deaths,text,EMR,Eastern Mediterranean,Country,SAU,Saudi Arabia,Year,2019,false,,,,,,,,,,,,,0,,,,,,0,,,EN,2025-12-19T00:00:00.000Z
MALARIA_EST_DEATHS,Estimated number of malaria deaths,text,SEAR,South-East Asia,Country,LKA,Sri Lanka,Year,2019,false,,,,,,,,,,,,,0,,,,,,0,,,EN,2025-12-19T00:00:00.000Z
MALARIA_EST_DEATHS,Estimated number of malaria deaths,text,AMR,Americas,Country,SUR,Suriname,Year,2019,false,,,,,,,,,,,,,0,,,,,,0,,,EN,2025-12-19T00:00:00.000Z
MALARIA_EST_DEATHS,Estimated number of malaria deaths,text,EMR,Eastern Mediterranean,Country,SYR,Syrian Arab Republic,Year,2019,false,,,,,,,,,,,,,0,,,,,,0,,,EN,2025-12-19T00:00:00.000Z
MALARIA_EST_DEATHS,Estimated number of malaria deaths,text,EUR,Europe,Country,TUR,Türkiye,Year,2019,false,,,,,,,,,,,,,0,,,,,,0,,,EN,2025-12-19T00:00:00.000Z
MALARIA_EST_DEATHS,Estimated number of malaria deaths,text,EUR,Europe,Country,TJK,Tajikistan,Year,2019,false,,,,,,,,,,,,,0,,,,,,0,,,EN,2025-12-19T00:00:00.000Z
MALARIA_EST_DEATHS,Estimated number of malaria deaths,text,SEAR,South-East Asia,Country,TLS,Timor-Leste,Year,2019,false,,,,,,,,,,,,,0,,,,,,0,,,EN,2025-12-19T00:00:00.000Z
MALARIA_EST_DEATHS,Estimated number of malaria deaths,text,EUR,Europe,Country,TKM,Turkmenistan,Year,2019,false,,,,,,,,,,,,,0,,,,,,0,,,EN,2025-12-19T00:00:00.000Z
MALARIA_EST_DEATHS,Estimated number of malaria deaths,text,EMR,Eastern Mediterranean,Country,ARE,United Arab Emirates,Year,2019,false,,,,,,,,,,,,,0,,,,,,0,,,EN,2025-12-19T00:00:00.000Z
MALARIA_EST_DEATHS,Estimated number of malaria deaths,text,EUR,Europe,Country,UZB,Uzbekistan,Year,2019,false,,,,,,,,,,,,,0,,,,,,0,,,EN,2025-12-19T00:00:00.000Z
MALARIA_EST_DEATHS,Estimated number of malaria deaths,text,WPR,Western Pacific,Country,VUT,Vanuatu,Year,2019,false,,,,,,,,,,,,,0,,,,,,0,,,EN,2025-12-19T00:00:00.000Z
MALARIA_EST_DEATHS,Estimated number of malaria deaths,text,WPR,Western Pacific,Country,VNM,Viet Nam,Year,2019,false,,,,,,,,,,,,,0,,,,,,0,,,EN,2025-12-19T00:00:00.000Z
MALARIA_EST_DEATHS,Estimated number of malaria deaths,text,AMR,Americas,Country,GTM,Guatemala,Year,2019,false,,,,,,,,,,,,,0,,,0,,1,0 [0-1],,,EN,2025-12-19T00:00:00.000Z
MALARIA_EST_DEATHS,Estimated number of malaria deaths,text,AMR,Americas,Country,NIC,Nicaragua,Year,2019,false,,,,,,,,,,,,,1,,,,,,1,,,EN,2025-12-19T00:00:00.000Z
MALARIA_EST_DEATHS,Estimated number of malaria deaths,text,AFR,Africa,Country,BEN,Benin,Year,2019,false,,,,,,,,,,,,,10732,,,9430,,12200,10 732 [9430-12 200],,,EN,2025-12-19T00:00:00.000Z
MALARIA_EST_DEATHS,Estimated number of malaria deaths,text,AFR,Africa,Country,KEN,Kenya,Year,2019,false,,,,,,,,,,,,,10883,,,10600,,11200,10 883 [10 600-11 200],,,EN,2025-12-19T00:00:00.000Z
MALARIA_EST_DEATHS,Estimated number of malaria deaths,text,AFR,Africa,Country,GIN,Guinea,Year,2019,false,,,,,,,,,,,,,10898,,,9710,,12400,10 898 [9710-12 400],,,EN,2025-12-19T00:00:00.000Z
MALARIA_EST_DEATHS,Estimated number of malaria deaths,text,WPR,Western Pacific,Country,LAO,Lao People's Democratic Republic,Year,2019,false,,,,,,,,,,,,,11,,,5,,19,11 [5-19],,,EN,2025-12-19T00:00:00.000Z
MALARIA_EST_DEATHS,Estimated number of malaria deaths,text,AFR,Africa,Country,GHA,Ghana,Year,2019,false,,,,,,,,,,,,,11116,,,10600,,11700,11 116 [10 600-11 700],,,EN,2025-12-19T00:00:00.000Z
MALARIA_EST_DEATHS,Estimated number of malaria deaths,text,AFR,Africa,Country,CIV,Cote d'Ivoire,Year,2019,false,,,,,,,,,,,,,11329,,,10200,,12600,11 329 [10 200-12 600],,,EN,2025-12-19T00:00:00.000Z
MALARIA_EST_DEATHS,Estimated number of malaria deaths,text,AFR,Africa,Country,CMR,Cameroon,Year,2019,false,,,,,,,,,,,,,11458,,,10200,,12900,11 458 [10 200-12 900],,,EN,2025-12-19T00:00:00.000Z
MALARIA_EST_DEATHS,Estimated number of malaria deaths,text,SEAR,South-East Asia,Country,THA,Thailand,Year,2019,false,,,,,,,,,,,,,13,,,,,,13,,,EN,2025-12-19T00:00:00.000Z
MALARIA_EST_DEATHS,Estimated number of malaria deaths,text,AFR,Africa,Country,TCD,Chad,Year,2019,false,,,,,,,,,,,,,13294,,,10800,,16400,13 294 [10 800-16 400],,,EN,2025-12-19T00:00:00.000Z
MALARIA_EST_DEATHS,Estimated number of malaria deaths,text,AFR,Africa,Country,MLI,Mali,Year,2019,false,,,,,,,,,,,,,13982,,,12100,,16400,13 982 [12 100-16 400],,,EN,2025-12-19T00:00:00.000Z
MALARIA_EST_DEATHS,Estimated number of malaria deaths,text,AFR,Africa,Country,AGO,Angola,Year,2019,false,,,,,,,,,,,,,15253,,,10700,,22800,15 253 [10 700-22 800],,,EN,2025-12-19T00:00:00.000Z
MALARIA_EST_DEATHS,Estimated number of malaria deaths,text,AFR,Africa,Country,UGA,Uganda,Year,2019,false,,,,,,,,,,,,,15947,,,14200,,18300,15 947 [14 200-18 300],,,EN,2025-12-19T00:00:00.000Z
MALARIA_EST_DEATHS,Estimated number of malaria deaths,text,AFR,Africa,Country,BFA,Burkina Faso,Year,2019,false,,,,,,,,,,,,,16283,,,12600,,21500,16 283 [12 600-21 500],,,EN,2025-12-19T00:00:00.000Z
MALARIA_EST_DEATHS,Estimated number of malaria deaths,text,WPR,Western Pacific,Country,SLB,Solomon Islands,Year,2019,false,,,,,,,,,,,,,161,,,79,,270,161 [79-270],,,EN,2025-12-19T00:00:00.000Z
MALARIA_EST_DEATHS,Estimated number of malaria deaths,text,EMR,Eastern Mediterranean,Country,AFG,Afghanistan,Year,2019,false,,,,,,,,,,,,,170,,,67,,300,170 [67-300],,,EN,2025-12-19T00:00:00.000Z
MALARIA_EST_DEATHS,Estimated number of malaria deaths,text,AFR,Africa,Country,SEN,Senegal,Year,2019,false,,,,,,,,,,,,,1720,,,700,,3130,1720 [700-3130],,,EN,2025-12-19T00:00:00.000Z
MALARIA_EST_DEATHS,Estimated number of malaria deaths,text,AFR,Africa,Country,MOZ,Mozambique,Year,2019,false,,,,,,,,,,,,,18096,,,13800,,24900,18 096 [13 800-24 900],,,EN,2025-12-19T00:00:00.000Z
MALARIA_EST_DEATHS,Estimated number of malaria deaths,text,AFR,Africa,Country,NGA,Nigeria,Year,2019,false,,,,,,,,,,,,,181560,,,146000,,231000,181 560 [146 000-231 000],,,EN,2025-12-19T00:00:00.000Z
MALARIA_EST_DEATHS,Estimated number of malaria deaths,text,AFR,Africa,Country,ZWE,Zimbabwe,Year,2019,false,,,,,,,,,,,,,2003,,,740,,3810,2003 [740-3810],,,EN,2025-12-19T00:00:00.000Z
MALARIA_EST_DEATHS,Estimated number of malaria deaths,text,EMR,Eastern Mediterranean,Country,YEM,Yemen,Year,2019,false,,,,,,,,,,,,,2215,,,900,,4230,2215 [900-4230],,,EN,2025-12-19T00:00:00.000Z
MALARIA_EST_DEATHS,Estimated number of malaria deaths,text,AFR,Africa,Country,COG,Congo,Year,2019,false,,,,,,,,,,,,,2230,,,1940,,2720,2230 [1940-2720],,,EN,2025-12-19T00:00:00.000Z
MALARIA_EST_DEATHS,Estimated number of malaria deaths,text,AFR,Africa,Country,TZA,United Republic of Tanzania,Year,2019,false,,,,,,,,,,,,,23560,,,22600,,24700,23 560 [22 600-24 700],,,EN,2025-12-19T00:00:00.000Z
MALARIA_EST_DEATHS,Estimated number of malaria deaths,text,EMR,Eastern Mediterranean,Country,SOM,Somalia,Year,2019,false,,,,,,,,,,,,,2324,,,960,,4240,2324 [960-4240],,,EN,2025-12-19T00:00:00.000Z
MALARIA_EST_DEATHS,Estimated number of malaria deaths,text,WPR,Western Pacific,Country,KHM,Cambodia,Year,2019,false,,,,,,,,,,,,,26,,,13,,39,26 [13-39],,,EN,2025-12-19T00:00:00.000Z
MALARIA_EST_DEATHS,Estimated number of malaria deaths,text,WPR,Western Pacific,Country,PNG,Papua New Guinea,Year,2019,false,,,,,,,,,,,,,2694,,,1140,,4820,2694 [1140-4820],,,EN,2025-12-19T00:00:00.000Z
MALARIA_EST_DEATHS,Estimated number of malaria deaths,text,AMR,Americas,Country,COL,Colombia,Year,2019,false,,,,,,,,,,,,,3,,,,,,3,,,EN,2025-12-19T00:00:00.000Z
MALARIA_EST_DEATHS,Estimated number of malaria deaths,text,AFR,Africa,Country,SWZ,Eswatini,Year,2019,false,,,,,,,,,,,,,3,,,,,,3,,,EN,2025-12-19T00:00:00.000Z
MALARIA_EST_DEATHS,Estimated number of malaria deaths,text,AMR,Americas,Country,GUY,Guyana,Year,2019,false,,,,,,,,,,,,,30,,,14,,47,30 [14-47],,,EN,2025-12-19T00:00:00.000Z
MALARIA_EST_DEATHS,Estimated number of malaria deaths,text,WPR,Western Pacific,Country,PHL,Philippines,Year,2019,false,,,,,,,,,,,,,31,,,12,,56,31 [12-56],,,EN,2025-12-19T00:00:00.000Z
MALARIA_EST_DEATHS,Estimated number of malaria deaths,text,AFR,Africa,Country,RWA,Rwanda,Year,2019,false,,,,,,,,,,,,,3139,,,2970,,3400,3139 [2970-3400],,,EN,2025-12-19T00:00:00.000Z
MALARIA_EST_DEATHS,Estimated number of malaria deaths,text,AFR,Africa,Country,NER,Niger,Year,2019,false,,,,,,,,,,,,,32319,,,28300,,37000,32 319 [28 300-37 000],,,EN,2025-12-19T00:00:00.000Z
MALARIA_EST_DEATHS,Estimated number of malaria deaths,text,AFR,Africa,Country,TGO,Togo,Year,2019,false,,,,,,,,,,,,,3426,,,3020,,3910,3426 [3020-3910],,,EN,2025-12-19T00:00:00.000Z
MALARIA_EST_DEATHS,Estimated number of malaria deaths,text,AMR,Americas,Country,PER,Peru,Year,2019,false,,,,,,,,,,,,,35,,,17,,61,35 [17-61],,,EN,2025-12-19T00:00:00.000Z
MALARIA_EST_DEATHS,Estimated number of malaria deaths,text,AMR,Americas,Country,VEN,Venezuela (Bolivarian Republic of),Year,2019,false,,,,,,,,,,,,,350,,,180,,540,350 [180-540],,,EN,2025-12-19T00:00:00.000Z
MALARIA_EST_DEATHS,Estimated number of malaria deaths,text,AMR,Americas,Country,BRA,Brazil,Year,2019,false,,,,,,,,,,,,,37,,,,,,37,,,EN,2025-12-19T00:00:00.000Z
MALARIA_EST_DEATHS,Estimated number of malaria deaths,text,AMR,Americas,Country,DOM,Dominican Republic,Year,2019,false,,,,,,,,,,,,,4,,,,,,4,,,EN,2025-12-19T00:00:00.000Z
MALARIA_EST_DEATHS,Estimated number of malaria deaths,text,AMR,Americas,Country,BOL,Bolivia (Plurinational State of),Year,2019,false,,,,,,,,,,,,,4,,,1,,8,4 [1-8],,,EN,2025-12-19T00:00:00.000Z
MALARIA_EST_DEATHS,Estimated number of malaria deaths,text,AFR,Africa,Country,MYT,Mayotte,Year,2019,false,,,,,,,,,,,,,4,,,4,,4,4 [4-4],,,EN,2025-12-19T00:00:00.000Z
MALARIA_EST_DEATHS,Estimated number of malaria deaths,text,AFR,Africa,Country,CAF,Central African Republic,Year,2019,false,,,,,,,,,,,,,4001,,,3370,,4750,4001 [3370-4750],,,EN,2025-12-19T00:00:00.000Z
MALARIA_EST_DEATHS,Estimated number of malaria deaths,text,AFR,Africa,Country,GAB,Gabon,Year,2019,false,,,,,,,,,,,,,420,,,360,,510,420 [360-510],,,EN,2025-12-19T00:00:00.000Z
MALARIA_EST_DEATHS,Estimated number of malaria deaths,text,AFR,Africa,Country,ERI,Eritrea,Year,2019,false,,,,,,,,,,,,,438,,,180,,810,438 [180-810],,,EN,2025-12-19T00:00:00.000Z
MALARIA_EST_DEATHS,Estimated number of malaria deaths,text,AFR,Africa,Country,LBR,Liberia,Year,2019,false,,,,,,,,,,,,,4407,,,3740,,5340,4407 [3740-5340],,,EN,2025-12-19T00:00:00.000Z
MALARIA_EST_DEATHS,Estimated number of malaria deaths,text,AMR,Americas,Country,HTI,Haiti,Year,2019,false,,,,,,,,,,,,,45,,,17,,82,45 [17-82],,,EN,2025-12-19T00:00:00.000Z
MALARIA_EST_DEATHS,Estimated number of malaria deaths,text,AFR,Africa,Country,COM,Comoros,Year,2019,false,,,,,,,,,,,,,45,,,21,,69,45 [21-69],,,EN,2025-12-19T00:00:00.000Z
MALARIA_EST_DEATHS,Estimated number of malaria deaths,text,SEAR,South-East Asia,Country,BGD,Bangladesh,Year,2019,false,,,,,,,,,,,,,47,,,22,,78,47 [22-78],,,EN,2025-12-19T00:00:00.000Z
MALARIA_EST_DEATHS,Estimated number of malaria deaths,text,AFR,Africa,Country,MDG,Madagascar,Year,2019,false,,,,,,,,,,,,,5004,,,2020,,8970,5004 [2020-8970],,,EN,2025-12-19T00:00:00.000Z
MALARIA_EST_DEATHS,Estimated number of malaria deaths,text,SEAR,South-East Asia,Country,IND,India,Year,2019,false,,,,,,,,,,,,,5123,,,2290,,8850,5123 [2290-8850],,,EN,2025-12-19T00:00:00.000Z
MALARIA_EST_DEATHS,Estimated number of malaria deaths,text,EMR,Eastern Mediterranean,Country,PAK,Pakistan,Year,2019,false,,,,,,,,,,,,,544,,,280,,890,544 [280-890],,,EN,2025-12-19T00:00:00.000Z
MALARIA_EST_DEATHS,Estimated number of malaria deaths,text,AFR,Africa,Country,ETH,Ethiopia,Year,2019,false,,,,,,,,,,,,,5708,,,2030,,11200,5708 [2030-11 200],,,EN,2025-12-19T00:00:00.000Z
MALARIA_EST_DEATHS,Estimated number of malaria deaths,text,AFR,Africa,Country,GMB,Gambia,Year,2019,false,,,,,,,,,,,,,598,,,570,,630,598 [570-630],,,EN,2025-12-19T00:00:00.000Z
MALARIA_EST_DEATHS,Estimated number of malaria deaths,text,AFR,Africa,Country,NAM,Namibia,Year,2019,false,,,,,,,,,,,,,6,,,,,,6,,,EN,2025-12-19T00:00:00.000Z
MALARIA_EST_DEATHS,Estimated number of malaria deaths,text,AFR,Africa,Country,BDI,Burundi,Year,2019,false,,,,,,,,,,,,,6477,,,5370,,8200,6477 [5370-8200],,,EN,2025-12-19T00:00:00.000Z
MALARIA_EST_DEATHS,Estimated number of malaria deaths,text,AFR,Africa,Country,MRT,Mauritania,Year,2019,false,,,,,,,,,,,,,688,,,180,,1720,688 [180-1720],,,EN,2025-12-19T00:00:00.000Z
MALARIA_EST_DEATHS,Estimated number of malaria deaths,text,AFR,Africa,Country,MWI,Malawi,Year,2019,false,,,,,,,,,,,,,6892,,,6140,,7960,6892 [6140-7960],,,EN,2025-12-19T00:00:00.000Z
MALARIA_EST_DEATHS,Estimated number of malaria deaths,text,AFR,Africa,Country,BWA,Botswana,Year,2019,false,,,,,,,,,,,,,7,,,,,,7,,,EN,2025-12-19T00:00:00.000Z
MALARIA_EST_DEATHS,Estimated number of malaria deaths,text,EMR,Eastern Mediterranean,Country,SDN,Sudan,Year,2019,false,,,,,,,,,,,,,7365,,,2840,,14600,7365 [2840-14 600],,,EN,2025-12-19T00:00:00.000Z
MALARIA_EST_DEATHS,Estimated number of malaria deaths,text,AFR,Africa,Country,GNQ,Equatorial Guinea,Year,2019,false,,,,,,,,,,,,,739,,,630,,920,739 [630-920],,,EN,2025-12-19T00:00:00.000Z
MALARIA_EST_DEATHS,Estimated number of malaria deaths,text,AFR,Africa,Country,COD,Democratic Republic of the Congo,Year,2019,false,,,,,,,,,,,,,75254,,,52400,,109000,75 254 [52 400-109 000],,,EN,2025-12-19T00:00:00.000Z
MALARIA_EST_DEATHS,Estimated number of malaria deaths,text,AFR,Africa,Country,SSD,South Sudan,Year,2019,false,,,,,,,,,,,,,7896,,,4430,,14200,7896 [4430-14 200],,,EN,2025-12-19T00:00:00.000Z
MALARIA_EST_DEATHS,Estimated number of malaria deaths,text,AFR,Africa,Country,ZAF,South Africa,Year,2019,false,,,,,,,,,,,,,79,,,,,,79,,,EN,2025-12-19T00:00:00.000Z
MALARIA_EST_DEATHS,Estimated number of malaria deaths,text,AFR,Africa,Country,SLE,Sierra Leone,Year,2019,false,,,,,,,,,,,,,7977,,,6930,,9160,7977 [6930-9160],,,EN,2025-12-19T00:00:00.000Z
MALARIA_EST_DEATHS,Estimated number of malaria deaths,text,AFR,Africa,Country,ZMB,Zambia,Year,2019,false,,,,,,,,,,,,,8084,,,7430,,8940,8084 [7430-8940],,,EN,2025-12-19T00:00:00.000Z
MALARIA_EST_DEATHS,Estimated number of malaria deaths,text,AFR,Africa,Country,GNB,Guinea-Bissau,Year,2019,false,,,,,,,,,,,,,846,,,730,,1010,846 [730-1010],,,EN,2025-12-19T00:00:00.000Z
MALARIA_EST_DEATHS,Estimated number of malaria deaths,text,WPR,Western Pacific,Country,IDN,Indonesia,Year,2019,false,,,,,,,,,,,,,962,,,480,,1470,962 [480-1470],,,EN,2025-12-19T00:00:00.000Z
MALARIA_EST_DEATHS,Estimated number of malaria deaths,text,EMR,Eastern Mediterranean,Country,DJI,Djibouti,Year,2019,false,,,,,,,,,,,,,97,,,47,,150,97 [47-150],,,EN,2025-12-19T00:00:00.000Z
MALARIA_EST_DEATHS,Estimated number of malaria deaths,text,SEAR,South-East Asia,Country,MMR,Myanmar,Year,2019,false,,,,,,,,,,,,,97,,,48,,160,97 [48-160],,,EN,2025-12-19T00:00:00.000Z
MALARIA_EST_DEATHS,Estimated number of malaria deaths,text,AFR,Africa,Country,DZA,Algeria,Year,2018,false,,,,,,,,,,,,,0,,,,,,0,,,EN,2025-12-19T00:00:00.000Z
MALARIA_EST_DEATHS,Estimated number of malaria deaths,text,AMR,Americas,Country,ARG,Argentina,Year,2018,false,,,,,,,,,,,,,0,,,,,,0,,,EN,2025-12-19T00:00:00.000Z
MALARIA_EST_DEATHS,Estimated number of malaria deaths,text,EUR,Europe,Country,ARM,Armenia,Year,2018,false,,,,,,,,,,,,,0,,,,,,0,,,EN,2025-12-19T00:00:00.000Z
MALARIA_EST_DEATHS,Estimated number of malaria deaths,text,EUR,Europe,Country,AZE,Azerbaijan,Year,2018,false,,,,,,,,,,,,,0,,,,,,0,,,EN,2025-12-19T00:00:00.000Z
MALARIA_EST_DEATHS,Estimated number of malaria deaths,text,AMR,Americas,Country,BLZ,Belize,Year,2018,false,,,,,,,,,,,,,0,,,,,,0,,,EN,2025-12-19T00:00:00.000Z
MALARIA_EST_DEATHS,Estimated number of malaria deaths,text,SEAR,South-East Asia,Country,BTN,Bhutan,Year,2018,false,,,,,,,,,,,,,0,,,,,,0,,,EN,2025-12-19T00:00:00.000Z
MALARIA_EST_DEATHS,Estimated number of malaria deaths,text,AFR,Africa,Country,CPV,Cabo Verde,Year,2018,false,,,,,,,,,,,,,0,,,,,,0,,,EN,2025-12-19T00:00:00.000Z
MALARIA_EST_DEATHS,Estimated number of malaria deaths,text,WPR,Western Pacific,Country,CHN,China,Year,2018,false,,,,,,,,,,,,,0,,,,,,0,,,EN,2025-12-19T00:00:00.000Z
MALARIA_EST_DEATHS,Estimated number of malaria deaths,text,AMR,Americas,Country,CRI,Costa Rica,Year,2018,false,,,,,,,,,,,,,0,,,,,,0,,,EN,2025-12-19T00:00:00.000Z
MALARIA_EST_DEATHS,Estimated number of malaria deaths,text,SEAR,South-East Asia,Country,PRK,Democratic People's Republic of Korea,Year,2018,false,,,,,,,,,,,,,0,,,,,,0,,,EN,2025-12-19T00:00:00.000Z
MALARIA_EST_DEATHS,Estimated number of malaria deaths,text,AMR,Americas,Country,ECU,Ecuador,Year,2018,false,,,,,,,,,,,,,0,,,,,,0,,,EN,2025-12-19T00:00:00.000Z
MALARIA_EST_DEATHS,Estimated number of malaria deaths,text,EMR,Eastern Mediterranean,Country,EGY,Egypt,Year,2018,false,,,,,,,,,,,,,0,,,,,,0,,,EN,2025-12-19T00:00:00.000Z
MALARIA_EST_DEATHS,Estimated number of malaria deaths,text,AMR,Americas,Country,SLV,El Salvador,Year,2018,false,,,,,,,,,,,,,0,,,,,,0,,,EN,2025-12-19T00:00:00.000Z
MALARIA_EST_DEATHS,Estimated number of malaria deaths,text,AMR,Americas,Country,GUF,French Guiana,Year,2018,false,,,,,,,,,,,,,0,,,,,,0,,,EN,2025-12-19T00:00:00.000Z
MALARIA_EST_DEATHS,Estimated number of malaria deaths,text,EUR,Europe,Country,GEO,Georgia,Year,2018,false,,,,,,,,,,,,,0,,,,,,0,,,EN,2025-12-19T00:00:00.000Z
MALARIA_EST_DEATHS,Estimated number of malaria deaths,text,EMR,Eastern Mediterranean,Country,IRN,Iran (Islamic Republic of),Year,2018,false,,,,,,,,,,,,,0,,,,,,0,,,EN,2025-12-19T00:00:00.000Z
MALARIA_EST_DEATHS,Estimated number of malaria deaths,text,EMR,Eastern Mediterranean,Country,IRQ,Iraq,Year,2018,false,,,,,,,,,,,,,0,,,,,,0,,,EN,2025-12-19T00:00:00.000Z
MALARIA_EST_DEATHS,Estimated number of malaria deaths,text,EUR,Europe,Country,KAZ,Kazakhstan,Year,2018,false,,,,,,,,,,,,,0,,,,,,0,,,EN,2025-12-19T00:00:00.000Z
MALARIA_EST_DEATHS,Estimated number of malaria deaths,text,EUR,Europe,Country,KGZ,Kyrgyzstan,Year,2018,false,,,,,,,,,,,,,0,,,,,,0,,,EN,2025-12-19T00:00:00.000Z
MALARIA_EST_DEATHS,Estimated number of malaria deaths,text,WPR,Western Pacific,Country,MYS,Malaysia,Year,2018,false,,,,,,,,,,,,,0,,,,,,0,,,EN,2025-12-19T00:00:00.000Z
MALARIA_EST_DEATHS,Estimated number of malaria deaths,text,AMR,Americas,Country,MEX,Mexico,Year,2018,false,,,,,,,,,,,,,0,,,,,,0,,,EN,2025-12-19T00:00:00.000Z
MALARIA_EST_DEATHS,Estimated number of malaria deaths,text,EMR,Eastern Mediterranean,Country,MAR,Morocco,Year,2018,false,,,,,,,,,,,,,0,,,,,,0,,,EN,2025-12-19T00:00:00.000Z
MALARIA_EST_DEATHS,Estimated number of malaria deaths,text,EMR,Eastern Mediterranean,Country,OMN,Oman,Year,2018,false,,,,,,,,,,,,,0,,,,,,0,,,EN,2025-12-19T00:00:00.000Z
MALARIA_EST_DEATHS,Estimated number of malaria deaths,text,AMR,Americas,Country,PAN,Panama,Year,2018,false,,,,,,,,,,,,,0,,,,,,0,,,EN,2025-12-19T00:00:00.000Z
MALARIA_EST_DEATHS,Estimated number of malaria deaths,text,AMR,Americas,Country,PRY,Paraguay,Year,2018,false,,,,,,,,,,,,,0,,,,,,0,,,EN,2025-12-19T00:00:00.000Z
MALARIA_EST_DEATHS,Estimated number of malaria deaths,text,WPR,Western Pacific,Country,KOR,Republic of Korea,Year,2018,false,,,,,,,,,,,,,0,,,,,,0,,,EN,2025-12-19T00:00:00.000Z
MALARIA_EST_DEATHS,Estimated number of malaria deaths,text,AFR,Africa,Country,STP,Sao Tome and Principe,Year,2018,false,,,,,,,,,,,,,0,,,,,,0,,,EN,2025-12-19T00:00:00.000Z
MALARIA_EST_DEATHS,Estimated number of malaria deaths,text,EMR,Eastern Mediterranean,Country,SAU,Saudi Arabia,Year,2018,false,,,,,,,,,,,,,0,,,,,,0,,,EN,2025-12-19T00:00:00.000Z
MALARIA_EST_DEATHS,Estimated number of malaria deaths,text,SEAR,South-East Asia,Country,LKA,Sri Lanka,Year,2018,false,,,,,,,,,,,,,0,,,,,,0,,,EN,2025-12-19T00:00:00.000Z
MALARIA_EST_DEATHS,Estimated number of malaria deaths,text,AMR,Americas,Country,SUR,Suriname,Year,2018,false,,,,,,,,,,,,,0,,,,,,0,,,EN,2025-12-19T00:00:00.000Z
MALARIA_EST_DEATHS,Estimated number of malaria deaths,text,EMR,Eastern Mediterranean,Country,SYR,Syrian Arab Republic,Year,2018,false,,,,,,,,,,,,,0,,,,,,0,,,EN,2025-12-19T00:00:00.000Z
MALARIA_EST_DEATHS,Estimated number of malaria deaths,text,EUR,Europe,Country,TUR,Türkiye,Year,2018,false,,,,,,,,,,,,,0,,,,,,0,,,EN,2025-12-19T00:00:00.000Z
MALARIA_EST_DEATHS,Estimated number of malaria deaths,text,EUR,Europe,Country,TJK,Tajikistan,Year,2018,false,,,,,,,,,,,,,0,,,,,,0,,,EN,2025-12-19T00:00:00.000Z
MALARIA_EST_DEATHS,Estimated number of malaria deaths,text,SEAR,South-East Asia,Country,TLS,Timor-Leste,Year,2018,false,,,,,,,,,,,,,0,,,,,,0,,,EN,2025-12-19T00:00:00.000Z
MALARIA_EST_DEATHS,Estimated number of malaria deaths,text,EUR,Europe,Country,TKM,Turkmenistan,Year,2018,false,,,,,,,,,,,,,0,,,,,,0,,,EN,2025-12-19T00:00:00.000Z
MALARIA_EST_DEATHS,Estimated number of malaria deaths,text,EMR,Eastern Mediterranean,Country,ARE,United Arab Emirates,Year,2018,false,,,,,,,,,,,,,0,,,,,,0,,,EN,2025-12-19T00:00:00.000Z
MALARIA_EST_DEATHS,Estimated number of malaria deaths,text,EUR,Europe,Country,UZB,Uzbekistan,Year,2018,false,,,,,,,,,,,,,0,,,,,,0,,,EN,2025-12-19T00:00:00.000Z
MALARIA_EST_DEATHS,Estimated number of malaria deaths,text,WPR,Western Pacific,Country,VUT,Vanuatu,Year,2018,false,,,,,,,,,,,,,0,,,,,,0,,,EN,2025-12-19T00:00:00.000Z
MALARIA_EST_DEATHS,Estimated number of malaria deaths,text,AMR,Americas,Country,DOM,Dominican Republic,Year,2018,false,,,,,,,,,,,,,1,,,,,,1,,,EN,2025-12-19T00:00:00.000Z
MALARIA_EST_DEATHS,Estimated number of malaria deaths,text,AMR,Americas,Country,HND,Honduras,Year,2018,false,,,,,,,,,,,,,1,,,,,,1,,,EN,2025-12-19T00:00:00.000Z
MALARIA_EST_DEATHS,Estimated number of malaria deaths,text,WPR,Western Pacific,Country,VNM,Viet Nam,Year,2018,false,,,,,,,,,,,,,1,,,,,,1,,,EN,2025-12-19T00:00:00.000Z
MALARIA_EST_DEATHS,Estimated number of malaria deaths,text,SEAR,South-East Asia,Country,NPL,Nepal,Year,2018,false,,,,,,,,,,,,,1,,,0,,1,1 [0-1],,,EN,2025-12-19T00:00:00.000Z
MALARIA_EST_DEATHS,Estimated number of malaria deaths,text,AMR,Americas,Country,GTM,Guatemala,Year,2018,false,,,,,,,,,,,,,1,,,0,,2,1 [0-2],,,EN,2025-12-19T00:00:00.000Z
MALARIA_EST_DEATHS,Estimated number of malaria deaths,text,AFR,Africa,Country,BEN,Benin,Year,2018,false,,,,,,,,,,,,,10715,,,9600,,12000,10 715 [9600-12 000],,,EN,2025-12-19T00:00:00.000Z
MALARIA_EST_DEATHS,Estimated number of malaria deaths,text,AFR,Africa,Country,KEN,Kenya,Year,2018,false,,,,,,,,,,,,,10789,,,10600,,11100,10 789 [10 600-11 100],,,EN,2025-12-19T00:00:00.000Z
MALARIA_EST_DEATHS,Estimated number of malaria deaths,text,AFR,Africa,Country,CIV,Cote d'Ivoire,Year,2018,false,,,,,,,,,,,,,11026,,,10000,,12100,11 026 [10 000-12 100],,,EN,2025-12-19T00:00:00.000Z
MALARIA_EST_DEATHS,Estimated number of malaria deaths,text,AFR,Africa,Country,GHA,Ghana,Year,2018,false,,,,,,,,,,,,,11103,,,10700,,11600,11 103 [10 700-11 600],,,EN,2025-12-19T00:00:00.000Z
MALARIA_EST_DEATHS,Estimated number of malaria deaths,text,AFR,Africa,Country,GIN,Guinea,Year,2018,false,,,,,,,,,,,,,11592,,,10400,,13100,11 592 [10 400-13 100],,,EN,2025-12-19T00:00:00.000Z
MALARIA_EST_DEATHS,Estimated number of malaria deaths,text,AFR,Africa,Country,CMR,Cameroon,Year,2018,false,,,,,,,,,,,,,11779,,,10700,,13000,11 779 [10 700-13 000],,,EN,2025-12-19T00:00:00.000Z
MALARIA_EST_DEATHS,Estimated number of malaria deaths,text,WPR,Western Pacific,Country,SLB,Solomon Islands,Year,2018,false,,,,,,,,,,,,,111,,,56,,170,111 [56-170],,,EN,2025-12-19T00:00:00.000Z
MALARIA_EST_DEATHS,Estimated number of malaria deaths,text,WPR,Western Pacific,Country,IDN,Indonesia,Year,2018,false,,,,,,,,,,,,,1142,,,570,,1740,1142 [570-1740],,,EN,2025-12-19T00:00:00.000Z
MALARIA_EST_DEATHS,Estimated number of malaria deaths,text,AFR,Africa,Country,TCD,Chad,Year,2018,false,,,,,,,,,,,,,13611,,,11300,,16400,13 611 [11 300-16 400],,,EN,2025-12-19T00:00:00.000Z
MALARIA_EST_DEATHS,Estimated number of malaria deaths,text,AFR,Africa,Country,AGO,Angola,Year,2018,false,,,,,,,,,,,,,14399,,,10300,,21100,14 399 [10 300-21 100],,,EN,2025-12-19T00:00:00.000Z
MALARIA_EST_DEATHS,Estimated number of malaria deaths,text,SEAR,South-East Asia,Country,THA,Thailand,Year,2018,false,,,,,,,,,,,,,15,,,,,,15,,,EN,2025-12-19T00:00:00.000Z
MALARIA_EST_DEATHS,Estimated number of malaria deaths,text,AFR,Africa,Country,UGA,Uganda,Year,2018,false,,,,,,,,,,,,,15254,,,13800,,17100,15 254 [13 800-17 100],,,EN,2025-12-19T00:00:00.000Z
MALARIA_EST_DEATHS,Estimated number of malaria deaths,text,AFR,Africa,Country,MLI,Mali,Year,2018,false,,,,,,,,,,,,,16287,,,14300,,18800,16 287 [14 300-18 800],,,EN,2025-12-19T00:00:00.000Z
MALARIA_EST_DEATHS,Estimated number of malaria deaths,text,AFR,Africa,Country,BFA,Burkina Faso,Year,2018,false,,,,,,,,,,,,,16604,,,13100,,21300,16 604 [13 100-21 300],,,EN,2025-12-19T00:00:00.000Z
MALARIA_EST_DEATHS,Estimated number of malaria deaths,text,AFR,Africa,Country,ZWE,Zimbabwe,Year,2018,false,,,,,,,,,,,,,1624,,,620,,3050,1624 [620-3050],,,EN,2025-12-19T00:00:00.000Z
MALARIA_EST_DEATHS,Estimated number of malaria deaths,text,SEAR,South-East Asia,Country,MMR,Myanmar,Year,2018,false,,,,,,,,,,,,,164,,,80,,270,164 [80-270],,,EN,2025-12-19T00:00:00.000Z
MALARIA_EST_DEATHS,Estimated number of malaria deaths,text,AFR,Africa,Country,MOZ,Mozambique,Year,2018,false,,,,,,,,,,,,,18980,,,14900,,25500,18 980 [14 900-25 500],,,EN,2025-12-19T00:00:00.000Z
MALARIA_EST_DEATHS,Estimated number of malaria deaths,text,AFR,Africa,Country,NGA,Nigeria,Year,2018,false,,,,,,,,,,,,,181095,,,149000,,224000,181 095 [149 000-224 000],,,EN,2025-12-19T00:00:00.000Z
MALARIA_EST_DEATHS,Estimated number of malaria deaths,text,AFR,Africa,Country,ERI,Eritrea,Year,2018,false,,,,,,,,,,,,,196,,,80,,360,196 [80-360],,,EN,2025-12-19T00:00:00.000Z
MALARIA_EST_DEATHS,Estimated number of malaria deaths,text,AFR,Africa,Country,SWZ,Eswatini,Year,2018,false,,,,,,,,,,,,,2,,,,,,2,,,EN,2025-12-19T00:00:00.000Z
MALARIA_EST_DEATHS,Estimated number of malaria deaths,text,AMR,Americas,Country,BOL,Bolivia (Plurinational State of),Year,2018,false,,,,,,,,,,,,,2,,,0,,4,2 [0-4],,,EN,2025-12-19T00:00:00.000Z
MALARIA_EST_DEATHS,Estimated number of malaria deaths,text,EMR,Eastern Mediterranean,Country,SOM,Somalia,Year,2018,false,,,,,,,,,,,,,2221,,,870,,4170,2221 [870-4170],,,EN,2025-12-19T00:00:00.000Z
MALARIA_EST_DEATHS,Estimated number of malaria deaths,text,AFR,Africa,Country,COG,Congo,Year,2018,false,,,,,,,,,,,,,2233,,,1940,,2700,2233 [1940-2700],,,EN,2025-12-19T00:00:00.000Z
MALARIA_EST_DEATHS,Estimated number of malaria deaths,text,WPR,Western Pacific,Country,LAO,Lao People's Democratic Republic,Year,2018,false,,,,,,,,,,,,,23,,,10,,41,23 [10-41],,,EN,2025-12-19T00:00:00.000Z
MALARIA_EST_DEATHS,Estimated number of malaria deaths,text,AFR,Africa,Country,TZA,United Republic of Tanzania,Year,2018,false,,,,,,,,,,,,,23280,,,22400,,24300,23 280 [22 400-24 300],,,EN,2025-12-19T00:00:00.000Z
MALARIA_EST_DEATHS,Estimated number of malaria deaths,text,EMR,Eastern Mediterranean,Country,YEM,Yemen,Year,2018,false,,,,,,,,,,,,,2304,,,960,,4430,2304 [960-4430],,,EN,2025-12-19T00:00:00.000Z
MALARIA_EST_DEATHS,Estimated number of malaria deaths,text,WPR,Western Pacific,Country,PHL,Philippines,Year,2018,false,,,,,,,,,,,,,25,,,10,,46,25 [10-46],,,EN,2025-12-19T00:00:00.000Z
MALARIA_EST_DEATHS,Estimated number of malaria deaths,text,WPR,Western Pacific,Country,PNG,Papua New Guinea,Year,2018,false,,,,,,,,,,,,,2571,,,1070,,4700,2571 [1070-4700],,,EN,2025-12-19T00:00:00.000Z
MALARIA_EST_DEATHS,Estimated number of malaria deaths,text,SEAR,South-East Asia,Country,BGD,Bangladesh,Year,2018,false,,,,,,,,,,,,,26,,,12,,42,26 [12-42],,,EN,2025-12-19T00:00:00.000Z
MALARIA_EST_DEATHS,Estimated number of malaria deaths,text,AFR,Africa,Country,SEN,Senegal,Year,2018,false,,,,,,,,,,,,,2682,,,1120,,4840,2682 [1120-4840],,,EN,2025-12-19T00:00:00.000Z
MALARIA_EST_DEATHS,Estimated number of malaria deaths,text,EMR,Eastern Mediterranean,Country,AFG,Afghanistan,Year,2018,false,,,,,,,,,,,,,292,,,130,,490,292 [130-490],,,EN,2025-12-19T00:00:00.000Z
MALARIA_EST_DEATHS,Estimated number of malaria deaths,text,AMR,Americas,Country,NIC,Nicaragua,Year,2018,false,,,,,,,,,,,,,3,,,,,,3,,,EN,2025-12-19T00:00:00.000Z
MALARIA_EST_DEATHS,Estimated number of malaria deaths,text,AFR,Africa,Country,MYT,Mayotte,Year,2018,false,,,,,,,,,,,,,3,,,3,,3,3 [3-3],,,EN,2025-12-19T00:00:00.000Z
MALARIA_EST_DEATHS,Estimated number of malaria deaths,text,AFR,Africa,Country,RWA,Rwanda,Year,2018,false,,,,,,,,,,,,,3143,,,2980,,3380,3143 [2980-3380],,,EN,2025-12-19T00:00:00.000Z
MALARIA_EST_DEATHS,Estimated number of malaria deaths,text,AFR,Africa,Country,NER,Niger,Year,2018,false,,,,,,,,,,,,,32934,,,29200,,37300,32 934 [29 200-37 300],,,EN,2025-12-19T00:00:00.000Z
MALARIA_EST_DEATHS,Estimated number of malaria deaths,text,AFR,Africa,Country,TGO,Togo,Year,2018,false,,,,,,,,,,,,,3558,,,3170,,4000,3558 [3170-4000],,,EN,2025-12-19T00:00:00.000Z
MALARIA_EST_DEATHS,Estimated number of malaria deaths,text,AMR,Americas,Country,VEN,Venezuela (Bolivarian Republic of),Year,2018,false,,,,,,,,,,,,,373,,,190,,560,373 [190-560],,,EN,2025-12-19T00:00:00.000Z
MALARIA_EST_DEATHS,Estimated number of malaria deaths,text,AFR,Africa,Country,COM,Comoros,Year,2018,false,,,,,,,,,,,,,38,,,18,,59,38 [18-59],,,EN,2025-12-19T00:00:00.000Z
MALARIA_EST_DEATHS,Estimated number of malaria deaths,text,AMR,Americas,Country,GUY,Guyana,Year,2018,false,,,,,,,,,,,,,39,,,18,,68,39 [18-68],,,EN,2025-12-19T00:00:00.000Z
MALARIA_EST_DEATHS,Estimated number of malaria deaths,text,AMR,Americas,Country,HTI,Haiti,Year,2018,false,,,,,,,,,,,,,40,,,15,,74,40 [15-74],,,EN,2025-12-19T00:00:00.000Z
MALARIA_EST_DEATHS,Estimated number of malaria deaths,text,AFR,Africa,Country,CAF,Central African Republic,Year,2018,false,,,,,,,,,,,,,4035,,,3440,,4740,4035 [3440-4740],,,EN,2025-12-19T00:00:00.000Z
MALARIA_EST_DEATHS,Estimated number of malaria deaths,text,AFR,Africa,Country,GAB,Gabon,Year,2018,false,,,,,,,,,,,,,417,,,360,,490,417 [360-490],,,EN,2025-12-19T00:00:00.000Z
MALARIA_EST_DEATHS,Estimated number of malaria deaths,text,EMR,Eastern Mediterranean,Country,DJI,Djibouti,Year,2018,false,,,,,,,,,,,,,43,,,21,,65,43 [21-65],,,EN,2025-12-19T00:00:00.000Z
MALARIA_EST_DEATHS,Estimated number of malaria deaths,text,AFR,Africa,Country,LBR,Liberia,Year,2018,false,,,,,,,,,,,,,4482,,,3860,,5290,4482 [3860-5290],,,EN,2025-12-19T00:00:00.000Z
MALARIA_EST_DEATHS,Estimated number of malaria deaths,text,AMR,Americas,Country,PER,Peru,Year,2018,false,,,,,,,,,,,,,48,,,24,,75,48 [24-75],,,EN,2025-12-19T00:00:00.000Z
MALARIA_EST_DEATHS,Estimated number of malaria deaths,text,AFR,Africa,Country,MDG,Madagascar,Year,2018,false,,,,,,,,,,,,,4884,,,2030,,8720,4884 [2030-8720],,,EN,2025-12-19T00:00:00.000Z
MALARIA_EST_DEATHS,Estimated number of malaria deaths,text,EMR,Eastern Mediterranean,Country,PAK,Pakistan,Year,2018,false,,,,,,,,,,,,,511,,,260,,860,511 [260-860],,,EN,2025-12-19T00:00:00.000Z
MALARIA_EST_DEATHS,Estimated number of malaria deaths,text,AMR,Americas,Country,BRA,Brazil,Year,2018,false,,,,,,,,,,,,,56,,,,,,56,,,EN,2025-12-19T00:00:00.000Z
MALARIA_EST_DEATHS,Estimated number of malaria deaths,text,AFR,Africa,Country,NAM,Namibia,Year,2018,false,,,,,,,,,,,,,58,,,,,,58,,,EN,2025-12-19T00:00:00.000Z
MALARIA_EST_DEATHS,Estimated number of malaria deaths,text,AFR,Africa,Country,GMB,Gambia,Year,2018,false,,,,,,,,,,,,,600,,,570,,630,600 [570-630],,,EN,2025-12-19T00:00:00.000Z
MALARIA_EST_DEATHS,Estimated number of malaria deaths,text,SEAR,South-East Asia,Country,IND,India,Year,2018,false,,,,,,,,,,,,,6300,,,2930,,10600,6300 [2930-10 600],,,EN,2025-12-19T00:00:00.000Z
MALARIA_EST_DEATHS,Estimated number of malaria deaths,text,AFR,Africa,Country,BDI,Burundi,Year,2018,false,,,,,,,,,,,,,6418,,,5370,,7970,6418 [5370-7970],,,EN,2025-12-19T00:00:00.000Z
MALARIA_EST_DEATHS,Estimated number of malaria deaths,text,AFR,Africa,Country,ETH,Ethiopia,Year,2018,false,,,,,,,,,,,,,6500,,,2330,,12800,6500 [2330-12 800],,,EN,2025-12-19T00:00:00.000Z
MALARIA_EST_DEATHS,Estimated number of malaria deaths,text,EMR,Eastern Mediterranean,Country,SDN,Sudan,Year,2018,false,,,,,,,,,,,,,6720,,,2780,,12000,6720 [2780-12 000],,,EN,2025-12-19T00:00:00.000Z
MALARIA_EST_DEATHS,Estimated number of malaria deaths,text,WPR,Western Pacific,Country,KHM,Cambodia,Year,2018,false,,,,,,,,,,,,,68,,,35,,100,68 [35-100],,,EN,2025-12-19T00:00:00.000Z
MALARIA_EST_DEATHS,Estimated number of malaria deaths,text,AFR,Africa,Country,ZAF,South Africa,Year,2018,false,,,,,,,,,,,,,69,,,,,,69,,,EN,2025-12-19T00:00:00.000Z
MALARIA_EST_DEATHS,Estimated number of malaria deaths,text,AFR,Africa,Country,MWI,Malawi,Year,2018,false,,,,,,,,,,,,,6921,,,6220,,7860,6921 [6220-7860],,,EN,2025-12-19T00:00:00.000Z
MALARIA_EST_DEATHS,Estimated number of malaria deaths,text,AFR,Africa,Country,GNQ,Equatorial Guinea,Year,2018,false,,,,,,,,,,,,,752,,,640,,930,752 [640-930],,,EN,2025-12-19T00:00:00.000Z
MALARIA_EST_DEATHS,Estimated number of malaria deaths,text,AFR,Africa,Country,SSD,South Sudan,Year,2018,false,,,,,,,,,,,,,7642,,,4440,,13000,7642 [4440-13 000],,,EN,2025-12-19T00:00:00.000Z
MALARIA_EST_DEATHS,Estimated number of malaria deaths,text,AFR,Africa,Country,COD,Democratic Republic of the Congo,Year,2018,false,,,,,,,,,,,,,77570,,,55300,,109000,77 570 [55 300-109 000],,,EN,2025-12-19T00:00:00.000Z
MALARIA_EST_DEATHS,Estimated number of malaria deaths,text,AFR,Africa,Country,ZMB,Zambia,Year,2018,false,,,,,,,,,,,,,8046,,,7470,,8770,8046 [7470-8770],,,EN,2025-12-19T00:00:00.000Z
MALARIA_EST_DEATHS,Estimated number of malaria deaths,text,AFR,Africa,Country,GNB,Guinea-Bissau,Year,2018,false,,,,,,,,,,,,,842,,,730,,1000,842 [730-1000],,,EN,2025-12-19T00:00:00.000Z
MALARIA_EST_DEATHS,Estimated number of malaria deaths,text,AFR,Africa,Country,SLE,Sierra Leone,Year,2018,false,,,,,,,,,,,,,8620,,,7600,,9770,8620 [7600-9770],,,EN,2025-12-19T00:00:00.000Z
MALARIA_EST_DEATHS,Estimated number of malaria deaths,text,AFR,Africa,Country,MRT,Mauritania,Year,2018,false,,,,,,,,,,,,,884,,,250,,2100,884 [250-2100],,,EN,2025-12-19T00:00:00.000Z
MALARIA_EST_DEATHS,Estimated number of malaria deaths,text,AFR,Africa,Country,BWA,Botswana,Year,2018,false,,,,,,,,,,,,,9,,,,,,9,,,EN,2025-12-19T00:00:00.000Z
MALARIA_EST_DEATHS,Estimated number of malaria deaths,text,AMR,Americas,Country,COL,Colombia,Year,2018,false,,,,,,,,,,,,,9,,,,,,9,,,EN,2025-12-19T00:00:00.000Z
MALARIA_EST_DEATHS,Estimated number of malaria deaths,text,AFR,Africa,Country,DZA,Algeria,Year,2017,false,,,,,,,,,,,,,0,,,,,,0,,,EN,2025-12-19T00:00:00.000Z
MALARIA_EST_DEATHS,Estimated number of malaria deaths,text,AMR,Americas,Country,ARG,Argentina,Year,2017,false,,,,,,,,,,,,,0,,,,,,0,,,EN,2025-12-19T00:00:00.000Z
MALARIA_EST_DEATHS,Estimated number of malaria deaths,text,EUR,Europe,Country,ARM,Armenia,Year,2017,false,,,,,,,,,,,,,0,,,,,,0,,,EN,2025-12-19T00:00:00.000Z
MALARIA_EST_DEATHS,Estimated number of malaria deaths,text,EUR,Europe,Country,AZE,Azerbaijan,Year,2017,false,,,,,,,,,,,,,0,,,,,,0,,,EN,2025-12-19T00:00:00.000Z
MALARIA_EST_DEATHS,Estimated number of malaria deaths,text,AMR,Americas,Country,BLZ,Belize,Year,2017,false,,,,,,,,,,,,,0,,,,,,0,,,EN,2025-12-19T00:00:00.000Z
MALARIA_EST_DEATHS,Estimated number of malaria deaths,text,SEAR,South-East Asia,Country,BTN,Bhutan,Year,2017,false,,,,,,,,,,,,,0,,,,,,0,,,EN,2025-12-19T00:00:00.000Z
MALARIA_EST_DEATHS,Estimated number of malaria deaths,text,WPR,Western Pacific,Country,CHN,China,Year,2017,false,,,,,,,,,,,,,0,,,,,,0,,,EN,2025-12-19T00:00:00.000Z
MALARIA_EST_DEATHS,Estimated number of malaria deaths,text,AMR,Americas,Country,CRI,Costa Rica,Year,2017,false,,,,,,,,,,,,,0,,,,,,0,,,EN,2025-12-19T00:00:00.000Z
MALARIA_EST_DEATHS,Estimated number of malaria deaths,text,SEAR,South-East Asia,Country,PRK,Democratic People's Republic of Korea,Year,2017,false,,,,,,,,,,,,,0,,,,,,0,,,EN,2025-12-19T00:00:00.000Z
MALARIA_EST_DEATHS,Estimated number of malaria deaths,text,AMR,Americas,Country,ECU,Ecuador,Year,2017,false,,,,,,,,,,,,,0,,,,,,0,,,EN,2025-12-19T00:00:00.000Z
MALARIA_EST_DEATHS,Estimated number of malaria deaths,text,EMR,Eastern Mediterranean,Country,EGY,Egypt,Year,2017,false,,,,,,,,,,,,,0,,,,,,0,,,EN,2025-12-19T00:00:00.000Z
MALARIA_EST_DEATHS,Estimated number of malaria deaths,text,AMR,Americas,Country,SLV,El Salvador,Year,2017,false,,,,,,,,,,,,,0,,,,,,0,,,EN,2025-12-19T00:00:00.000Z
MALARIA_EST_DEATHS,Estimated number of malaria deaths,text,AMR,Americas,Country,GUF,French Guiana,Year,2017,false,,,,,,,,,,,,,0,,,,,,0,,,EN,2025-12-19T00:00:00.000Z
MALARIA_EST_DEATHS,Estimated number of malaria deaths,text,EUR,Europe,Country,GEO,Georgia,Year,2017,false,,,,,,,,,,,,,0,,,,,,0,,,EN,2025-12-19T00:00:00.000Z
MALARIA_EST_DEATHS,Estimated number of malaria deaths,text,EMR,Eastern Mediterranean,Country,IRN,Iran (Islamic Republic of),Year,2017,false,,,,,,,,,,,,,0,,,,,,0,,,EN,2025-12-19T00:00:00.000Z
MALARIA_EST_DEATHS,Estimated number of malaria deaths,text,EMR,Eastern Mediterranean,Country,IRQ,Iraq,Year,2017,false,,,,,,,,,,,,,0,,,,,,0,,,EN,2025-12-19T00:00:00.000Z
MALARIA_EST_DEATHS,Estimated number of malaria deaths,text,EUR,Europe,Country,KAZ,Kazakhstan,Year,2017,false,,,,,,,,,,,,,0,,,,,,0,,,EN,2025-12-19T00:00:00.000Z
MALARIA_EST_DEATHS,Estimated number of malaria deaths,text,EUR,Europe,Country,KGZ,Kyrgyzstan,Year,2017,false,,,,,,,,,,,,,0,,,,,,0,,,EN,2025-12-19T00:00:00.000Z
MALARIA_EST_DEATHS,Estimated number of malaria deaths,text,AMR,Americas,Country,MEX,Mexico,Year,2017,false,,,,,,,,,,,,,0,,,,,,0,,,EN,2025-12-19T00:00:00.000Z
MALARIA_EST_DEATHS,Estimated number of malaria deaths,text,EMR,Eastern Mediterranean,Country,MAR,Morocco,Year,2017,false,,,,,,,,,,,,,0,,,,,,0,,,EN,2025-12-19T00:00:00.000Z
MALARIA_EST_DEATHS,Estimated number of malaria deaths,text,SEAR,South-East Asia,Country,NPL,Nepal,Year,2017,false,,,,,,,,,,,,,0,,,,,,0,,,EN,2025-12-19T00:00:00.000Z
MALARIA_EST_DEATHS,Estimated number of malaria deaths,text,EMR,Eastern Mediterranean,Country,OMN,Oman,Year,2017,false,,,,,,,,,,,,,0,,,,,,0,,,EN,2025-12-19T00:00:00.000Z
MALARIA_EST_DEATHS,Estimated number of malaria deaths,text,AMR,Americas,Country,PAN,Panama,Year,2017,false,,,,,,,,,,,,,0,,,,,,0,,,EN,2025-12-19T00:00:00.000Z
MALARIA_EST_DEATHS,Estimated number of malaria deaths,text,AMR,Americas,Country,PRY,Paraguay,Year,2017,false,,,,,,,,,,,,,0,,,,,,0,,,EN,2025-12-19T00:00:00.000Z
MALARIA_EST_DEATHS,Estimated number of malaria deaths,text,WPR,Western Pacific,Country,KOR,Republic of Korea,Year,2017,false,,,,,,,,,,,,,0,,,,,,0,,,EN,2025-12-19T00:00:00.000Z
MALARIA_EST_DEATHS,Estimated number of malaria deaths,text,EMR,Eastern Mediterranean,Country,SAU,Saudi Arabia,Year,2017,false,,,,,,,,,,,,,0,,,,,,0,,,EN,2025-12-19T00:00:00.000Z
MALARIA_EST_DEATHS,Estimated number of malaria deaths,text,SEAR,South-East Asia,Country,LKA,Sri Lanka,Year,2017,false,,,,,,,,,,,,,0,,,,,,0,,,EN,2025-12-19T00:00:00.000Z
MALARIA_EST_DEATHS,Estimated number of malaria deaths,text,EMR,Eastern Mediterranean,Country,SYR,Syrian Arab Republic,Year,2017,false,,,,,,,,,,,,,0,,,,,,0,,,EN,2025-12-19T00:00:00.000Z
MALARIA_EST_DEATHS,Estimated number of malaria deaths,text,EUR,Europe,Country,TUR,Türkiye,Year,2017,false,,,,,,,,,,,,,0,,,,,,0,,,EN,2025-12-19T00:00:00.000Z
MALARIA_EST_DEATHS,Estimated number of malaria deaths,text,EUR,Europe,Country,TJK,Tajikistan,Year,2017,false,,,,,,,,,,,,,0,,,,,,0,,,EN,2025-12-19T00:00:00.000Z
MALARIA_EST_DEATHS,Estimated number of malaria deaths,text,SEAR,South-East Asia,Country,TLS,Timor-Leste,Year,2017,false,,,,,,,,,,,,,0,,,,,,0,,,EN,2025-12-19T00:00:00.000Z
MALARIA_EST_DEATHS,Estimated number of malaria deaths,text,EUR,Europe,Country,TKM,Turkmenistan,Year,2017,false,,,,,,,,,,,,,0,,,,,,0,,,EN,2025-12-19T00:00:00.000Z
MALARIA_EST_DEATHS,Estimated number of malaria deaths,text,EMR,Eastern Mediterranean,Country,ARE,United Arab Emirates,Year,2017,false,,,,,,,,,,,,,0,,,,,,0,,,EN,2025-12-19T00:00:00.000Z
MALARIA_EST_DEATHS,Estimated number of malaria deaths,text,EUR,Europe,Country,UZB,Uzbekistan,Year,2017,false,,,,,,,,,,,,,0,,,,,,0,,,EN,2025-12-19T00:00:00.000Z
MALARIA_EST_DEATHS,Estimated number of malaria deaths,text,WPR,Western Pacific,Country,VUT,Vanuatu,Year,2017,false,,,,,,,,,,,,,0,,,,,,0,,,EN,2025-12-19T00:00:00.000Z
MALARIA_EST_DEATHS,Estimated number of malaria deaths,text,AMR,Americas,Country,DOM,Dominican Republic,Year,2017,false,,,,,,,,,,,,,1,,,,,,1,,,EN,2025-12-19T00:00:00.000Z
MALARIA_EST_DEATHS,Estimated number of malaria deaths,text,AMR,Americas,Country,HND,Honduras,Year,2017,false,,,,,,,,,,,,,1,,,,,,1,,,EN,2025-12-19T00:00:00.000Z
MALARIA_EST_DEATHS,Estimated number of malaria deaths,text,WPR,Western Pacific,Country,MYS,Malaysia,Year,2017,false,,,,,,,,,,,,,1,,,,,,1,,,EN,2025-12-19T00:00:00.000Z
MALARIA_EST_DEATHS,Estimated number of malaria deaths,text,AMR,Americas,Country,NIC,Nicaragua,Year,2017,false,,,,,,,,,,,,,1,,,,,,1,,,EN,2025-12-19T00:00:00.000Z
MALARIA_EST_DEATHS,Estimated number of malaria deaths,text,AFR,Africa,Country,STP,Sao Tome and Principe,Year,2017,false,,,,,,,,,,,,,1,,,,,,1,,,EN,2025-12-19T00:00:00.000Z
MALARIA_EST_DEATHS,Estimated number of malaria deaths,text,AMR,Americas,Country,SUR,Suriname,Year,2017,false,,,,,,,,,,,,,1,,,,,,1,,,EN,2025-12-19T00:00:00.000Z
MALARIA_EST_DEATHS,Estimated number of malaria deaths,text,AMR,Americas,Country,GTM,Guatemala,Year,2017,false,,,,,,,,,,,,,1,,,0,,3,1 [0-3],,,EN,2025-12-19T00:00:00.000Z
MALARIA_EST_DEATHS,Estimated number of malaria deaths,text,SEAR,South-East Asia,Country,IND,India,Year,2017,false,,,,,,,,,,,,,10225,,,4900,,16500,10 225 [4900-16 500],,,EN,2025-12-19T00:00:00.000Z
MALARIA_EST_DEATHS,Estimated number of malaria deaths,text,AFR,Africa,Country,CIV,Cote d'Ivoire,Year,2017,false,,,,,,,,,,,,,10298,,,9430,,11200,10 298 [9430-11 200],,,EN,2025-12-19T00:00:00.000Z
MALARIA_EST_DEATHS,Estimated number of malaria deaths,text,AFR,Africa,Country,KEN,Kenya,Year,2017,false,,,,,,,,,,,,,10664,,,10400,,10900,10 664 [10 400-10 900],,,EN,2025-12-19T00:00:00.000Z
MALARIA_EST_DEATHS,Estimated number of malaria deaths,text,AFR,Africa,Country,BEN,Benin,Year,2017,false,,,,,,,,,,,,,11265,,,10200,,12500,11 265 [10 200-12 500],,,EN,2025-12-19T00:00:00.000Z
MALARIA_EST_DEATHS,Estimated number of malaria deaths,text,AFR,Africa,Country,GIN,Guinea,Year,2017,false,,,,,,,,,,,,,11460,,,10400,,12800,11 460 [10 400-12 800],,,EN,2025-12-19T00:00:00.000Z
MALARIA_EST_DEATHS,Estimated number of malaria deaths,text,AFR,Africa,Country,GHA,Ghana,Year,2017,false,,,,,,,,,,,,,11522,,,11100,,12100,11 522 [11 100-12 100],,,EN,2025-12-19T00:00:00.000Z
MALARIA_EST_DEATHS,Estimated number of malaria deaths,text,AFR,Africa,Country,CMR,Cameroon,Year,2017,false,,,,,,,,,,,,,11922,,,10900,,13000,11 922 [10 900-13 000],,,EN,2025-12-19T00:00:00.000Z
MALARIA_EST_DEATHS,Estimated number of malaria deaths,text,AFR,Africa,Country,ETH,Ethiopia,Year,2017,false,,,,,,,,,,,,,12046,,,3490,,28000,12 046 [3490-28 000],,,EN,2025-12-19T00:00:00.000Z
MALARIA_EST_DEATHS,Estimated number of malaria deaths,text,AFR,Africa,Country,TCD,Chad,Year,2017,false,,,,,,,,,,,,,13345,,,11300,,15700,13 345 [11 300-15 700],,,EN,2025-12-19T00:00:00.000Z
MALARIA_EST_DEATHS,Estimated number of malaria deaths,text,AFR,Africa,Country,AGO,Angola,Year,2017,false,,,,,,,,,,,,,13849,,,9970,,19900,13 849 [9970-19 900],,,EN,2025-12-19T00:00:00.000Z
MALARIA_EST_DEATHS,Estimated number of malaria deaths,text,WPR,Western Pacific,Country,IDN,Indonesia,Year,2017,false,,,,,,,,,,,,,1306,,,650,,1990,1306 [650-1990],,,EN,2025-12-19T00:00:00.000Z
MALARIA_EST_DEATHS,Estimated number of malaria deaths,text,WPR,Western Pacific,Country,SLB,Solomon Islands,Year,2017,false,,,,,,,,,,,,,137,,,68,,240,137 [68-240],,,EN,2025-12-19T00:00:00.000Z
MALARIA_EST_DEATHS,Estimated number of malaria deaths,text,SEAR,South-East Asia,Country,THA,Thailand,Year,2017,false,,,,,,,,,,,,,15,,,,,,15,,,EN,2025-12-19T00:00:00.000Z
MALARIA_EST_DEATHS,Estimated number of malaria deaths,text,AFR,Africa,Country,UGA,Uganda,Year,2017,false,,,,,,,,,,,,,15802,,,14400,,17500,15 802 [14 400-17 500],,,EN,2025-12-19T00:00:00.000Z
MALARIA_EST_DEATHS,Estimated number of malaria deaths,text,AFR,Africa,Country,MLI,Mali,Year,2017,false,,,,,,,,,,,,,16903,,,15000,,19200,16 903 [15 000-19 200],,,EN,2025-12-19T00:00:00.000Z
MALARIA_EST_DEATHS,Estimated number of malaria deaths,text,AFR,Africa,Country,BWA,Botswana,Year,2017,false,,,,,,,,,,,,,17,,,,,,17,,,EN,2025-12-19T00:00:00.000Z
MALARIA_EST_DEATHS,Estimated number of malaria deaths,text,AFR,Africa,Country,BFA,Burkina Faso,Year,2017,false,,,,,,,,,,,,,17134,,,13900,,21400,17 134 [13 900-21 400],,,EN,2025-12-19T00:00:00.000Z
MALARIA_EST_DEATHS,Estimated number of malaria deaths,text,AFR,Africa,Country,NGA,Nigeria,Year,2017,false,,,,,,,,,,,,,177176,,,150000,,214000,177 176 [150 000-214 000],,,EN,2025-12-19T00:00:00.000Z
MALARIA_EST_DEATHS,Estimated number of malaria deaths,text,AMR,Americas,Country,COL,Colombia,Year,2017,false,,,,,,,,,,,,,19,,,,,,19,,,EN,2025-12-19T00:00:00.000Z
MALARIA_EST_DEATHS,Estimated number of malaria deaths,text,AFR,Africa,Country,MOZ,Mozambique,Year,2017,false,,,,,,,,,,,,,19817,,,15900,,25900,19 817 [15 900-25 900],,,EN,2025-12-19T00:00:00.000Z
MALARIA_EST_DEATHS,Estimated number of malaria deaths,text,EMR,Eastern Mediterranean,Country,YEM,Yemen,Year,2017,false,,,,,,,,,,,,,1947,,,810,,3710,1947 [810-3710],,,EN,2025-12-19T00:00:00.000Z
MALARIA_EST_DEATHS,Estimated number of malaria deaths,text,AFR,Africa,Country,CPV,Cabo Verde,Year,2017,false,,,,,,,,,,,,,2,,,,,,2,,,EN,2025-12-19T00:00:00.000Z
MALARIA_EST_DEATHS,Estimated number of malaria deaths,text,AMR,Americas,Country,BOL,Bolivia (Plurinational State of),Year,2017,false,,,,,,,,,,,,,2,,,0,,4,2 [0-4],,,EN,2025-12-19T00:00:00.000Z
MALARIA_EST_DEATHS,Estimated number of malaria deaths,text,AFR,Africa,Country,SWZ,Eswatini,Year,2017,false,,,,,,,,,,,,,20,,,,,,20,,,EN,2025-12-19T00:00:00.000Z
MALARIA_EST_DEATHS,Estimated number of malaria deaths,text,AFR,Africa,Country,SEN,Senegal,Year,2017,false,,,,,,,,,,,,,2062,,,840,,3720,2062 [840-3720],,,EN,2025-12-19T00:00:00.000Z
MALARIA_EST_DEATHS,Estimated number of malaria deaths,text,SEAR,South-East Asia,Country,MMR,Myanmar,Year,2017,false,,,,,,,,,,,,,209,,,99,,340,209 [99-340],,,EN,2025-12-19T00:00:00.000Z
MALARIA_EST_DEATHS,Estimated number of malaria deaths,text,EMR,Eastern Mediterranean,Country,SOM,Somalia,Year,2017,false,,,,,,,,,,,,,2096,,,770,,4220,2096 [770-4220],,,EN,2025-12-19T00:00:00.000Z
MALARIA_EST_DEATHS,Estimated number of malaria deaths,text,WPR,Western Pacific,Country,LAO,Lao People's Democratic Republic,Year,2017,false,,,,,,,,,,,,,21,,,9,,37,21 [9-37],,,EN,2025-12-19T00:00:00.000Z
MALARIA_EST_DEATHS,Estimated number of malaria deaths,text,AFR,Africa,Country,COG,Congo,Year,2017,false,,,,,,,,,,,,,2107,,,1860,,2480,2107 [1860-2480],,,EN,2025-12-19T00:00:00.000Z
MALARIA_EST_DEATHS,Estimated number of malaria deaths,text,AFR,Africa,Country,ERI,Eritrea,Year,2017,false,,,,,,,,,,,,,221,,,90,,400,221 [90-400],,,EN,2025-12-19T00:00:00.000Z
MALARIA_EST_DEATHS,Estimated number of malaria deaths,text,AFR,Africa,Country,TZA,United Republic of Tanzania,Year,2017,false,,,,,,,,,,,,,23157,,,22300,,24100,23 157 [22 300-24 100],,,EN,2025-12-19T00:00:00.000Z
MALARIA_EST_DEATHS,Estimated number of malaria deaths,text,WPR,Western Pacific,Country,PNG,Papua New Guinea,Year,2017,false,,,,,,,,,,,,,2510,,,1030,,4560,2510 [1030-4560],,,EN,2025-12-19T00:00:00.000Z
MALARIA_EST_DEATHS,Estimated number of malaria deaths,text,EMR,Eastern Mediterranean,Country,DJI,Djibouti,Year,2017,false,,,,,,,,,,,,,26,,,12,,38,26 [12-38],,,EN,2025-12-19T00:00:00.000Z
MALARIA_EST_DEATHS,Estimated number of malaria deaths,text,AFR,Africa,Country,ZAF,South Africa,Year,2017,false,,,,,,,,,,,,,301,,,,,,301,,,EN,2025-12-19T00:00:00.000Z
MALARIA_EST_DEATHS,Estimated number of malaria deaths,text,AFR,Africa,Country,NER,Niger,Year,2017,false,,,,,,,,,,,,,31978,,,28700,,35900,31 978 [28 700-35 900],,,EN,2025-12-19T00:00:00.000Z
MALARIA_EST_DEATHS,Estimated number of malaria deaths,text,AFR,Africa,Country,RWA,Rwanda,Year,2017,false,,,,,,,,,,,,,3107,,,2960,,3300,3107 [2960-3300],,,EN,2025-12-19T00:00:00.000Z
MALARIA_EST_DEATHS,Estimated number of malaria deaths,text,WPR,Western Pacific,Country,KHM,Cambodia,Year,2017,false,,,,,,,,,,,,,336,,,170,,530,336 [170-530],,,EN,2025-12-19T00:00:00.000Z
MALARIA_EST_DEATHS,Estimated number of malaria deaths,text,AMR,Americas,Country,BRA,Brazil,Year,2017,false,,,,,,,,,,,,,34,,,,,,34,,,EN,2025-12-19T00:00:00.000Z
MALARIA_EST_DEATHS,Estimated number of malaria deaths,text,AMR,Americas,Country,GUY,Guyana,Year,2017,false,,,,,,,,,,,,,34,,,15,,58,34 [15-58],,,EN,2025-12-19T00:00:00.000Z
MALARIA_EST_DEATHS,Estimated number of malaria deaths,text,AFR,Africa,Country,ZWE,Zimbabwe,Year,2017,false,,,,,,,,,,,,,3424,,,1330,,6480,3424 [1330-6480],,,EN,2025-12-19T00:00:00.000Z
MALARIA_EST_DEATHS,Estimated number of malaria deaths,text,WPR,Western Pacific,Country,PHL,Philippines,Year,2017,false,,,,,,,,,,,,,36,,,15,,66,36 [15-66],,,EN,2025-12-19T00:00:00.000Z
MALARIA_EST_DEATHS,Estimated number of malaria deaths,text,EMR,Eastern Mediterranean,Country,AFG,Afghanistan,Year,2017,false,,,,,,,,,,,,,378,,,160,,640,378 [160-640],,,EN,2025-12-19T00:00:00.000Z
MALARIA_EST_DEATHS,Estimated number of malaria deaths,text,AFR,Africa,Country,TGO,Togo,Year,2017,false,,,,,,,,,,,,,3858,,,3460,,4310,3858 [3460-4310],,,EN,2025-12-19T00:00:00.000Z
MALARIA_EST_DEATHS,Estimated number of malaria deaths,text,AFR,Africa,Country,GAB,Gabon,Year,2017,false,,,,,,,,,,,,,406,,,360,,470,406 [360-470],,,EN,2025-12-19T00:00:00.000Z
MALARIA_EST_DEATHS,Estimated number of malaria deaths,text,AMR,Americas,Country,VEN,Venezuela (Bolivarian Republic of),Year,2017,false,,,,,,,,,,,,,424,,,220,,640,424 [220-640],,,EN,2025-12-19T00:00:00.000Z
MALARIA_EST_DEATHS,Estimated number of malaria deaths,text,AFR,Africa,Country,LBR,Liberia,Year,2017,false,,,,,,,,,,,,,4383,,,3850,,5060,4383 [3850-5060],,,EN,2025-12-19T00:00:00.000Z
MALARIA_EST_DEATHS,Estimated number of malaria deaths,text,AFR,Africa,Country,CAF,Central African Republic,Year,2017,false,,,,,,,,,,,,,4978,,,4280,,5800,4978 [4280-5800],,,EN,2025-12-19T00:00:00.000Z
MALARIA_EST_DEATHS,Estimated number of malaria deaths,text,AFR,Africa,Country,MDG,Madagascar,Year,2017,false,,,,,,,,,,,,,5114,,,2140,,9040,5114 [2140-9040],,,EN,2025-12-19T00:00:00.000Z
MALARIA_EST_DEATHS,Estimated number of malaria deaths,text,AFR,Africa,Country,NAM,Namibia,Year,2017,false,,,,,,,,,,,,,57,,,,,,57,,,EN,2025-12-19T00:00:00.000Z
MALARIA_EST_DEATHS,Estimated number of malaria deaths,text,AFR,Africa,Country,BDI,Burundi,Year,2017,false,,,,,,,,,,,,,5911,,,5060,,7140,5911 [5060-7140],,,EN,2025-12-19T00:00:00.000Z
MALARIA_EST_DEATHS,Estimated number of malaria deaths,text,AFR,Africa,Country,GMB,Gambia,Year,2017,false,,,,,,,,,,,,,594,,,570,,620,594 [570-620],,,EN,2025-12-19T00:00:00.000Z
MALARIA_EST_DEATHS,Estimated number of malaria deaths,text,EMR,Eastern Mediterranean,Country,SDN,Sudan,Year,2017,false,,,,,,,,,,,,,6165,,,2710,,10500,6165 [2710-10 500],,,EN,2025-12-19T00:00:00.000Z
MALARIA_EST_DEATHS,Estimated number of malaria deaths,text,AMR,Americas,Country,PER,Peru,Year,2017,false,,,,,,,,,,,,,64,,,33,,100,64 [33-100],,,EN,2025-12-19T00:00:00.000Z
MALARIA_EST_DEATHS,Estimated number of malaria deaths,text,EMR,Eastern Mediterranean,Country,PAK,Pakistan,Year,2017,false,,,,,,,,,,,,,641,,,310,,1150,641 [310-1150],,,EN,2025-12-19T00:00:00.000Z
MALARIA_EST_DEATHS,Estimated number of malaria deaths,text,AFR,Africa,Country,COD,Democratic Republic of the Congo,Year,2017,false,,,,,,,,,,,,,68597,,,50200,,93500,68 597 [50 200-93 500],,,EN,2025-12-19T00:00:00.000Z
MALARIA_EST_DEATHS,Estimated number of malaria deaths,text,AFR,Africa,Country,MWI,Malawi,Year,2017,false,,,,,,,,,,,,,7024,,,6380,,7840,7024 [6380-7840],,,EN,2025-12-19T00:00:00.000Z
MALARIA_EST_DEATHS,Estimated number of malaria deaths,text,SEAR,South-East Asia,Country,BGD,Bangladesh,Year,2017,false,,,,,,,,,,,,,73,,,34,,120,73 [34-120],,,EN,2025-12-19T00:00:00.000Z
MALARIA_EST_DEATHS,Estimated number of malaria deaths,text,AFR,Africa,Country,GNQ,Equatorial Guinea,Year,2017,false,,,,,,,,,,,,,778,,,660,,960,778 [660-960],,,EN,2025-12-19T00:00:00.000Z
MALARIA_EST_DEATHS,Estimated number of malaria deaths,text,AFR,Africa,Country,SSD,South Sudan,Year,2017,false,,,,,,,,,,,,,7823,,,4740,,12700,7823 [4740-12 700],,,EN,2025-12-19T00:00:00.000Z
MALARIA_EST_DEATHS,Estimated number of malaria deaths,text,AFR,Africa,Country,MRT,Mauritania,Year,2017,false,,,,,,,,,,,,,784,,,210,,1880,784 [210-1880],,,EN,2025-12-19T00:00:00.000Z
MALARIA_EST_DEATHS,Estimated number of malaria deaths,text,AFR,Africa,Country,ZMB,Zambia,Year,2017,false,,,,,,,,,,,,,7892,,,7400,,8470,7892 [7400-8470],,,EN,2025-12-19T00:00:00.000Z
MALARIA_EST_DEATHS,Estimated number of malaria deaths,text,AMR,Americas,Country,HTI,Haiti,Year,2017,false,,,,,,,,,,,,,84,,,33,,160,84 [33-160],,,EN,2025-12-19T00:00:00.000Z
MALARIA_EST_DEATHS,Estimated number of malaria deaths,text,AFR,Africa,Country,GNB,Guinea-Bissau,Year,2017,false,,,,,,,,,,,,,855,,,740,,1000,855 [740-1000],,,EN,2025-12-19T00:00:00.000Z
MALARIA_EST_DEATHS,Estimated number of malaria deaths,text,AFR,Africa,Country,SLE,Sierra Leone,Year,2017,false,,,,,,,,,,,,,8961,,,8010,,10000,8961 [8010-10 000],,,EN,2025-12-19T00:00:00.000Z
MALARIA_EST_DEATHS,Estimated number of malaria deaths,text,WPR,Western Pacific,Country,VNM,Viet Nam,Year,2017,false,,,,,,,,,,,,,9,,,4,,14,9 [4-14],,,EN,2025-12-19T00:00:00.000Z
MALARIA_EST_DEATHS,Estimated number of malaria deaths,text,AFR,Africa,Country,COM,Comoros,Year,2017,false,,,,,,,,,,,,,9,,,4,,15,9 [4-15],,,EN,2025-12-19T00:00:00.000Z
MALARIA_EST_DEATHS,Estimated number of malaria deaths,text,AFR,Africa,Country,MYT,Mayotte,Year,2017,false,,,,,,,,,,,,,9,,,9,,9,9 [9-9],,,EN,2025-12-19T00:00:00.000Z
MALARIA_EST_DEATHS,Estimated number of malaria deaths,text,AFR,Africa,Country,DZA,Algeria,Year,2016,false,,,,,,,,,,,,,0,,,,,,0,,,EN,2025-12-19T00:00:00.000Z
MALARIA_EST_DEATHS,Estimated number of malaria deaths,text,AMR,Americas,Country,ARG,Argentina,Year,2016,false,,,,,,,,,,,,,0,,,,,,0,,,EN,2025-12-19T00:00:00.000Z
MALARIA_EST_DEATHS,Estimated number of malaria deaths,text,EUR,Europe,Country,ARM,Armenia,Year,2016,false,,,,,,,,,,,,,0,,,,,,0,,,EN,2025-12-19T00:00:00.000Z
MALARIA_EST_DEATHS,Estimated number of malaria deaths,text,EUR,Europe,Country,AZE,Azerbaijan,Year,2016,false,,,,,,,,,,,,,0,,,,,,0,,,EN,2025-12-19T00:00:00.000Z
MALARIA_EST_DEATHS,Estimated number of malaria deaths,text,AMR,Americas,Country,BLZ,Belize,Year,2016,false,,,,,,,,,,,,,0,,,,,,0,,,EN,2025-12-19T00:00:00.000Z
MALARIA_EST_DEATHS,Estimated number of malaria deaths,text,SEAR,South-East Asia,Country,BTN,Bhutan,Year,2016,false,,,,,,,,,,,,,0,,,,,,0,,,EN,2025-12-19T00:00:00.000Z
MALARIA_EST_DEATHS,Estimated number of malaria deaths,text,WPR,Western Pacific,Country,CHN,China,Year,2016,false,,,,,,,,,,,,,0,,,,,,0,,,EN,2025-12-19T00:00:00.000Z
MALARIA_EST_DEATHS,Estimated number of malaria deaths,text,AMR,Americas,Country,CRI,Costa Rica,Year,2016,false,,,,,,,,,,,,,0,,,,,,0,,,EN,2025-12-19T00:00:00.000Z
MALARIA_EST_DEATHS,Estimated number of malaria deaths,text,SEAR,South-East Asia,Country,PRK,Democratic People's Republic of Korea,Year,2016,false,,,,,,,,,,,,,0,,,,,,0,,,EN,2025-12-19T00:00:00.000Z
MALARIA_EST_DEATHS,Estimated number of malaria deaths,text,AMR,Americas,Country,ECU,Ecuador,Year,2016,false,,,,,,,,,,,,,0,,,,,,0,,,EN,2025-12-19T00:00:00.000Z
MALARIA_EST_DEATHS,Estimated number of malaria deaths,text,EMR,Eastern Mediterranean,Country,EGY,Egypt,Year,2016,false,,,,,,,,,,,,,0,,,,,,0,,,EN,2025-12-19T00:00:00.000Z
MALARIA_EST_DEATHS,Estimated number of malaria deaths,text,AMR,Americas,Country,SLV,El Salvador,Year,2016,false,,,,,,,,,,,,,0,,,,,,0,,,EN,2025-12-19T00:00:00.000Z
MALARIA_EST_DEATHS,Estimated number of malaria deaths,text,AMR,Americas,Country,GUF,French Guiana,Year,2016,false,,,,,,,,,,,,,0,,,,,,0,,,EN,2025-12-19T00:00:00.000Z
MALARIA_EST_DEATHS,Estimated number of malaria deaths,text,EUR,Europe,Country,GEO,Georgia,Year,2016,false,,,,,,,,,,,,,0,,,,,,0,,,EN,2025-12-19T00:00:00.000Z
MALARIA_EST_DEATHS,Estimated number of malaria deaths,text,EMR,Eastern Mediterranean,Country,IRN,Iran (Islamic Republic of),Year,2016,false,,,,,,,,,,,,,0,,,,,,0,,,EN,2025-12-19T00:00:00.000Z
MALARIA_EST_DEATHS,Estimated number of malaria deaths,text,EMR,Eastern Mediterranean,Country,IRQ,Iraq,Year,2016,false,,,,,,,,,,,,,0,,,,,,0,,,EN,2025-12-19T00:00:00.000Z
MALARIA_EST_DEATHS,Estimated number of malaria deaths,text,EUR,Europe,Country,KAZ,Kazakhstan,Year,2016,false,,,,,,,,,,,,,0,,,,,,0,,,EN,2025-12-19T00:00:00.000Z
MALARIA_EST_DEATHS,Estimated number of malaria deaths,text,EUR,Europe,Country,KGZ,Kyrgyzstan,Year,2016,false,,,,,,,,,,,,,0,,,,,,0,,,EN,2025-12-19T00:00:00.000Z
MALARIA_EST_DEATHS,Estimated number of malaria deaths,text,AMR,Americas,Country,MEX,Mexico,Year,2016,false,,,,,,,,,,,,,0,,,,,,0,,,EN,2025-12-19T00:00:00.000Z
MALARIA_EST_DEATHS,Estimated number of malaria deaths,text,EMR,Eastern Mediterranean,Country,MAR,Morocco,Year,2016,false,,,,,,,,,,,,,0,,,,,,0,,,EN,2025-12-19T00:00:00.000Z
MALARIA_EST_DEATHS,Estimated number of malaria deaths,text,EMR,Eastern Mediterranean,Country,OMN,Oman,Year,2016,false,,,,,,,,,,,,,0,,,,,,0,,,EN,2025-12-19T00:00:00.000Z
MALARIA_EST_DEATHS,Estimated number of malaria deaths,text,AMR,Americas,Country,PAN,Panama,Year,2016,false,,,,,,,,,,,,,0,,,,,,0,,,EN,2025-12-19T00:00:00.000Z
MALARIA_EST_DEATHS,Estimated number of malaria deaths,text,AMR,Americas,Country,PRY,Paraguay,Year,2016,false,,,,,,,,,,,,,0,,,,,,0,,,EN,2025-12-19T00:00:00.000Z
MALARIA_EST_DEATHS,Estimated number of malaria deaths,text,WPR,Western Pacific,Country,KOR,Republic of Korea,Year,2016,false,,,,,,,,,,,,,0,,,,,,0,,,EN,2025-12-19T00:00:00.000Z
MALARIA_EST_DEATHS,Estimated number of malaria deaths,text,EMR,Eastern Mediterranean,Country,SAU,Saudi Arabia,Year,2016,false,,,,,,,,,,,,,0,,,,,,0,,,EN,2025-12-19T00:00:00.000Z
MALARIA_EST_DEATHS,Estimated number of malaria deaths,text,SEAR,South-East Asia,Country,LKA,Sri Lanka,Year,2016,false,,,,,,,,,,,,,0,,,,,,0,,,EN,2025-12-19T00:00:00.000Z
MALARIA_EST_DEATHS,Estimated number of malaria deaths,text,AMR,Americas,Country,SUR,Suriname,Year,2016,false,,,,,,,,,,,,,0,,,,,,0,,,EN,2025-12-19T00:00:00.000Z
MALARIA_EST_DEATHS,Estimated number of malaria deaths,text,EMR,Eastern Mediterranean,Country,SYR,Syrian Arab Republic,Year,2016,false,,,,,,,,,,,,,0,,,,,,0,,,EN,2025-12-19T00:00:00.000Z
MALARIA_EST_DEATHS,Estimated number of malaria deaths,text,EUR,Europe,Country,TUR,Türkiye,Year,2016,false,,,,,,,,,,,,,0,,,,,,0,,,EN,2025-12-19T00:00:00.000Z
MALARIA_EST_DEATHS,Estimated number of malaria deaths,text,EUR,Europe,Country,TJK,Tajikistan,Year,2016,false,,,,,,,,,,,,,0,,,,,,0,,,EN,2025-12-19T00:00:00.000Z
MALARIA_EST_DEATHS,Estimated number of malaria deaths,text,SEAR,South-East Asia,Country,TLS,Timor-Leste,Year,2016,false,,,,,,,,,,,,,0,,,,,,0,,,EN,2025-12-19T00:00:00.000Z
MALARIA_EST_DEATHS,Estimated number of malaria deaths,text,EUR,Europe,Country,TKM,Turkmenistan,Year,2016,false,,,,,,,,,,,,,0,,,,,,0,,,EN,2025-12-19T00:00:00.000Z
MALARIA_EST_DEATHS,Estimated number of malaria deaths,text,EMR,Eastern Mediterranean,Country,ARE,United Arab Emirates,Year,2016,false,,,,,,,,,,,,,0,,,,,,0,,,EN,2025-12-19T00:00:00.000Z
MALARIA_EST_DEATHS,Estimated number of malaria deaths,text,EUR,Europe,Country,UZB,Uzbekistan,Year,2016,false,,,,,,,,,,,,,0,,,,,,0,,,EN,2025-12-19T00:00:00.000Z
MALARIA_EST_DEATHS,Estimated number of malaria deaths,text,WPR,Western Pacific,Country,VUT,Vanuatu,Year,2016,false,,,,,,,,,,,,,0,,,,,,0,,,EN,2025-12-19T00:00:00.000Z
MALARIA_EST_DEATHS,Estimated number of malaria deaths,text,AFR,Africa,Country,CPV,Cabo Verde,Year,2016,false,,,,,,,,,,,,,1,,,,,,1,,,EN,2025-12-19T00:00:00.000Z
MALARIA_EST_DEATHS,Estimated number of malaria deaths,text,AMR,Americas,Country,DOM,Dominican Republic,Year,2016,false,,,,,,,,,,,,,1,,,,,,1,,,EN,2025-12-19T00:00:00.000Z
MALARIA_EST_DEATHS,Estimated number of malaria deaths,text,AFR,Africa,Country,STP,Sao Tome and Principe,Year,2016,false,,,,,,,,,,,,,1,,,,,,1,,,EN,2025-12-19T00:00:00.000Z
MALARIA_EST_DEATHS,Estimated number of malaria deaths,text,AFR,Africa,Country,KEN,Kenya,Year,2016,false,,,,,,,,,,,,,10483,,,10300,,10700,10 483 [10 300-10 700],,,EN,2025-12-19T00:00:00.000Z
MALARIA_EST_DEATHS,Estimated number of malaria deaths,text,WPR,Western Pacific,Country,SLB,Solomon Islands,Year,2016,false,,,,,,,,,,,,,103,,,52,,160,103 [52-160],,,EN,2025-12-19T00:00:00.000Z
MALARIA_EST_DEATHS,Estimated number of malaria deaths,text,AFR,Africa,Country,BEN,Benin,Year,2016,false,,,,,,,,,,,,,11244,,,10200,,12400,11 244 [10 200-12 400],,,EN,2025-12-19T00:00:00.000Z
MALARIA_EST_DEATHS,Estimated number of malaria deaths,text,AFR,Africa,Country,GIN,Guinea,Year,2016,false,,,,,,,,,,,,,11417,,,10400,,12600,11 417 [10 400-12 600],,,EN,2025-12-19T00:00:00.000Z
MALARIA_EST_DEATHS,Estimated number of malaria deaths,text,AFR,Africa,Country,CMR,Cameroon,Year,2016,false,,,,,,,,,,,,,12120,,,11200,,13100,12 120 [11 200-13 100],,,EN,2025-12-19T00:00:00.000Z
MALARIA_EST_DEATHS,Estimated number of malaria deaths,text,AFR,Africa,Country,GHA,Ghana,Year,2016,false,,,,,,,,,,,,,12293,,,11800,,12900,12 293 [11 800-12 900],,,EN,2025-12-19T00:00:00.000Z
MALARIA_EST_DEATHS,Estimated number of malaria deaths,text,AFR,Africa,Country,AGO,Angola,Year,2016,false,,,,,,,,,,,,,12961,,,9580,,18100,12 961 [9580-18 100],,,EN,2025-12-19T00:00:00.000Z
MALARIA_EST_DEATHS,Estimated number of malaria deaths,text,AFR,Africa,Country,TCD,Chad,Year,2016,false,,,,,,,,,,,,,13116,,,11300,,15100,13 116 [11 300-15 100],,,EN,2025-12-19T00:00:00.000Z
MALARIA_EST_DEATHS,Estimated number of malaria deaths,text,SEAR,South-East Asia,Country,IND,India,Year,2016,false,,,,,,,,,,,,,14257,,,6710,,23400,14 257 [6710-23 400],,,EN,2025-12-19T00:00:00.000Z
MALARIA_EST_DEATHS,Estimated number of malaria deaths,text,AFR,Africa,Country,ETH,Ethiopia,Year,2016,false,,,,,,,,,,,,,15473,,,3880,,39100,15 473 [3880-39 100],,,EN,2025-12-19T00:00:00.000Z
MALARIA_EST_DEATHS,Estimated number of malaria deaths,text,AFR,Africa,Country,UGA,Uganda,Year,2016,false,,,,,,,,,,,,,15637,,,14400,,17100,15 637 [14 400-17 100],,,EN,2025-12-19T00:00:00.000Z
MALARIA_EST_DEATHS,Estimated number of malaria deaths,text,AFR,Africa,Country,MLI,Mali,Year,2016,false,,,,,,,,,,,,,17286,,,15500,,19400,17 286 [15 500-19 400],,,EN,2025-12-19T00:00:00.000Z
MALARIA_EST_DEATHS,Estimated number of malaria deaths,text,AFR,Africa,Country,NGA,Nigeria,Year,2016,false,,,,,,,,,,,,,171827,,,148000,,203000,171 827 [148 000-203 000],,,EN,2025-12-19T00:00:00.000Z
MALARIA_EST_DEATHS,Estimated number of malaria deaths,text,EMR,Eastern Mediterranean,Country,YEM,Yemen,Year,2016,false,,,,,,,,,,,,,1721,,,720,,3220,1721 [720-3220],,,EN,2025-12-19T00:00:00.000Z
MALARIA_EST_DEATHS,Estimated number of malaria deaths,text,AFR,Africa,Country,SEN,Senegal,Year,2016,false,,,,,,,,,,,,,1751,,,710,,3200,1751 [710-3200],,,EN,2025-12-19T00:00:00.000Z
MALARIA_EST_DEATHS,Estimated number of malaria deaths,text,AFR,Africa,Country,MYT,Mayotte,Year,2016,false,,,,,,,,,,,,,18,,,18,,18,18 [18-18],,,EN,2025-12-19T00:00:00.000Z
MALARIA_EST_DEATHS,Estimated number of malaria deaths,text,AFR,Africa,Country,BFA,Burkina Faso,Year,2016,false,,,,,,,,,,,,,18145,,,15000,,22100,18 145 [15 000-22 100],,,EN,2025-12-19T00:00:00.000Z
MALARIA_EST_DEATHS,Estimated number of malaria deaths,text,WPR,Western Pacific,Country,IDN,Indonesia,Year,2016,false,,,,,,,,,,,,,1893,,,940,,2900,1893 [940-2900],,,EN,2025-12-19T00:00:00.000Z
MALARIA_EST_DEATHS,Estimated number of malaria deaths,text,AFR,Africa,Country,ZWE,Zimbabwe,Year,2016,false,,,,,,,,,,,,,1947,,,770,,3590,1947 [770-3590],,,EN,2025-12-19T00:00:00.000Z
MALARIA_EST_DEATHS,Estimated number of malaria deaths,text,AFR,Africa,Country,ERI,Eritrea,Year,2016,false,,,,,,,,,,,,,198,,,71,,390,198 [71-390],,,EN,2025-12-19T00:00:00.000Z
MALARIA_EST_DEATHS,Estimated number of malaria deaths,text,WPR,Western Pacific,Country,MYS,Malaysia,Year,2016,false,,,,,,,,,,,,,2,,,,,,2,,,EN,2025-12-19T00:00:00.000Z
MALARIA_EST_DEATHS,Estimated number of malaria deaths,text,AMR,Americas,Country,NIC,Nicaragua,Year,2016,false,,,,,,,,,,,,,2,,,,,,2,,,EN,2025-12-19T00:00:00.000Z
MALARIA_EST_DEATHS,Estimated number of malaria deaths,text,AMR,Americas,Country,GTM,Guatemala,Year,2016,false,,,,,,,,,,,,,2,,,0,,3,2 [0-3],,,EN,2025-12-19T00:00:00.000Z
MALARIA_EST_DEATHS,Estimated number of malaria deaths,text,AMR,Americas,Country,BOL,Bolivia (Plurinational State of),Year,2016,false,,,,,,,,,,,,,2,,,0,,5,2 [0-5],,,EN,2025-12-19T00:00:00.000Z
MALARIA_EST_DEATHS,Estimated number of malaria deaths,text,AFR,Africa,Country,MOZ,Mozambique,Year,2016,false,,,,,,,,,,,,,20963,,,17100,,26700,20 963 [17 100-26 700],,,EN,2025-12-19T00:00:00.000Z
MALARIA_EST_DEATHS,Estimated number of malaria deaths,text,EMR,Eastern Mediterranean,Country,SOM,Somalia,Year,2016,false,,,,,,,,,,,,,2029,,,770,,4020,2029 [770-4020],,,EN,2025-12-19T00:00:00.000Z
MALARIA_EST_DEATHS,Estimated number of malaria deaths,text,WPR,Western Pacific,Country,KHM,Cambodia,Year,2016,false,,,,,,,,,,,,,204,,,100,,320,204 [100-320],,,EN,2025-12-19T00:00:00.000Z
MALARIA_EST_DEATHS,Estimated number of malaria deaths,text,AFR,Africa,Country,COG,Congo,Year,2016,false,,,,,,,,,,,,,2071,,,1840,,2400,2071 [1840-2400],,,EN,2025-12-19T00:00:00.000Z
MALARIA_EST_DEATHS,Estimated number of malaria deaths,text,AFR,Africa,Country,TZA,United Republic of Tanzania,Year,2016,false,,,,,,,,,,,,,23354,,,22500,,24300,23 354 [22 500-24 300],,,EN,2025-12-19T00:00:00.000Z
MALARIA_EST_DEATHS,Estimated number of malaria deaths,text,AMR,Americas,Country,GUY,Guyana,Year,2016,false,,,,,,,,,,,,,24,,,11,,42,24 [11-42],,,EN,2025-12-19T00:00:00.000Z
MALARIA_EST_DEATHS,Estimated number of malaria deaths,text,WPR,Western Pacific,Country,PNG,Papua New Guinea,Year,2016,false,,,,,,,,,,,,,2568,,,1070,,4660,2568 [1070-4660],,,EN,2025-12-19T00:00:00.000Z
MALARIA_EST_DEATHS,Estimated number of malaria deaths,text,AMR,Americas,Country,VEN,Venezuela (Bolivarian Republic of),Year,2016,false,,,,,,,,,,,,,261,,,140,,400,261 [140-400],,,EN,2025-12-19T00:00:00.000Z
MALARIA_EST_DEATHS,Estimated number of malaria deaths,text,SEAR,South-East Asia,Country,THA,Thailand,Year,2016,false,,,,,,,,,,,,,27,,,,,,27,,,EN,2025-12-19T00:00:00.000Z
MALARIA_EST_DEATHS,Estimated number of malaria deaths,text,SEAR,South-East Asia,Country,MMR,Myanmar,Year,2016,false,,,,,,,,,,,,,274,,,130,,440,274 [130-440],,,EN,2025-12-19T00:00:00.000Z
MALARIA_EST_DEATHS,Estimated number of malaria deaths,text,AFR,Africa,Country,BWA,Botswana,Year,2016,false,,,,,,,,,,,,,3,,,,,,3,,,EN,2025-12-19T00:00:00.000Z
MALARIA_EST_DEATHS,Estimated number of malaria deaths,text,AFR,Africa,Country,SWZ,Eswatini,Year,2016,false,,,,,,,,,,,,,3,,,,,,3,,,EN,2025-12-19T00:00:00.000Z
MALARIA_EST_DEATHS,Estimated number of malaria deaths,text,SEAR,South-East Asia,Country,NPL,Nepal,Year,2016,false,,,,,,,,,,,,,3,,,,,,3,,,EN,2025-12-19T00:00:00.000Z
MALARIA_EST_DEATHS,Estimated number of malaria deaths,text,AFR,Africa,Country,COM,Comoros,Year,2016,false,,,,,,,,,,,,,3,,,1,,5,3 [1-5],,,EN,2025-12-19T00:00:00.000Z
MALARIA_EST_DEATHS,Estimated number of malaria deaths,text,EMR,Eastern Mediterranean,Country,DJI,Djibouti,Year,2016,false,,,,,,,,,,,,,30,,,14,,46,30 [14-46],,,EN,2025-12-19T00:00:00.000Z
MALARIA_EST_DEATHS,Estimated number of malaria deaths,text,AFR,Africa,Country,RWA,Rwanda,Year,2016,false,,,,,,,,,,,,,3053,,,2930,,3200,3053 [2930-3200],,,EN,2025-12-19T00:00:00.000Z
MALARIA_EST_DEATHS,Estimated number of malaria deaths,text,WPR,Western Pacific,Country,LAO,Lao People's Democratic Republic,Year,2016,false,,,,,,,,,,,,,32,,,15,,55,32 [15-55],,,EN,2025-12-19T00:00:00.000Z
MALARIA_EST_DEATHS,Estimated number of malaria deaths,text,AFR,Africa,Country,ZAF,South Africa,Year,2016,false,,,,,,,,,,,,,34,,,,,,34,,,EN,2025-12-19T00:00:00.000Z
MALARIA_EST_DEATHS,Estimated number of malaria deaths,text,AMR,Americas,Country,BRA,Brazil,Year,2016,false,,,,,,,,,,,,,35,,,,,,35,,,EN,2025-12-19T00:00:00.000Z
MALARIA_EST_DEATHS,Estimated number of malaria deaths,text,AFR,Africa,Country,NER,Niger,Year,2016,false,,,,,,,,,,,,,35085,,,31600,,39100,35 085 [31 600-39 100],,,EN,2025-12-19T00:00:00.000Z
MALARIA_EST_DEATHS,Estimated number of malaria deaths,text,EMR,Eastern Mediterranean,Country,AFG,Afghanistan,Year,2016,false,,,,,,,,,,,,,351,,,150,,610,351 [150-610],,,EN,2025-12-19T00:00:00.000Z
MALARIA_EST_DEATHS,Estimated number of malaria deaths,text,AMR,Americas,Country,COL,Colombia,Year,2016,false,,,,,,,,,,,,,36,,,,,,36,,,EN,2025-12-19T00:00:00.000Z
MALARIA_EST_DEATHS,Estimated number of malaria deaths,text,WPR,Western Pacific,Country,PHL,Philippines,Year,2016,false,,,,,,,,,,,,,38,,,16,,69,38 [16-69],,,EN,2025-12-19T00:00:00.000Z
MALARIA_EST_DEATHS,Estimated number of malaria deaths,text,AFR,Africa,Country,GAB,Gabon,Year,2016,false,,,,,,,,,,,,,397,,,350,,460,397 [350-460],,,EN,2025-12-19T00:00:00.000Z
MALARIA_EST_DEATHS,Estimated number of malaria deaths,text,AFR,Africa,Country,LBR,Liberia,Year,2016,false,,,,,,,,,,,,,3984,,,3570,,4490,3984 [3570-4490],,,EN,2025-12-19T00:00:00.000Z
MALARIA_EST_DEATHS,Estimated number of malaria deaths,text,AFR,Africa,Country,MDG,Madagascar,Year,2016,false,,,,,,,,,,,,,4088,,,1750,,7280,4088 [1750-7280],,,EN,2025-12-19T00:00:00.000Z
MALARIA_EST_DEATHS,Estimated number of malaria deaths,text,AFR,Africa,Country,TGO,Togo,Year,2016,false,,,,,,,,,,,,,4642,,,4170,,5160,4642 [4170-5160],,,EN,2025-12-19T00:00:00.000Z
MALARIA_EST_DEATHS,Estimated number of malaria deaths,text,AFR,Africa,Country,CAF,Central African Republic,Year,2016,false,,,,,,,,,,,,,4839,,,4200,,5580,4839 [4200-5580],,,EN,2025-12-19T00:00:00.000Z
MALARIA_EST_DEATHS,Estimated number of malaria deaths,text,AMR,Americas,Country,HND,Honduras,Year,2016,false,,,,,,,,,,,,,5,,,2,,9,5 [2-9],,,EN,2025-12-19T00:00:00.000Z
MALARIA_EST_DEATHS,Estimated number of malaria deaths,text,EMR,Eastern Mediterranean,Country,SDN,Sudan,Year,2016,false,,,,,,,,,,,,,5327,,,2340,,8980,5327 [2340-8980],,,EN,2025-12-19T00:00:00.000Z
MALARIA_EST_DEATHS,Estimated number of malaria deaths,text,AFR,Africa,Country,BDI,Burundi,Year,2016,false,,,,,,,,,,,,,5779,,,5020,,6820,5779 [5020-6820],,,EN,2025-12-19T00:00:00.000Z
MALARIA_EST_DEATHS,Estimated number of malaria deaths,text,AFR,Africa,Country,GMB,Gambia,Year,2016,false,,,,,,,,,,,,,615,,,590,,650,615 [590-650],,,EN,2025-12-19T00:00:00.000Z
MALARIA_EST_DEATHS,Estimated number of malaria deaths,text,AFR,Africa,Country,NAM,Namibia,Year,2016,false,,,,,,,,,,,,,65,,,,,,65,,,EN,2025-12-19T00:00:00.000Z
MALARIA_EST_DEATHS,Estimated number of malaria deaths,text,AFR,Africa,Country,COD,Democratic Republic of the Congo,Year,2016,false,,,,,,,,,,,,,66971,,,50300,,89000,66 971 [50 300-89 000],,,EN,2025-12-19T00:00:00.000Z
MALARIA_EST_DEATHS,Estimated number of malaria deaths,text,AMR,Americas,Country,PER,Peru,Year,2016,false,,,,,,,,,,,,,69,,,35,,110,69 [35-110],,,EN,2025-12-19T00:00:00.000Z
MALARIA_EST_DEATHS,Estimated number of malaria deaths,text,WPR,Western Pacific,Country,VNM,Viet Nam,Year,2016,false,,,,,,,,,,,,,7,,,3,,12,7 [3-12],,,EN,2025-12-19T00:00:00.000Z
MALARIA_EST_DEATHS,Estimated number of malaria deaths,text,AFR,Africa,Country,MWI,Malawi,Year,2016,false,,,,,,,,,,,,,7092,,,6530,,7740,7092 [6530-7740],,,EN,2025-12-19T00:00:00.000Z
MALARIA_EST_DEATHS,Estimated number of malaria deaths,text,SEAR,South-East Asia,Country,BGD,Bangladesh,Year,2016,false,,,,,,,,,,,,,72,,,33,,110,72 [33-110],,,EN,2025-12-19T00:00:00.000Z
MALARIA_EST_DEATHS,Estimated number of malaria deaths,text,AFR,Africa,Country,SSD,South Sudan,Year,2016,false,,,,,,,,,,,,,7391,,,4790,,11300,7391 [4790-11 300],,,EN,2025-12-19T00:00:00.000Z
MALARIA_EST_DEATHS,Estimated number of malaria deaths,text,AFR,Africa,Country,GNQ,Equatorial Guinea,Year,2016,false,,,,,,,,,,,,,785,,,660,,960,785 [660-960],,,EN,2025-12-19T00:00:00.000Z
MALARIA_EST_DEATHS,Estimated number of malaria deaths,text,AFR,Africa,Country,ZMB,Zambia,Year,2016,false,,,,,,,,,,,,,7930,,,7490,,8420,7930 [7490-8420],,,EN,2025-12-19T00:00:00.000Z
MALARIA_EST_DEATHS,Estimated number of malaria deaths,text,EMR,Eastern Mediterranean,Country,PAK,Pakistan,Year,2016,false,,,,,,,,,,,,,844,,,390,,1650,844 [390-1650],,,EN,2025-12-19T00:00:00.000Z
MALARIA_EST_DEATHS,Estimated number of malaria deaths,text,AFR,Africa,Country,GNB,Guinea-Bissau,Year,2016,false,,,,,,,,,,,,,855,,,750,,1000,855 [750-1000],,,EN,2025-12-19T00:00:00.000Z
MALARIA_EST_DEATHS,Estimated number of malaria deaths,text,AMR,Americas,Country,HTI,Haiti,Year,2016,false,,,,,,,,,,,,,92,,,37,,170,92 [37-170],,,EN,2025-12-19T00:00:00.000Z
MALARIA_EST_DEATHS,Estimated number of malaria deaths,text,AFR,Africa,Country,SLE,Sierra Leone,Year,2016,false,,,,,,,,,,,,,9480,,,8550,,10500,9480 [8550-10 500],,,EN,2025-12-19T00:00:00.000Z
MALARIA_EST_DEATHS,Estimated number of malaria deaths,text,AFR,Africa,Country,CIV,Cote d'Ivoire,Year,2016,false,,,,,,,,,,,,,9766,,,9000,,10600,9766 [9000-10 600],,,EN,2025-12-19T00:00:00.000Z
MALARIA_EST_DEATHS,Estimated number of malaria deaths,text,AFR,Africa,Country,MRT,Mauritania,Year,2016,false,,,,,,,,,,,,,988,,,300,,2290,988 [300-2290],,,EN,2025-12-19T00:00:00.000Z
MALARIA_EST_DEATHS,Estimated number of malaria deaths,text,AFR,Africa,Country,DZA,Algeria,Year,2015,false,,,,,,,,,,,,,0,,,,,,0,,,EN,2025-12-19T00:00:00.000Z
MALARIA_EST_DEATHS,Estimated number of malaria deaths,text,AMR,Americas,Country,ARG,Argentina,Year,2015,false,,,,,,,,,,,,,0,,,,,,0,,,EN,2025-12-19T00:00:00.000Z
MALARIA_EST_DEATHS,Estimated number of malaria deaths,text,EUR,Europe,Country,ARM,Armenia,Year,2015,false,,,,,,,,,,,,,0,,,,,,0,,,EN,2025-12-19T00:00:00.000Z
MALARIA_EST_DEATHS,Estimated number of malaria deaths,text,EUR,Europe,Country,AZE,Azerbaijan,Year,2015,false,,,,,,,,,,,,,0,,,,,,0,,,EN,2025-12-19T00:00:00.000Z
MALARIA_EST_DEATHS,Estimated number of malaria deaths,text,AMR,Americas,Country,BLZ,Belize,Year,2015,false,,,,,,,,,,,,,0,,,,,,0,,,EN,2025-12-19T00:00:00.000Z
MALARIA_EST_DEATHS,Estimated number of malaria deaths,text,SEAR,South-East Asia,Country,BTN,Bhutan,Year,2015,false,,,,,,,,,,,,,0,,,,,,0,,,EN,2025-12-19T00:00:00.000Z
MALARIA_EST_DEATHS,Estimated number of malaria deaths,text,AFR,Africa,Country,CPV,Cabo Verde,Year,2015,false,,,,,,,,,,,,,0,,,,,,0,,,EN,2025-12-19T00:00:00.000Z
MALARIA_EST_DEATHS,Estimated number of malaria deaths,text,WPR,Western Pacific,Country,CHN,China,Year,2015,false,,,,,,,,,,,,,0,,,,,,0,,,EN,2025-12-19T00:00:00.000Z
MALARIA_EST_DEATHS,Estimated number of malaria deaths,text,AMR,Americas,Country,CRI,Costa Rica,Year,2015,false,,,,,,,,,,,,,0,,,,,,0,,,EN,2025-12-19T00:00:00.000Z
MALARIA_EST_DEATHS,Estimated number of malaria deaths,text,SEAR,South-East Asia,Country,PRK,Democratic People's Republic of Korea,Year,2015,false,,,,,,,,,,,,,0,,,,,,0,,,EN,2025-12-19T00:00:00.000Z
MALARIA_EST_DEATHS,Estimated number of malaria deaths,text,AMR,Americas,Country,ECU,Ecuador,Year,2015,false,,,,,,,,,,,,,0,,,,,,0,,,EN,2025-12-19T00:00:00.000Z
MALARIA_EST_DEATHS,Estimated number of malaria deaths,text,EMR,Eastern Mediterranean,Country,EGY,Egypt,Year,2015,false,,,,,,,,,,,,,0,,,,,,0,,,EN,2025-12-19T00:00:00.000Z
MALARIA_EST_DEATHS,Estimated number of malaria deaths,text,AMR,Americas,Country,SLV,El Salvador,Year,2015,false,,,,,,,,,,,,,0,,,,,,0,,,EN,2025-12-19T00:00:00.000Z
MALARIA_EST_DEATHS,Estimated number of malaria deaths,text,AMR,Americas,Country,GUF,French Guiana,Year,2015,false,,,,,,,,,,,,,0,,,,,,0,,,EN,2025-12-19T00:00:00.000Z
MALARIA_EST_DEATHS,Estimated number of malaria deaths,text,EUR,Europe,Country,GEO,Georgia,Year,2015,false,,,,,,,,,,,,,0,,,,,,0,,,EN,2025-12-19T00:00:00.000Z
MALARIA_EST_DEATHS,Estimated number of malaria deaths,text,EMR,Eastern Mediterranean,Country,IRN,Iran (Islamic Republic of),Year,2015,false,,,,,,,,,,,,,0,,,,,,0,,,EN,2025-12-19T00:00:00.000Z
MALARIA_EST_DEATHS,Estimated number of malaria deaths,text,EMR,Eastern Mediterranean,Country,IRQ,Iraq,Year,2015,false,,,,,,,,,,,,,0,,,,,,0,,,EN,2025-12-19T00:00:00.000Z
MALARIA_EST_DEATHS,Estimated number of malaria deaths,text,EUR,Europe,Country,KAZ,Kazakhstan,Year,2015,false,,,,,,,,,,,,,0,,,,,,0,,,EN,2025-12-19T00:00:00.000Z
MALARIA_EST_DEATHS,Estimated number of malaria deaths,text,EUR,Europe,Country,KGZ,Kyrgyzstan,Year,2015,false,,,,,,,,,,,,,0,,,,,,0,,,EN,2025-12-19T00:00:00.000Z
MALARIA_EST_DEATHS,Estimated number of malaria deaths,text,AMR,Americas,Country,MEX,Mexico,Year,2015,false,,,,,,,,,,,,,0,,,,,,0,,,EN,2025-12-19T00:00:00.000Z
MALARIA_EST_DEATHS,Estimated number of malaria deaths,text,EMR,Eastern Mediterranean,Country,MAR,Morocco,Year,2015,false,,,,,,,,,,,,,0,,,,,,0,,,EN,2025-12-19T00:00:00.000Z
MALARIA_EST_DEATHS,Estimated number of malaria deaths,text,EMR,Eastern Mediterranean,Country,OMN,Oman,Year,2015,false,,,,,,,,,,,,,0,,,,,,0,,,EN,2025-12-19T00:00:00.000Z
MALARIA_EST_DEATHS,Estimated number of malaria deaths,text,AMR,Americas,Country,PAN,Panama,Year,2015,false,,,,,,,,,,,,,0,,,,,,0,,,EN,2025-12-19T00:00:00.000Z
MALARIA_EST_DEATHS,Estimated number of malaria deaths,text,AMR,Americas,Country,PRY,Paraguay,Year,2015,false,,,,,,,,,,,,,0,,,,,,0,,,EN,2025-12-19T00:00:00.000Z
MALARIA_EST_DEATHS,Estimated number of malaria deaths,text,WPR,Western Pacific,Country,KOR,Republic of Korea,Year,2015,false,,,,,,,,,,,,,0,,,,,,0,,,EN,2025-12-19T00:00:00.000Z
MALARIA_EST_DEATHS,Estimated number of malaria deaths,text,AFR,Africa,Country,STP,Sao Tome and Principe,Year,2015,false,,,,,,,,,,,,,0,,,,,,0,,,EN,2025-12-19T00:00:00.000Z
MALARIA_EST_DEATHS,Estimated number of malaria deaths,text,EMR,Eastern Mediterranean,Country,SAU,Saudi Arabia,Year,2015,false,,,,,,,,,,,,,0,,,,,,0,,,EN,2025-12-19T00:00:00.000Z
MALARIA_EST_DEATHS,Estimated number of malaria deaths,text,SEAR,South-East Asia,Country,LKA,Sri Lanka,Year,2015,false,,,,,,,,,,,,,0,,,,,,0,,,EN,2025-12-19T00:00:00.000Z
MALARIA_EST_DEATHS,Estimated number of malaria deaths,text,AMR,Americas,Country,SUR,Suriname,Year,2015,false,,,,,,,,,,,,,0,,,,,,0,,,EN,2025-12-19T00:00:00.000Z
MALARIA_EST_DEATHS,Estimated number of malaria deaths,text,EMR,Eastern Mediterranean,Country,SYR,Syrian Arab Republic,Year,2015,false,,,,,,,,,,,,,0,,,,,,0,,,EN,2025-12-19T00:00:00.000Z
MALARIA_EST_DEATHS,Estimated number of malaria deaths,text,EUR,Europe,Country,TUR,Türkiye,Year,2015,false,,,,,,,,,,,,,0,,,,,,0,,,EN,2025-12-19T00:00:00.000Z
MALARIA_EST_DEATHS,Estimated number of malaria deaths,text,EUR,Europe,Country,TJK,Tajikistan,Year,2015,false,,,,,,,,,,,,,0,,,,,,0,,,EN,2025-12-19T00:00:00.000Z
MALARIA_EST_DEATHS,Estimated number of malaria deaths,text,SEAR,South-East Asia,Country,TLS,Timor-Leste,Year,2015,false,,,,,,,,,,,,,0,,,,,,0,,,EN,2025-12-19T00:00:00.000Z
MALARIA_EST_DEATHS,Estimated number of malaria deaths,text,EUR,Europe,Country,TKM,Turkmenistan,Year,2015,false,,,,,,,,,,,,,0,,,,,,0,,,EN,2025-12-19T00:00:00.000Z
MALARIA_EST_DEATHS,Estimated number of malaria deaths,text,EMR,Eastern Mediterranean,Country,ARE,United Arab Emirates,Year,2015,false,,,,,,,,,,,,,0,,,,,,0,,,EN,2025-12-19T00:00:00.000Z
MALARIA_EST_DEATHS,Estimated number of malaria deaths,text,EUR,Europe,Country,UZB,Uzbekistan,Year,2015,false,,,,,,,,,,,,,0,,,,,,0,,,EN,2025-12-19T00:00:00.000Z
MALARIA_EST_DEATHS,Estimated number of malaria deaths,text,WPR,Western Pacific,Country,VUT,Vanuatu,Year,2015,false,,,,,,,,,,,,,0,,,,,,0,,,EN,2025-12-19T00:00:00.000Z
MALARIA_EST_DEATHS,Estimated number of malaria deaths,text,AMR,Americas,Country,NIC,Nicaragua,Year,2015,false,,,,,,,,,,,,,1,,,,,,1,,,EN,2025-12-19T00:00:00.000Z
MALARIA_EST_DEATHS,Estimated number of malaria deaths,text,AFR,Africa,Country,MYT,Mayotte,Year,2015,false,,,,,,,,,,,,,1,,,1,,1,1 [1-1],,,EN,2025-12-19T00:00:00.000Z
MALARIA_EST_DEATHS,Estimated number of malaria deaths,text,AFR,Africa,Country,BEN,Benin,Year,2015,false,,,,,,,,,,,,,10069,,,9230,,11000,10 069 [9230-11 000],,,EN,2025-12-19T00:00:00.000Z
MALARIA_EST_DEATHS,Estimated number of malaria deaths,text,AFR,Africa,Country,KEN,Kenya,Year,2015,false,,,,,,,,,,,,,10423,,,10200,,10700,10 423 [10 200-10 700],,,EN,2025-12-19T00:00:00.000Z
MALARIA_EST_DEATHS,Estimated number of malaria deaths,text,AFR,Africa,Country,SLE,Sierra Leone,Year,2015,false,,,,,,,,,,,,,10553,,,9600,,11600,10 553 [9600-11 600],,,EN,2025-12-19T00:00:00.000Z
MALARIA_EST_DEATHS,Estimated number of malaria deaths,text,SEAR,South-East Asia,Country,BGD,Bangladesh,Year,2015,false,,,,,,,,,,,,,105,,,49,,170,105 [49-170],,,EN,2025-12-19T00:00:00.000Z
MALARIA_EST_DEATHS,Estimated number of malaria deaths,text,AFR,Africa,Country,ZAF,South Africa,Year,2015,false,,,,,,,,,,,,,110,,,,,,110,,,EN,2025-12-19T00:00:00.000Z
MALARIA_EST_DEATHS,Estimated number of malaria deaths,text,AFR,Africa,Country,AGO,Angola,Year,2015,false,,,,,,,,,,,,,12090,,,9130,,16500,12 090 [9130-16 500],,,EN,2025-12-19T00:00:00.000Z
MALARIA_EST_DEATHS,Estimated number of malaria deaths,text,AFR,Africa,Country,GIN,Guinea,Year,2015,false,,,,,,,,,,,,,12092,,,11100,,13200,12 092 [11 100-13 200],,,EN,2025-12-19T00:00:00.000Z
MALARIA_EST_DEATHS,Estimated number of malaria deaths,text,AFR,Africa,Country,CMR,Cameroon,Year,2015,false,,,,,,,,,,,,,12214,,,11300,,13200,12 214 [11 300-13 200],,,EN,2025-12-19T00:00:00.000Z
MALARIA_EST_DEATHS,Estimated number of malaria deaths,text,AFR,Africa,Country,TCD,Chad,Year,2015,false,,,,,,,,,,,,,12898,,,11300,,14600,12 898 [11 300-14 600],,,EN,2025-12-19T00:00:00.000Z
MALARIA_EST_DEATHS,Estimated number of malaria deaths,text,AFR,Africa,Country,ERI,Eritrea,Year,2015,false,,,,,,,,,,,,,128,,,52,,240,128 [52-240],,,EN,2025-12-19T00:00:00.000Z
MALARIA_EST_DEATHS,Estimated number of malaria deaths,text,AFR,Africa,Country,GHA,Ghana,Year,2015,false,,,,,,,,,,,,,13260,,,12700,,13900,13 260 [12 700-13 900],,,EN,2025-12-19T00:00:00.000Z
MALARIA_EST_DEATHS,Estimated number of malaria deaths,text,EMR,Eastern Mediterranean,Country,YEM,Yemen,Year,2015,false,,,,,,,,,,,,,1330,,,550,,2520,1330 [550-2520],,,EN,2025-12-19T00:00:00.000Z
MALARIA_EST_DEATHS,Estimated number of malaria deaths,text,SEAR,South-East Asia,Country,IND,India,Year,2015,false,,,,,,,,,,,,,14620,,,7050,,23300,14 620 [7050-23 300],,,EN,2025-12-19T00:00:00.000Z
MALARIA_EST_DEATHS,Estimated number of malaria deaths,text,AFR,Africa,Country,UGA,Uganda,Year,2015,false,,,,,,,,,,,,,15762,,,14700,,17000,15 762 [14 700-17 000],,,EN,2025-12-19T00:00:00.000Z
MALARIA_EST_DEATHS,Estimated number of malaria deaths,text,AMR,Americas,Country,VEN,Venezuela (Bolivarian Republic of),Year,2015,false,,,,,,,,,,,,,150,,,78,,230,150 [78-230],,,EN,2025-12-19T00:00:00.000Z
MALARIA_EST_DEATHS,Estimated number of malaria deaths,text,WPR,Western Pacific,Country,VNM,Viet Nam,Year,2015,false,,,,,,,,,,,,,16,,,7,,24,16 [7-24],,,EN,2025-12-19T00:00:00.000Z
MALARIA_EST_DEATHS,Estimated number of malaria deaths,text,WPR,Western Pacific,Country,IDN,Indonesia,Year,2015,false,,,,,,,,,,,,,1651,,,840,,2520,1651 [840-2520],,,EN,2025-12-19T00:00:00.000Z
MALARIA_EST_DEATHS,Estimated number of malaria deaths,text,AFR,Africa,Country,NGA,Nigeria,Year,2015,false,,,,,,,,,,,,,169052,,,148000,,196000,169 052 [148 000-196 000],,,EN,2025-12-19T00:00:00.000Z
MALARIA_EST_DEATHS,Estimated number of malaria deaths,text,EMR,Eastern Mediterranean,Country,AFG,Afghanistan,Year,2015,false,,,,,,,,,,,,,174,,,74,,320,174 [74-320],,,EN,2025-12-19T00:00:00.000Z
MALARIA_EST_DEATHS,Estimated number of malaria deaths,text,AMR,Americas,Country,COL,Colombia,Year,2015,false,,,,,,,,,,,,,18,,,,,,18,,,EN,2025-12-19T00:00:00.000Z
MALARIA_EST_DEATHS,Estimated number of malaria deaths,text,AFR,Africa,Country,MLI,Mali,Year,2015,false,,,,,,,,,,,,,18935,,,17100,,21000,18 935 [17 100-21 000],,,EN,2025-12-19T00:00:00.000Z
MALARIA_EST_DEATHS,Estimated number of malaria deaths,text,WPR,Western Pacific,Country,PNG,Papua New Guinea,Year,2015,false,,,,,,,,,,,,,1860,,,750,,3420,1860 [750-3420],,,EN,2025-12-19T00:00:00.000Z
MALARIA_EST_DEATHS,Estimated number of malaria deaths,text,EMR,Eastern Mediterranean,Country,SOM,Somalia,Year,2015,false,,,,,,,,,,,,,1951,,,780,,3630,1951 [780-3630],,,EN,2025-12-19T00:00:00.000Z
MALARIA_EST_DEATHS,Estimated number of malaria deaths,text,AMR,Americas,Country,GTM,Guatemala,Year,2015,false,,,,,,,,,,,,,2,,,0,,4,2 [0-4],,,EN,2025-12-19T00:00:00.000Z
MALARIA_EST_DEATHS,Estimated number of malaria deaths,text,SEAR,South-East Asia,Country,NPL,Nepal,Year,2015,false,,,,,,,,,,,,,2,,,0,,6,2 [0-6],,,EN,2025-12-19T00:00:00.000Z
MALARIA_EST_DEATHS,Estimated number of malaria deaths,text,AFR,Africa,Country,COG,Congo,Year,2015,false,,,,,,,,,,,,,2018,,,1810,,2290,2018 [1810-2290],,,EN,2025-12-19T00:00:00.000Z
MALARIA_EST_DEATHS,Estimated number of malaria deaths,text,AFR,Africa,Country,ETH,Ethiopia,Year,2015,false,,,,,,,,,,,,,21051,,,4540,,53300,21 051 [4540-53 300],,,EN,2025-12-19T00:00:00.000Z
MALARIA_EST_DEATHS,Estimated number of malaria deaths,text,AFR,Africa,Country,BFA,Burkina Faso,Year,2015,false,,,,,,,,,,,,,21478,,,18100,,25500,21 478 [18 100-25 500],,,EN,2025-12-19T00:00:00.000Z
MALARIA_EST_DEATHS,Estimated number of malaria deaths,text,AFR,Africa,Country,MOZ,Mozambique,Year,2015,false,,,,,,,,,,,,,21866,,,18200,,27000,21 866 [18 200-27 000],,,EN,2025-12-19T00:00:00.000Z
MALARIA_EST_DEATHS,Estimated number of malaria deaths,text,AMR,Americas,Country,GUY,Guyana,Year,2015,false,,,,,,,,,,,,,22,,,10,,37,22 [10-37],,,EN,2025-12-19T00:00:00.000Z
MALARIA_EST_DEATHS,Estimated number of malaria deaths,text,AFR,Africa,Country,TZA,United Republic of Tanzania,Year,2015,false,,,,,,,,,,,,,23244,,,22400,,24200,23 244 [22 400-24 200],,,EN,2025-12-19T00:00:00.000Z
MALARIA_EST_DEATHS,Estimated number of malaria deaths,text,EMR,Eastern Mediterranean,Country,DJI,Djibouti,Year,2015,false,,,,,,,,,,,,,24,,,11,,37,24 [11-37],,,EN,2025-12-19T00:00:00.000Z
MALARIA_EST_DEATHS,Estimated number of malaria deaths,text,AFR,Africa,Country,SEN,Senegal,Year,2015,false,,,,,,,,,,,,,2587,,,1030,,4730,2587 [1030-4730],,,EN,2025-12-19T00:00:00.000Z
MALARIA_EST_DEATHS,Estimated number of malaria deaths,text,AFR,Africa,Country,ZWE,Zimbabwe,Year,2015,false,,,,,,,,,,,,,2731,,,1100,,4980,2731 [1100-4980],,,EN,2025-12-19T00:00:00.000Z
MALARIA_EST_DEATHS,Estimated number of malaria deaths,text,AFR,Africa,Country,RWA,Rwanda,Year,2015,false,,,,,,,,,,,,,2996,,,2890,,3120,2996 [2890-3120],,,EN,2025-12-19T00:00:00.000Z
MALARIA_EST_DEATHS,Estimated number of malaria deaths,text,AMR,Americas,Country,DOM,Dominican Republic,Year,2015,false,,,,,,,,,,,,,3,,,,,,3,,,EN,2025-12-19T00:00:00.000Z
MALARIA_EST_DEATHS,Estimated number of malaria deaths,text,AMR,Americas,Country,BOL,Bolivia (Plurinational State of),Year,2015,false,,,,,,,,,,,,,3,,,1,,6,3 [1-6],,,EN,2025-12-19T00:00:00.000Z
MALARIA_EST_DEATHS,Estimated number of malaria deaths,text,AFR,Africa,Country,NAM,Namibia,Year,2015,false,,,,,,,,,,,,,32,,,,,,32,,,EN,2025-12-19T00:00:00.000Z
MALARIA_EST_DEATHS,Estimated number of malaria deaths,text,AFR,Africa,Country,NER,Niger,Year,2015,false,,,,,,,,,,,,,32906,,,29800,,36500,32 906 [29 800-36 500],,,EN,2025-12-19T00:00:00.000Z
MALARIA_EST_DEATHS,Estimated number of malaria deaths,text,SEAR,South-East Asia,Country,THA,Thailand,Year,2015,false,,,,,,,,,,,,,33,,,,,,33,,,EN,2025-12-19T00:00:00.000Z
MALARIA_EST_DEATHS,Estimated number of malaria deaths,text,AFR,Africa,Country,LBR,Liberia,Year,2015,false,,,,,,,,,,,,,3423,,,3120,,3780,3423 [3120-3780],,,EN,2025-12-19T00:00:00.000Z
MALARIA_EST_DEATHS,Estimated number of malaria deaths,text,AMR,Americas,Country,BRA,Brazil,Year,2015,false,,,,,,,,,,,,,35,,,,,,35,,,EN,2025-12-19T00:00:00.000Z
MALARIA_EST_DEATHS,Estimated number of malaria deaths,text,WPR,Western Pacific,Country,KHM,Cambodia,Year,2015,false,,,,,,,,,,,,,374,,,180,,590,374 [180-590],,,EN,2025-12-19T00:00:00.000Z
MALARIA_EST_DEATHS,Estimated number of malaria deaths,text,AFR,Africa,Country,GAB,Gabon,Year,2015,false,,,,,,,,,,,,,392,,,350,,450,392 [350-450],,,EN,2025-12-19T00:00:00.000Z
MALARIA_EST_DEATHS,Estimated number of malaria deaths,text,WPR,Western Pacific,Country,MYS,Malaysia,Year,2015,false,,,,,,,,,,,,,4,,,,,,4,,,EN,2025-12-19T00:00:00.000Z
MALARIA_EST_DEATHS,Estimated number of malaria deaths,text,AMR,Americas,Country,HND,Honduras,Year,2015,false,,,,,,,,,,,,,4,,,1,,6,4 [1-6],,,EN,2025-12-19T00:00:00.000Z
MALARIA_EST_DEATHS,Estimated number of malaria deaths,text,AFR,Africa,Country,COM,Comoros,Year,2015,false,,,,,,,,,,,,,4,,,2,,7,4 [2-7],,,EN,2025-12-19T00:00:00.000Z
MALARIA_EST_DEATHS,Estimated number of malaria deaths,text,AFR,Africa,Country,CAF,Central African Republic,Year,2015,false,,,,,,,,,,,,,4335,,,3790,,4960,4335 [3790-4960],,,EN,2025-12-19T00:00:00.000Z
MALARIA_EST_DEATHS,Estimated number of malaria deaths,text,EMR,Eastern Mediterranean,Country,SDN,Sudan,Year,2015,false,,,,,,,,,,,,,4431,,,1900,,7580,4431 [1900-7580],,,EN,2025-12-19T00:00:00.000Z
MALARIA_EST_DEATHS,Estimated number of malaria deaths,text,SEAR,South-East Asia,Country,MMR,Myanmar,Year,2015,false,,,,,,,,,,,,,481,,,230,,780,481 [230-780],,,EN,2025-12-19T00:00:00.000Z
MALARIA_EST_DEATHS,Estimated number of malaria deaths,text,AFR,Africa,Country,BWA,Botswana,Year,2015,false,,,,,,,,,,,,,5,,,,,,5,,,EN,2025-12-19T00:00:00.000Z
MALARIA_EST_DEATHS,Estimated number of malaria deaths,text,AFR,Africa,Country,SWZ,Eswatini,Year,2015,false,,,,,,,,,,,,,5,,,,,,5,,,EN,2025-12-19T00:00:00.000Z
MALARIA_EST_DEATHS,Estimated number of malaria deaths,text,AFR,Africa,Country,TGO,Togo,Year,2015,false,,,,,,,,,,,,,5151,,,4660,,5700,5151 [4660-5700],,,EN,2025-12-19T00:00:00.000Z
MALARIA_EST_DEATHS,Estimated number of malaria deaths,text,AFR,Africa,Country,BDI,Burundi,Year,2015,false,,,,,,,,,,,,,5437,,,4830,,6240,5437 [4830-6240],,,EN,2025-12-19T00:00:00.000Z
MALARIA_EST_DEATHS,Estimated number of malaria deaths,text,WPR,Western Pacific,Country,SLB,Solomon Islands,Year,2015,false,,,,,,,,,,,,,57,,,28,,91,57 [28-91],,,EN,2025-12-19T00:00:00.000Z
MALARIA_EST_DEATHS,Estimated number of malaria deaths,text,AFR,Africa,Country,COD,Democratic Republic of the Congo,Year,2015,false,,,,,,,,,,,,,60443,,,46800,,77700,60 443 [46 800-77 700],,,EN,2025-12-19T00:00:00.000Z
MALARIA_EST_DEATHS,Estimated number of malaria deaths,text,WPR,Western Pacific,Country,PHL,Philippines,Year,2015,false,,,,,,,,,,,,,63,,,26,,110,63 [26-110],,,EN,2025-12-19T00:00:00.000Z
MALARIA_EST_DEATHS,Estimated number of malaria deaths,text,AFR,Africa,Country,GMB,Gambia,Year,2015,false,,,,,,,,,,,,,664,,,630,,700,664 [630-700],,,EN,2025-12-19T00:00:00.000Z
MALARIA_EST_DEATHS,Estimated number of malaria deaths,text,AFR,Africa,Country,MDG,Madagascar,Year,2015,false,,,,,,,,,,,,,6724,,,2830,,12000,6724 [2830-12 000],,,EN,2025-12-19T00:00:00.000Z
MALARIA_EST_DEATHS,Estimated number of malaria deaths,text,AMR,Americas,Country,PER,Peru,Year,2015,false,,,,,,,,,,,,,70,,,35,,110,70 [35-110],,,EN,2025-12-19T00:00:00.000Z
MALARIA_EST_DEATHS,Estimated number of malaria deaths,text,AFR,Africa,Country,MWI,Malawi,Year,2015,false,,,,,,,,,,,,,7341,,,6850,,7880,7341 [6850-7880],,,EN,2025-12-19T00:00:00.000Z
MALARIA_EST_DEATHS,Estimated number of malaria deaths,text,AFR,Africa,Country,SSD,South Sudan,Year,2015,false,,,,,,,,,,,,,7388,,,4990,,10800,7388 [4990-10 800],,,EN,2025-12-19T00:00:00.000Z
MALARIA_EST_DEATHS,Estimated number of malaria deaths,text,AFR,Africa,Country,MRT,Mauritania,Year,2015,false,,,,,,,,,,,,,751,,,720,,780,751 [720-780],,,EN,2025-12-19T00:00:00.000Z
MALARIA_EST_DEATHS,Estimated number of malaria deaths,text,EMR,Eastern Mediterranean,Country,PAK,Pakistan,Year,2015,false,,,,,,,,,,,,,765,,,300,,1780,765 [300-1780],,,EN,2025-12-19T00:00:00.000Z
MALARIA_EST_DEATHS,Estimated number of malaria deaths,text,AFR,Africa,Country,GNQ,Equatorial Guinea,Year,2015,false,,,,,,,,,,,,,781,,,660,,940,781 [660-940],,,EN,2025-12-19T00:00:00.000Z
MALARIA_EST_DEATHS,Estimated number of malaria deaths,text,WPR,Western Pacific,Country,LAO,Lao People's Democratic Republic,Year,2015,false,,,,,,,,,,,,,80,,,37,,140,80 [37-140],,,EN,2025-12-19T00:00:00.000Z
MALARIA_EST_DEATHS,Estimated number of malaria deaths,text,AFR,Africa,Country,ZMB,Zambia,Year,2015,false,,,,,,,,,,,,,8015,,,7610,,8460,8015 [7610-8460],,,EN,2025-12-19T00:00:00.000Z
MALARIA_EST_DEATHS,Estimated number of malaria deaths,text,AMR,Americas,Country,HTI,Haiti,Year,2015,false,,,,,,,,,,,,,82,,,32,,150,82 [32-150],,,EN,2025-12-19T00:00:00.000Z
MALARIA_EST_DEATHS,Estimated number of malaria deaths,text,AFR,Africa,Country,GNB,Guinea-Bissau,Year,2015,false,,,,,,,,,,,,,838,,,740,,960,838 [740-960],,,EN,2025-12-19T00:00:00.000Z
MALARIA_EST_DEATHS,Estimated number of malaria deaths,text,AFR,Africa,Country,CIV,Cote d'Ivoire,Year,2015,false,,,,,,,,,,,,,9667,,,8950,,10500,9667 [8950-10 500],,,EN,2025-12-19T00:00:00.000Z
MALARIA_EST_DEATHS,Estimated number of malaria deaths,text,AFR,Africa,Country,DZA,Algeria,Year,2014,false,,,,,,,,,,,,,0,,,,,,0,,,EN,2025-12-19T00:00:00.000Z
MALARIA_EST_DEATHS,Estimated number of malaria deaths,text,AMR,Americas,Country,ARG,Argentina,Year,2014,false,,,,,,,,,,,,,0,,,,,,0,,,EN,2025-12-19T00:00:00.000Z
MALARIA_EST_DEATHS,Estimated number of malaria deaths,text,EUR,Europe,Country,ARM,Armenia,Year,2014,false,,,,,,,,,,,,,0,,,,,,0,,,EN,2025-12-19T00:00:00.000Z
MALARIA_EST_DEATHS,Estimated number of malaria deaths,text,EUR,Europe,Country,AZE,Azerbaijan,Year,2014,false,,,,,,,,,,,,,0,,,,,,0,,,EN,2025-12-19T00:00:00.000Z
MALARIA_EST_DEATHS,Estimated number of malaria deaths,text,AMR,Americas,Country,BLZ,Belize,Year,2014,false,,,,,,,,,,,,,0,,,,,,0,,,EN,2025-12-19T00:00:00.000Z
MALARIA_EST_DEATHS,Estimated number of malaria deaths,text,SEAR,South-East Asia,Country,BTN,Bhutan,Year,2014,false,,,,,,,,,,,,,0,,,,,,0,,,EN,2025-12-19T00:00:00.000Z
MALARIA_EST_DEATHS,Estimated number of malaria deaths,text,WPR,Western Pacific,Country,CHN,China,Year,2014,false,,,,,,,,,,,,,0,,,,,,0,,,EN,2025-12-19T00:00:00.000Z
MALARIA_EST_DEATHS,Estimated number of malaria deaths,text,AMR,Americas,Country,CRI,Costa Rica,Year,2014,false,,,,,,,,,,,,,0,,,,,,0,,,EN,2025-12-19T00:00:00.000Z
MALARIA_EST_DEATHS,Estimated number of malaria deaths,text,SEAR,South-East Asia,Country,PRK,Democratic People's Republic of Korea,Year,2014,false,,,,,,,,,,,,,0,,,,,,0,,,EN,2025-12-19T00:00:00.000Z
MALARIA_EST_DEATHS,Estimated number of malaria deaths,text,AMR,Americas,Country,ECU,Ecuador,Year,2014,false,,,,,,,,,,,,,0,,,,,,0,,,EN,2025-12-19T00:00:00.000Z
MALARIA_EST_DEATHS,Estimated number of malaria deaths,text,EMR,Eastern Mediterranean,Country,EGY,Egypt,Year,2014,false,,,,,,,,,,,,,0,,,,,,0,,,EN,2025-12-19T00:00:00.000Z
MALARIA_EST_DEATHS,Estimated number of malaria deaths,text,AMR,Americas,Country,SLV,El Salvador,Year,2014,false,,,,,,,,,,,,,0,,,,,,0,,,EN,2025-12-19T00:00:00.000Z
MALARIA_EST_DEATHS,Estimated number of malaria deaths,text,AMR,Americas,Country,GUF,French Guiana,Year,2014,false,,,,,,,,,,,,,0,,,,,,0,,,EN,2025-12-19T00:00:00.000Z
MALARIA_EST_DEATHS,Estimated number of malaria deaths,text,EUR,Europe,Country,GEO,Georgia,Year,2014,false,,,,,,,,,,,,,0,,,,,,0,,,EN,2025-12-19T00:00:00.000Z
MALARIA_EST_DEATHS,Estimated number of malaria deaths,text,EMR,Eastern Mediterranean,Country,IRN,Iran (Islamic Republic of),Year,2014,false,,,,,,,,,,,,,0,,,,,,0,,,EN,2025-12-19T00:00:00.000Z
MALARIA_EST_DEATHS,Estimated number of malaria deaths,text,EMR,Eastern Mediterranean,Country,IRQ,Iraq,Year,2014,false,,,,,,,,,,,,,0,,,,,,0,,,EN,2025-12-19T00:00:00.000Z
MALARIA_EST_DEATHS,Estimated number of malaria deaths,text,EUR,Europe,Country,KAZ,Kazakhstan,Year,2014,false,,,,,,,,,,,,,0,,,,,,0,,,EN,2025-12-19T00:00:00.000Z
MALARIA_EST_DEATHS,Estimated number of malaria deaths,text,EUR,Europe,Country,KGZ,Kyrgyzstan,Year,2014,false,,,,,,,,,,,,,0,,,,,,0,,,EN,2025-12-19T00:00:00.000Z
MALARIA_EST_DEATHS,Estimated number of malaria deaths,text,AMR,Americas,Country,MEX,Mexico,Year,2014,false,,,,,,,,,,,,,0,,,,,,0,,,EN,2025-12-19T00:00:00.000Z
MALARIA_EST_DEATHS,Estimated number of malaria deaths,text,EMR,Eastern Mediterranean,Country,MAR,Morocco,Year,2014,false,,,,,,,,,,,,,0,,,,,,0,,,EN,2025-12-19T00:00:00.000Z
MALARIA_EST_DEATHS,Estimated number of malaria deaths,text,AMR,Americas,Country,NIC,Nicaragua,Year,2014,false,,,,,,,,,,,,,0,,,,,,0,,,EN,2025-12-19T00:00:00.000Z
MALARIA_EST_DEATHS,Estimated number of malaria deaths,text,EMR,Eastern Mediterranean,Country,OMN,Oman,Year,2014,false,,,,,,,,,,,,,0,,,,,,0,,,EN,2025-12-19T00:00:00.000Z
MALARIA_EST_DEATHS,Estimated number of malaria deaths,text,AMR,Americas,Country,PAN,Panama,Year,2014,false,,,,,,,,,,,,,0,,,,,,0,,,EN,2025-12-19T00:00:00.000Z
MALARIA_EST_DEATHS,Estimated number of malaria deaths,text,AMR,Americas,Country,PRY,Paraguay,Year,2014,false,,,,,,,,,,,,,0,,,,,,0,,,EN,2025-12-19T00:00:00.000Z
MALARIA_EST_DEATHS,Estimated number of malaria deaths,text,WPR,Western Pacific,Country,KOR,Republic of Korea,Year,2014,false,,,,,,,,,,,,,0,,,,,,0,,,EN,2025-12-19T00:00:00.000Z
MALARIA_EST_DEATHS,Estimated number of malaria deaths,text,AFR,Africa,Country,STP,Sao Tome and Principe,Year,2014,false,,,,,,,,,,,,,0,,,,,,0,,,EN,2025-12-19T00:00:00.000Z
MALARIA_EST_DEATHS,Estimated number of malaria deaths,text,EMR,Eastern Mediterranean,Country,SAU,Saudi Arabia,Year,2014,false,,,,,,,,,,,,,0,,,,,,0,,,EN,2025-12-19T00:00:00.000Z
MALARIA_EST_DEATHS,Estimated number of malaria deaths,text,SEAR,South-East Asia,Country,LKA,Sri Lanka,Year,2014,false,,,,,,,,,,,,,0,,,,,,0,,,EN,2025-12-19T00:00:00.000Z
MALARIA_EST_DEATHS,Estimated number of malaria deaths,text,EMR,Eastern Mediterranean,Country,SYR,Syrian Arab Republic,Year,2014,false,,,,,,,,,,,,,0,,,,,,0,,,EN,2025-12-19T00:00:00.000Z
MALARIA_EST_DEATHS,Estimated number of malaria deaths,text,EUR,Europe,Country,TUR,Türkiye,Year,2014,false,,,,,,,,,,,,,0,,,,,,0,,,EN,2025-12-19T00:00:00.000Z
MALARIA_EST_DEATHS,Estimated number of malaria deaths,text,EUR,Europe,Country,TJK,Tajikistan,Year,2014,false,,,,,,,,,,,,,0,,,,,,0,,,EN,2025-12-19T00:00:00.000Z
MALARIA_EST_DEATHS,Estimated number of malaria deaths,text,EUR,Europe,Country,TKM,Turkmenistan,Year,2014,false,,,,,,,,,,,,,0,,,,,,0,,,EN,2025-12-19T00:00:00.000Z
MALARIA_EST_DEATHS,Estimated number of malaria deaths,text,EMR,Eastern Mediterranean,Country,ARE,United Arab Emirates,Year,2014,false,,,,,,,,,,,,,0,,,,,,0,,,EN,2025-12-19T00:00:00.000Z
MALARIA_EST_DEATHS,Estimated number of malaria deaths,text,EUR,Europe,Country,UZB,Uzbekistan,Year,2014,false,,,,,,,,,,,,,0,,,,,,0,,,EN,2025-12-19T00:00:00.000Z
MALARIA_EST_DEATHS,Estimated number of malaria deaths,text,WPR,Western Pacific,Country,VUT,Vanuatu,Year,2014,false,,,,,,,,,,,,,0,,,,,,0,,,EN,2025-12-19T00:00:00.000Z
MALARIA_EST_DEATHS,Estimated number of malaria deaths,text,AFR,Africa,Country,CPV,Cabo Verde,Year,2014,false,,,,,,,,,,,,,1,,,,,,1,,,EN,2025-12-19T00:00:00.000Z
MALARIA_EST_DEATHS,Estimated number of malaria deaths,text,AMR,Americas,Country,SUR,Suriname,Year,2014,false,,,,,,,,,,,,,1,,,,,,1,,,EN,2025-12-19T00:00:00.000Z
MALARIA_EST_DEATHS,Estimated number of malaria deaths,text,SEAR,South-East Asia,Country,TLS,Timor-Leste,Year,2014,false,,,,,,,,,,,,,1,,,,,,1,,,EN,2025-12-19T00:00:00.000Z
MALARIA_EST_DEATHS,Estimated number of malaria deaths,text,AFR,Africa,Country,MYT,Mayotte,Year,2014,false,,,,,,,,,,,,,1,,,1,,1,1 [1-1],,,EN,2025-12-19T00:00:00.000Z
MALARIA_EST_DEATHS,Estimated number of malaria deaths,text,AFR,Africa,Country,KEN,Kenya,Year,2014,false,,,,,,,,,,,,,10393,,,10200,,10600,10 393 [10 200-10 600],,,EN,2025-12-19T00:00:00.000Z
MALARIA_EST_DEATHS,Estimated number of malaria deaths,text,AFR,Africa,Country,SLE,Sierra Leone,Year,2014,false,,,,,,,,,,,,,10635,,,9750,,11600,10 635 [9750-11 600],,,EN,2025-12-19T00:00:00.000Z
MALARIA_EST_DEATHS,Estimated number of malaria deaths,text,AFR,Africa,Country,AGO,Angola,Year,2014,false,,,,,,,,,,,,,11615,,,8890,,15500,11 615 [8890-15 500],,,EN,2025-12-19T00:00:00.000Z
MALARIA_EST_DEATHS,Estimated number of malaria deaths,text,AMR,Americas,Country,VEN,Venezuela (Bolivarian Republic of),Year,2014,false,,,,,,,,,,,,,110,,,57,,170,110 [57-170],,,EN,2025-12-19T00:00:00.000Z
MALARIA_EST_DEATHS,Estimated number of malaria deaths,text,AFR,Africa,Country,CMR,Cameroon,Year,2014,false,,,,,,,,,,,,,12229,,,11400,,13100,12 229 [11 400-13 100],,,EN,2025-12-19T00:00:00.000Z
MALARIA_EST_DEATHS,Estimated number of malaria deaths,text,AFR,Africa,Country,TCD,Chad,Year,2014,false,,,,,,,,,,,,,12692,,,11300,,14200,12 692 [11 300-14 200],,,EN,2025-12-19T00:00:00.000Z
MALARIA_EST_DEATHS,Estimated number of malaria deaths,text,AFR,Africa,Country,GIN,Guinea,Year,2014,false,,,,,,,,,,,,,12703,,,11700,,13900,12 703 [11 700-13 900],,,EN,2025-12-19T00:00:00.000Z
MALARIA_EST_DEATHS,Estimated number of malaria deaths,text,WPR,Western Pacific,Country,LAO,Lao People's Democratic Republic,Year,2014,false,,,,,,,,,,,,,134,,,60,,230,134 [60-230],,,EN,2025-12-19T00:00:00.000Z
MALARIA_EST_DEATHS,Estimated number of malaria deaths,text,AFR,Africa,Country,SEN,Senegal,Year,2014,false,,,,,,,,,,,,,1363,,,570,,2400,1363 [570-2400],,,EN,2025-12-19T00:00:00.000Z
MALARIA_EST_DEATHS,Estimated number of malaria deaths,text,SEAR,South-East Asia,Country,IND,India,Year,2014,false,,,,,,,,,,,,,14032,,,6710,,22800,14 032 [6710-22 800],,,EN,2025-12-19T00:00:00.000Z
MALARIA_EST_DEATHS,Estimated number of malaria deaths,text,AFR,Africa,Country,GHA,Ghana,Year,2014,false,,,,,,,,,,,,,14384,,,13800,,15000,14 384 [13 800-15 000],,,EN,2025-12-19T00:00:00.000Z
MALARIA_EST_DEATHS,Estimated number of malaria deaths,text,EMR,Eastern Mediterranean,Country,YEM,Yemen,Year,2014,false,,,,,,,,,,,,,1510,,,640,,2810,1510 [640-2810],,,EN,2025-12-19T00:00:00.000Z
MALARIA_EST_DEATHS,Estimated number of malaria deaths,text,EMR,Eastern Mediterranean,Country,AFG,Afghanistan,Year,2014,false,,,,,,,,,,,,,152,,,66,,270,152 [66-270],,,EN,2025-12-19T00:00:00.000Z
MALARIA_EST_DEATHS,Estimated number of malaria deaths,text,EMR,Eastern Mediterranean,Country,SOM,Somalia,Year,2014,false,,,,,,,,,,,,,1591,,,660,,2840,1591 [660-2840],,,EN,2025-12-19T00:00:00.000Z
MALARIA_EST_DEATHS,Estimated number of malaria deaths,text,SEAR,South-East Asia,Country,BGD,Bangladesh,Year,2014,false,,,,,,,,,,,,,160,,,74,,250,160 [74-250],,,EN,2025-12-19T00:00:00.000Z
MALARIA_EST_DEATHS,Estimated number of malaria deaths,text,AFR,Africa,Country,NGA,Nigeria,Year,2014,false,,,,,,,,,,,,,165886,,,148000,,188000,165 886 [148 000-188 000],,,EN,2025-12-19T00:00:00.000Z
MALARIA_EST_DEATHS,Estimated number of malaria deaths,text,AMR,Americas,Country,COL,Colombia,Year,2014,false,,,,,,,,,,,,,17,,,,,,17,,,EN,2025-12-19T00:00:00.000Z
MALARIA_EST_DEATHS,Estimated number of malaria deaths,text,AFR,Africa,Country,UGA,Uganda,Year,2014,false,,,,,,,,,,,,,17748,,,16600,,19100,17 748 [16 600-19 100],,,EN,2025-12-19T00:00:00.000Z
MALARIA_EST_DEATHS,Estimated number of malaria deaths,text,AFR,Africa,Country,ZAF,South Africa,Year,2014,false,,,,,,,,,,,,,174,,,,,,174,,,EN,2025-12-19T00:00:00.000Z
MALARIA_EST_DEATHS,Estimated number of malaria deaths,text,WPR,Western Pacific,Country,IDN,Indonesia,Year,2014,false,,,,,,,,,,,,,1895,,,960,,2910,1895 [960-2910],,,EN,2025-12-19T00:00:00.000Z
MALARIA_EST_DEATHS,Estimated number of malaria deaths,text,AMR,Americas,Country,GTM,Guatemala,Year,2014,false,,,,,,,,,,,,,2,,,0,,3,2 [0-3],,,EN,2025-12-19T00:00:00.000Z
MALARIA_EST_DEATHS,Estimated number of malaria deaths,text,AFR,Africa,Country,COG,Congo,Year,2014,false,,,,,,,,,,,,,2030,,,1840,,2270,2030 [1840-2270],,,EN,2025-12-19T00:00:00.000Z
MALARIA_EST_DEATHS,Estimated number of malaria deaths,text,AFR,Africa,Country,MLI,Mali,Year,2014,false,,,,,,,,,,,,,21886,,,20000,,24000,21 886 [20 000-24 000],,,EN,2025-12-19T00:00:00.000Z
MALARIA_EST_DEATHS,Estimated number of malaria deaths,text,AFR,Africa,Country,BWA,Botswana,Year,2014,false,,,,,,,,,,,,,22,,,,,,22,,,EN,2025-12-19T00:00:00.000Z
MALARIA_EST_DEATHS,Estimated number of malaria deaths,text,AFR,Africa,Country,ETH,Ethiopia,Year,2014,false,,,,,,,,,,,,,22273,,,4860,,54600,22 273 [4860-54 600],,,EN,2025-12-19T00:00:00.000Z
MALARIA_EST_DEATHS,Estimated number of malaria deaths,text,AFR,Africa,Country,TZA,United Republic of Tanzania,Year,2014,false,,,,,,,,,,,,,22996,,,22200,,23900,22 996 [22 200-23 900],,,EN,2025-12-19T00:00:00.000Z
MALARIA_EST_DEATHS,Estimated number of malaria deaths,text,AFR,Africa,Country,ERI,Eritrea,Year,2014,false,,,,,,,,,,,,,227,,,91,,420,227 [91-420],,,EN,2025-12-19T00:00:00.000Z
MALARIA_EST_DEATHS,Estimated number of malaria deaths,text,AFR,Africa,Country,MOZ,Mozambique,Year,2014,false,,,,,,,,,,,,,23197,,,19800,,27800,23 197 [19 800-27 800],,,EN,2025-12-19T00:00:00.000Z
MALARIA_EST_DEATHS,Estimated number of malaria deaths,text,AFR,Africa,Country,BFA,Burkina Faso,Year,2014,false,,,,,,,,,,,,,24153,,,20700,,28100,24 153 [20 700-28 100],,,EN,2025-12-19T00:00:00.000Z
MALARIA_EST_DEATHS,Estimated number of malaria deaths,text,AMR,Americas,Country,GUY,Guyana,Year,2014,false,,,,,,,,,,,,,27,,,13,,49,27 [13-49],,,EN,2025-12-19T00:00:00.000Z
MALARIA_EST_DEATHS,Estimated number of malaria deaths,text,AFR,Africa,Country,ZWE,Zimbabwe,Year,2014,false,,,,,,,,,,,,,2798,,,1180,,4890,2798 [1180-4890],,,EN,2025-12-19T00:00:00.000Z
MALARIA_EST_DEATHS,Estimated number of malaria deaths,text,EMR,Eastern Mediterranean,Country,DJI,Djibouti,Year,2014,false,,,,,,,,,,,,,28,,,,,,28,,,EN,2025-12-19T00:00:00.000Z
MALARIA_EST_DEATHS,Estimated number of malaria deaths,text,WPR,Western Pacific,Country,VNM,Viet Nam,Year,2014,false,,,,,,,,,,,,,29,,,14,,44,29 [14-44],,,EN,2025-12-19T00:00:00.000Z
MALARIA_EST_DEATHS,Estimated number of malaria deaths,text,AFR,Africa,Country,RWA,Rwanda,Year,2014,false,,,,,,,,,,,,,2959,,,2860,,3070,2959 [2860-3070],,,EN,2025-12-19T00:00:00.000Z
MALARIA_EST_DEATHS,Estimated number of malaria deaths,text,SEAR,South-East Asia,Country,NPL,Nepal,Year,2014,false,,,,,,,,,,,,,3,,,0,,7,3 [0-7],,,EN,2025-12-19T00:00:00.000Z
MALARIA_EST_DEATHS,Estimated number of malaria deaths,text,AMR,Americas,Country,HND,Honduras,Year,2014,false,,,,,,,,,,,,,3,,,1,,5,3 [1-5],,,EN,2025-12-19T00:00:00.000Z
MALARIA_EST_DEATHS,Estimated number of malaria deaths,text,WPR,Western Pacific,Country,PHL,Philippines,Year,2014,false,,,,,,,,,,,,,30,,,13,,54,30 [13-54],,,EN,2025-12-19T00:00:00.000Z
MALARIA_EST_DEATHS,Estimated number of malaria deaths,text,AFR,Africa,Country,NER,Niger,Year,2014,false,,,,,,,,,,,,,30698,,,27900,,33900,30 698 [27 900-33 900],,,EN,2025-12-19T00:00:00.000Z
MALARIA_EST_DEATHS,Estimated number of malaria deaths,text,AFR,Africa,Country,MDG,Madagascar,Year,2014,false,,,,,,,,,,,,,3048,,,1270,,5450,3048 [1270-5450],,,EN,2025-12-19T00:00:00.000Z
MALARIA_EST_DEATHS,Estimated number of malaria deaths,text,WPR,Western Pacific,Country,PNG,Papua New Guinea,Year,2014,false,,,,,,,,,,,,,3142,,,1230,,6050,3142 [1230-6050],,,EN,2025-12-19T00:00:00.000Z
MALARIA_EST_DEATHS,Estimated number of malaria deaths,text,AFR,Africa,Country,LBR,Liberia,Year,2014,false,,,,,,,,,,,,,3295,,,3030,,3600,3295 [3030-3600],,,EN,2025-12-19T00:00:00.000Z
MALARIA_EST_DEATHS,Estimated number of malaria deaths,text,AMR,Americas,Country,BRA,Brazil,Year,2014,false,,,,,,,,,,,,,36,,,,,,36,,,EN,2025-12-19T00:00:00.000Z
MALARIA_EST_DEATHS,Estimated number of malaria deaths,text,EMR,Eastern Mediterranean,Country,SDN,Sudan,Year,2014,false,,,,,,,,,,,,,3687,,,1570,,6470,3687 [1570-6470],,,EN,2025-12-19T00:00:00.000Z
MALARIA_EST_DEATHS,Estimated number of malaria deaths,text,SEAR,South-East Asia,Country,THA,Thailand,Year,2014,false,,,,,,,,,,,,,38,,,,,,38,,,EN,2025-12-19T00:00:00.000Z
MALARIA_EST_DEATHS,Estimated number of malaria deaths,text,AFR,Africa,Country,GAB,Gabon,Year,2014,false,,,,,,,,,,,,,392,,,360,,440,392 [360-440],,,EN,2025-12-19T00:00:00.000Z
MALARIA_EST_DEATHS,Estimated number of malaria deaths,text,WPR,Western Pacific,Country,KHM,Cambodia,Year,2014,false,,,,,,,,,,,,,399,,,200,,620,399 [200-620],,,EN,2025-12-19T00:00:00.000Z
MALARIA_EST_DEATHS,Estimated number of malaria deaths,text,AMR,Americas,Country,DOM,Dominican Republic,Year,2014,false,,,,,,,,,,,,,4,,,,,,4,,,EN,2025-12-19T00:00:00.000Z
MALARIA_EST_DEATHS,Estimated number of malaria deaths,text,AFR,Africa,Country,SWZ,Eswatini,Year,2014,false,,,,,,,,,,,,,4,,,,,,4,,,EN,2025-12-19T00:00:00.000Z
MALARIA_EST_DEATHS,Estimated number of malaria deaths,text,WPR,Western Pacific,Country,MYS,Malaysia,Year,2014,false,,,,,,,,,,,,,4,,,,,,4,,,EN,2025-12-19T00:00:00.000Z
MALARIA_EST_DEATHS,Estimated number of malaria deaths,text,AMR,Americas,Country,BOL,Bolivia (Plurinational State of),Year,2014,false,,,,,,,,,,,,,4,,,1,,8,4 [1-8],,,EN,2025-12-19T00:00:00.000Z
MALARIA_EST_DEATHS,Estimated number of malaria deaths,text,AFR,Africa,Country,COM,Comoros,Year,2014,false,,,,,,,,,,,,,5,,,2,,8,5 [2-8],,,EN,2025-12-19T00:00:00.000Z
MALARIA_EST_DEATHS,Estimated number of malaria deaths,text,AFR,Africa,Country,TGO,Togo,Year,2014,false,,,,,,,,,,,,,5123,,,4680,,5620,5123 [4680-5620],,,EN,2025-12-19T00:00:00.000Z
MALARIA_EST_DEATHS,Estimated number of malaria deaths,text,AFR,Africa,Country,BDI,Burundi,Year,2014,false,,,,,,,,,,,,,5249,,,4730,,5900,5249 [4730-5900],,,EN,2025-12-19T00:00:00.000Z
MALARIA_EST_DEATHS,Estimated number of malaria deaths,text,WPR,Western Pacific,Country,SLB,Solomon Islands,Year,2014,false,,,,,,,,,,,,,56,,,26,,93,56 [26-93],,,EN,2025-12-19T00:00:00.000Z
MALARIA_EST_DEATHS,Estimated number of malaria deaths,text,AFR,Africa,Country,CAF,Central African Republic,Year,2014,false,,,,,,,,,,,,,5838,,,5140,,6650,5838 [5140-6650],,,EN,2025-12-19T00:00:00.000Z
MALARIA_EST_DEATHS,Estimated number of malaria deaths,text,AMR,Americas,Country,PER,Peru,Year,2014,false,,,,,,,,,,,,,60,,,30,,94,60 [30-94],,,EN,2025-12-19T00:00:00.000Z
MALARIA_EST_DEATHS,Estimated number of malaria deaths,text,AFR,Africa,Country,COD,Democratic Republic of the Congo,Year,2014,false,,,,,,,,,,,,,60156,,,47600,,75700,60 156 [47 600-75 700],,,EN,2025-12-19T00:00:00.000Z
MALARIA_EST_DEATHS,Estimated number of malaria deaths,text,AFR,Africa,Country,NAM,Namibia,Year,2014,false,,,,,,,,,,,,,61,,,,,,61,,,EN,2025-12-19T00:00:00.000Z
MALARIA_EST_DEATHS,Estimated number of malaria deaths,text,AFR,Africa,Country,GMB,Gambia,Year,2014,false,,,,,,,,,,,,,619,,,590,,650,619 [590-650],,,EN,2025-12-19T00:00:00.000Z
MALARIA_EST_DEATHS,Estimated number of malaria deaths,text,AFR,Africa,Country,SSD,South Sudan,Year,2014,false,,,,,,,,,,,,,6984,,,4930,,9780,6984 [4930-9780],,,EN,2025-12-19T00:00:00.000Z
MALARIA_EST_DEATHS,Estimated number of malaria deaths,text,AFR,Africa,Country,MRT,Mauritania,Year,2014,false,,,,,,,,,,,,,724,,,700,,750,724 [700-750],,,EN,2025-12-19T00:00:00.000Z
MALARIA_EST_DEATHS,Estimated number of malaria deaths,text,EMR,Eastern Mediterranean,Country,PAK,Pakistan,Year,2014,false,,,,,,,,,,,,,725,,,300,,1510,725 [300-1510],,,EN,2025-12-19T00:00:00.000Z
MALARIA_EST_DEATHS,Estimated number of malaria deaths,text,SEAR,South-East Asia,Country,MMR,Myanmar,Year,2014,false,,,,,,,,,,,,,729,,,330,,1300,729 [330-1300],,,EN,2025-12-19T00:00:00.000Z
MALARIA_EST_DEATHS,Estimated number of malaria deaths,text,AFR,Africa,Country,MWI,Malawi,Year,2014,false,,,,,,,,,,,,,7737,,,7300,,8220,7737 [7300-8220],,,EN,2025-12-19T00:00:00.000Z
MALARIA_EST_DEATHS,Estimated number of malaria deaths,text,AFR,Africa,Country,GNQ,Equatorial Guinea,Year,2014,false,,,,,,,,,,,,,778,,,660,,930,778 [660-930],,,EN,2025-12-19T00:00:00.000Z
MALARIA_EST_DEATHS,Estimated number of malaria deaths,text,AFR,Africa,Country,ZMB,Zambia,Year,2014,false,,,,,,,,,,,,,8037,,,7660,,8460,8037 [7660-8460],,,EN,2025-12-19T00:00:00.000Z
MALARIA_EST_DEATHS,Estimated number of malaria deaths,text,AMR,Americas,Country,HTI,Haiti,Year,2014,false,,,,,,,,,,,,,84,,,33,,160,84 [33-160],,,EN,2025-12-19T00:00:00.000Z
MALARIA_EST_DEATHS,Estimated number of malaria deaths,text,AFR,Africa,Country,GNB,Guinea-Bissau,Year,2014,false,,,,,,,,,,,,,851,,,750,,970,851 [750-970],,,EN,2025-12-19T00:00:00.000Z
MALARIA_EST_DEATHS,Estimated number of malaria deaths,text,AFR,Africa,Country,BEN,Benin,Year,2014,false,,,,,,,,,,,,,8848,,,8150,,9620,8848 [8150-9620],,,EN,2025-12-19T00:00:00.000Z
MALARIA_EST_DEATHS,Estimated number of malaria deaths,text,AFR,Africa,Country,CIV,Cote d'Ivoire,Year,2014,false,,,,,,,,,,,,,9562,,,8890,,10300,9562 [8890-10 300],,,EN,2025-12-19T00:00:00.000Z
MALARIA_EST_DEATHS,Estimated number of malaria deaths,text,AFR,Africa,Country,DZA,Algeria,Year,2013,false,,,,,,,,,,,,,0,,,,,,0,,,EN,2025-12-19T00:00:00.000Z
MALARIA_EST_DEATHS,Estimated number of malaria deaths,text,AMR,Americas,Country,ARG,Argentina,Year,2013,false,,,,,,,,,,,,,0,,,,,,0,,,EN,2025-12-19T00:00:00.000Z
MALARIA_EST_DEATHS,Estimated number of malaria deaths,text,EUR,Europe,Country,ARM,Armenia,Year,2013,false,,,,,,,,,,,,,0,,,,,,0,,,EN,2025-12-19T00:00:00.000Z
MALARIA_EST_DEATHS,Estimated number of malaria deaths,text,EUR,Europe,Country,AZE,Azerbaijan,Year,2013,false,,,,,,,,,,,,,0,,,,,,0,,,EN,2025-12-19T00:00:00.000Z
MALARIA_EST_DEATHS,Estimated number of malaria deaths,text,AMR,Americas,Country,BLZ,Belize,Year,2013,false,,,,,,,,,,,,,0,,,,,,0,,,EN,2025-12-19T00:00:00.000Z
MALARIA_EST_DEATHS,Estimated number of malaria deaths,text,SEAR,South-East Asia,Country,BTN,Bhutan,Year,2013,false,,,,,,,,,,,,,0,,,,,,0,,,EN,2025-12-19T00:00:00.000Z
MALARIA_EST_DEATHS,Estimated number of malaria deaths,text,AFR,Africa,Country,CPV,Cabo Verde,Year,2013,false,,,,,,,,,,,,,0,,,,,,0,,,EN,2025-12-19T00:00:00.000Z
MALARIA_EST_DEATHS,Estimated number of malaria deaths,text,WPR,Western Pacific,Country,CHN,China,Year,2013,false,,,,,,,,,,,,,0,,,,,,0,,,EN,2025-12-19T00:00:00.000Z
MALARIA_EST_DEATHS,Estimated number of malaria deaths,text,AMR,Americas,Country,CRI,Costa Rica,Year,2013,false,,,,,,,,,,,,,0,,,,,,0,,,EN,2025-12-19T00:00:00.000Z
MALARIA_EST_DEATHS,Estimated number of malaria deaths,text,SEAR,South-East Asia,Country,PRK,Democratic People's Republic of Korea,Year,2013,false,,,,,,,,,,,,,0,,,,,,0,,,EN,2025-12-19T00:00:00.000Z
MALARIA_EST_DEATHS,Estimated number of malaria deaths,text,AMR,Americas,Country,ECU,Ecuador,Year,2013,false,,,,,,,,,,,,,0,,,,,,0,,,EN,2025-12-19T00:00:00.000Z
MALARIA_EST_DEATHS,Estimated number of malaria deaths,text,EMR,Eastern Mediterranean,Country,EGY,Egypt,Year,2013,false,,,,,,,,,,,,,0,,,,,,0,,,EN,2025-12-19T00:00:00.000Z
MALARIA_EST_DEATHS,Estimated number of malaria deaths,text,AMR,Americas,Country,SLV,El Salvador,Year,2013,false,,,,,,,,,,,,,0,,,,,,0,,,EN,2025-12-19T00:00:00.000Z
MALARIA_EST_DEATHS,Estimated number of malaria deaths,text,EUR,Europe,Country,GEO,Georgia,Year,2013,false,,,,,,,,,,,,,0,,,,,,0,,,EN,2025-12-19T00:00:00.000Z
MALARIA_EST_DEATHS,Estimated number of malaria deaths,text,EMR,Eastern Mediterranean,Country,IRN,Iran (Islamic Republic of),Year,2013,false,,,,,,,,,,,,,0,,,,,,0,,,EN,2025-12-19T00:00:00.000Z
MALARIA_EST_DEATHS,Estimated number of malaria deaths,text,EMR,Eastern Mediterranean,Country,IRQ,Iraq,Year,2013,false,,,,,,,,,,,,,0,,,,,,0,,,EN,2025-12-19T00:00:00.000Z
MALARIA_EST_DEATHS,Estimated number of malaria deaths,text,EUR,Europe,Country,KAZ,Kazakhstan,Year,2013,false,,,,,,,,,,,,,0,,,,,,0,,,EN,2025-12-19T00:00:00.000Z
MALARIA_EST_DEATHS,Estimated number of malaria deaths,text,EUR,Europe,Country,KGZ,Kyrgyzstan,Year,2013,false,,,,,,,,,,,,,0,,,,,,0,,,EN,2025-12-19T00:00:00.000Z
MALARIA_EST_DEATHS,Estimated number of malaria deaths,text,AMR,Americas,Country,MEX,Mexico,Year,2013,false,,,,,,,,,,,,,0,,,,,,0,,,EN,2025-12-19T00:00:00.000Z
MALARIA_EST_DEATHS,Estimated number of malaria deaths,text,EMR,Eastern Mediterranean,Country,MAR,Morocco,Year,2013,false,,,,,,,,,,,,,0,,,,,,0,,,EN,2025-12-19T00:00:00.000Z
MALARIA_EST_DEATHS,Estimated number of malaria deaths,text,AMR,Americas,Country,NIC,Nicaragua,Year,2013,false,,,,,,,,,,,,,0,,,,,,0,,,EN,2025-12-19T00:00:00.000Z
MALARIA_EST_DEATHS,Estimated number of malaria deaths,text,EMR,Eastern Mediterranean,Country,OMN,Oman,Year,2013,false,,,,,,,,,,,,,0,,,,,,0,,,EN,2025-12-19T00:00:00.000Z
MALARIA_EST_DEATHS,Estimated number of malaria deaths,text,AMR,Americas,Country,PAN,Panama,Year,2013,false,,,,,,,,,,,,,0,,,,,,0,,,EN,2025-12-19T00:00:00.000Z
MALARIA_EST_DEATHS,Estimated number of malaria deaths,text,AMR,Americas,Country,PRY,Paraguay,Year,2013,false,,,,,,,,,,,,,0,,,,,,0,,,EN,2025-12-19T00:00:00.000Z
MALARIA_EST_DEATHS,Estimated number of malaria deaths,text,WPR,Western Pacific,Country,KOR,Republic of Korea,Year,2013,false,,,,,,,,,,,,,0,,,,,,0,,,EN,2025-12-19T00:00:00.000Z
MALARIA_EST_DEATHS,Estimated number of malaria deaths,text,EMR,Eastern Mediterranean,Country,SAU,Saudi Arabia,Year,2013,false,,,,,,,,,,,,,0,,,,,,0,,,EN,2025-12-19T00:00:00.000Z
MALARIA_EST_DEATHS,Estimated number of malaria deaths,text,SEAR,South-East Asia,Country,LKA,Sri Lanka,Year,2013,false,,,,,,,,,,,,,0,,,,,,0,,,EN,2025-12-19T00:00:00.000Z
MALARIA_EST_DEATHS,Estimated number of malaria deaths,text,EMR,Eastern Mediterranean,Country,SYR,Syrian Arab Republic,Year,2013,false,,,,,,,,,,,,,0,,,,,,0,,,EN,2025-12-19T00:00:00.000Z
MALARIA_EST_DEATHS,Estimated number of malaria deaths,text,EUR,Europe,Country,TUR,Türkiye,Year,2013,false,,,,,,,,,,,,,0,,,,,,0,,,EN,2025-12-19T00:00:00.000Z
MALARIA_EST_DEATHS,Estimated number of malaria deaths,text,EUR,Europe,Country,TJK,Tajikistan,Year,2013,false,,,,,,,,,,,,,0,,,,,,0,,,EN,2025-12-19T00:00:00.000Z
MALARIA_EST_DEATHS,Estimated number of malaria deaths,text,EUR,Europe,Country,TKM,Turkmenistan,Year,2013,false,,,,,,,,,,,,,0,,,,,,0,,,EN,2025-12-19T00:00:00.000Z
MALARIA_EST_DEATHS,Estimated number of malaria deaths,text,EMR,Eastern Mediterranean,Country,ARE,United Arab Emirates,Year,2013,false,,,,,,,,,,,,,0,,,,,,0,,,EN,2025-12-19T00:00:00.000Z
MALARIA_EST_DEATHS,Estimated number of malaria deaths,text,EUR,Europe,Country,UZB,Uzbekistan,Year,2013,false,,,,,,,,,,,,,0,,,,,,0,,,EN,2025-12-19T00:00:00.000Z
MALARIA_EST_DEATHS,Estimated number of malaria deaths,text,WPR,Western Pacific,Country,VUT,Vanuatu,Year,2013,false,,,,,,,,,,,,,0,,,,,,0,,,EN,2025-12-19T00:00:00.000Z
MALARIA_EST_DEATHS,Estimated number of malaria deaths,text,AMR,Americas,Country,SUR,Suriname,Year,2013,false,,,,,,,,,,,,,1,,,,,,1,,,EN,2025-12-19T00:00:00.000Z
MALARIA_EST_DEATHS,Estimated number of malaria deaths,text,AFR,Africa,Country,MYT,Mayotte,Year,2013,false,,,,,,,,,,,,,1,,,1,,1,1 [1-1],,,EN,2025-12-19T00:00:00.000Z
MALARIA_EST_DEATHS,Estimated number of malaria deaths,text,AMR,Americas,Country,COL,Colombia,Year,2013,false,,,,,,,,,,,,,10,,,,,,10,,,EN,2025-12-19T00:00:00.000Z
MALARIA_EST_DEATHS,Estimated number of malaria deaths,text,WPR,Western Pacific,Country,MYS,Malaysia,Year,2013,false,,,,,,,,,,,,,10,,,,,,10,,,EN,2025-12-19T00:00:00.000Z
MALARIA_EST_DEATHS,Estimated number of malaria deaths,text,AFR,Africa,Country,KEN,Kenya,Year,2013,false,,,,,,,,,,,,,10297,,,10100,,10600,10 297 [10 100-10 600],,,EN,2025-12-19T00:00:00.000Z
MALARIA_EST_DEATHS,Estimated number of malaria deaths,text,AFR,Africa,Country,CIV,Cote d'Ivoire,Year,2013,false,,,,,,,,,,,,,10708,,,9960,,11500,10 708 [9960-11 500],,,EN,2025-12-19T00:00:00.000Z
MALARIA_EST_DEATHS,Estimated number of malaria deaths,text,AFR,Africa,Country,ZAF,South Africa,Year,2013,false,,,,,,,,,,,,,105,,,,,,105,,,EN,2025-12-19T00:00:00.000Z
MALARIA_EST_DEATHS,Estimated number of malaria deaths,text,AMR,Americas,Country,VEN,Venezuela (Bolivarian Republic of),Year,2013,false,,,,,,,,,,,,,105,,,54,,160,105 [54-160],,,EN,2025-12-19T00:00:00.000Z
MALARIA_EST_DEATHS,Estimated number of malaria deaths,text,AFR,Africa,Country,STP,Sao Tome and Principe,Year,2013,false,,,,,,,,,,,,,11,,,,,,11,,,EN,2025-12-19T00:00:00.000Z
MALARIA_EST_DEATHS,Estimated number of malaria deaths,text,AFR,Africa,Country,AGO,Angola,Year,2013,false,,,,,,,,,,,,,11219,,,8780,,14700,11 219 [8780-14 700],,,EN,2025-12-19T00:00:00.000Z
MALARIA_EST_DEATHS,Estimated number of malaria deaths,text,AFR,Africa,Country,SLE,Sierra Leone,Year,2013,false,,,,,,,,,,,,,11459,,,10600,,12400,11 459 [10 600-12 400],,,EN,2025-12-19T00:00:00.000Z
MALARIA_EST_DEATHS,Estimated number of malaria deaths,text,SEAR,South-East Asia,Country,IND,India,Year,2013,false,,,,,,,,,,,,,11546,,,5650,,18600,11 546 [5650-18 600],,,EN,2025-12-19T00:00:00.000Z
MALARIA_EST_DEATHS,Estimated number of malaria deaths,text,EMR,Eastern Mediterranean,Country,PAK,Pakistan,Year,2013,false,,,,,,,,,,,,,1165,,,470,,2580,1165 [470-2580],,,EN,2025-12-19T00:00:00.000Z
MALARIA_EST_DEATHS,Estimated number of malaria deaths,text,SEAR,South-East Asia,Country,MMR,Myanmar,Year,2013,false,,,,,,,,,,,,,1169,,,530,,2090,1169 [530-2090],,,EN,2025-12-19T00:00:00.000Z
MALARIA_EST_DEATHS,Estimated number of malaria deaths,text,AFR,Africa,Country,CMR,Cameroon,Year,2013,false,,,,,,,,,,,,,12222,,,11400,,13100,12 222 [11 400-13 100],,,EN,2025-12-19T00:00:00.000Z
MALARIA_EST_DEATHS,Estimated number of malaria deaths,text,AFR,Africa,Country,TCD,Chad,Year,2013,false,,,,,,,,,,,,,12385,,,11100,,13700,12 385 [11 100-13 700],,,EN,2025-12-19T00:00:00.000Z
MALARIA_EST_DEATHS,Estimated number of malaria deaths,text,WPR,Western Pacific,Country,LAO,Lao People's Democratic Republic,Year,2013,false,,,,,,,,,,,,,125,,,55,,220,125 [55-220],,,EN,2025-12-19T00:00:00.000Z
MALARIA_EST_DEATHS,Estimated number of malaria deaths,text,EMR,Eastern Mediterranean,Country,AFG,Afghanistan,Year,2013,false,,,,,,,,,,,,,129,,,46,,250,129 [46-250],,,EN,2025-12-19T00:00:00.000Z
MALARIA_EST_DEATHS,Estimated number of malaria deaths,text,AFR,Africa,Country,GIN,Guinea,Year,2013,false,,,,,,,,,,,,,13268,,,12200,,14400,13 268 [12 200-14 400],,,EN,2025-12-19T00:00:00.000Z
MALARIA_EST_DEATHS,Estimated number of malaria deaths,text,EMR,Eastern Mediterranean,Country,SOM,Somalia,Year,2013,false,,,,,,,,,,,,,1331,,,570,,2380,1331 [570-2380],,,EN,2025-12-19T00:00:00.000Z
MALARIA_EST_DEATHS,Estimated number of malaria deaths,text,AFR,Africa,Country,COM,Comoros,Year,2013,false,,,,,,,,,,,,,135,,,63,,210,135 [63-210],,,EN,2025-12-19T00:00:00.000Z
MALARIA_EST_DEATHS,Estimated number of malaria deaths,text,AFR,Africa,Country,GHA,Ghana,Year,2013,false,,,,,,,,,,,,,15618,,,15000,,16300,15 618 [15 000-16 300],,,EN,2025-12-19T00:00:00.000Z
MALARIA_EST_DEATHS,Estimated number of malaria deaths,text,AMR,Americas,Country,HTI,Haiti,Year,2013,false,,,,,,,,,,,,,160,,,62,,310,160 [62-310],,,EN,2025-12-19T00:00:00.000Z
MALARIA_EST_DEATHS,Estimated number of malaria deaths,text,AFR,Africa,Country,NGA,Nigeria,Year,2013,false,,,,,,,,,,,,,163867,,,148000,,183000,163 867 [148 000-183 000],,,EN,2025-12-19T00:00:00.000Z
MALARIA_EST_DEATHS,Estimated number of malaria deaths,text,EMR,Eastern Mediterranean,Country,DJI,Djibouti,Year,2013,false,,,,,,,,,,,,,17,,,,,,17,,,EN,2025-12-19T00:00:00.000Z
MALARIA_EST_DEATHS,Estimated number of malaria deaths,text,EMR,Eastern Mediterranean,Country,YEM,Yemen,Year,2013,false,,,,,,,,,,,,,1786,,,760,,3370,1786 [760-3370],,,EN,2025-12-19T00:00:00.000Z
MALARIA_EST_DEATHS,Estimated number of malaria deaths,text,AFR,Africa,Country,UGA,Uganda,Year,2013,false,,,,,,,,,,,,,18788,,,17700,,20000,18 788 [17 700-20 000],,,EN,2025-12-19T00:00:00.000Z
MALARIA_EST_DEATHS,Estimated number of malaria deaths,text,AMR,Americas,Country,GTM,Guatemala,Year,2013,false,,,,,,,,,,,,,2,,,0,,4,2 [0-4],,,EN,2025-12-19T00:00:00.000Z
MALARIA_EST_DEATHS,Estimated number of malaria deaths,text,AFR,Africa,Country,COG,Congo,Year,2013,false,,,,,,,,,,,,,2029,,,1850,,2230,2029 [1850-2230],,,EN,2025-12-19T00:00:00.000Z
MALARIA_EST_DEATHS,Estimated number of malaria deaths,text,AFR,Africa,Country,SEN,Senegal,Year,2013,false,,,,,,,,,,,,,2031,,,840,,3600,2031 [840-3600],,,EN,2025-12-19T00:00:00.000Z
MALARIA_EST_DEATHS,Estimated number of malaria deaths,text,AFR,Africa,Country,NAM,Namibia,Year,2013,false,,,,,,,,,,,,,21,,,,,,21,,,EN,2025-12-19T00:00:00.000Z
MALARIA_EST_DEATHS,Estimated number of malaria deaths,text,AFR,Africa,Country,TZA,United Republic of Tanzania,Year,2013,false,,,,,,,,,,,,,22043,,,21300,,22900,22 043 [21 300-22 900],,,EN,2025-12-19T00:00:00.000Z
MALARIA_EST_DEATHS,Estimated number of malaria deaths,text,AFR,Africa,Country,ZWE,Zimbabwe,Year,2013,false,,,,,,,,,,,,,2211,,,920,,3940,2211 [920-3940],,,EN,2025-12-19T00:00:00.000Z
MALARIA_EST_DEATHS,Estimated number of malaria deaths,text,AFR,Africa,Country,MLI,Mali,Year,2013,false,,,,,,,,,,,,,23614,,,21700,,25700,23 614 [21 700-25 700],,,EN,2025-12-19T00:00:00.000Z
MALARIA_EST_DEATHS,Estimated number of malaria deaths,text,AFR,Africa,Country,MOZ,Mozambique,Year,2013,false,,,,,,,,,,,,,23764,,,20700,,27700,23 764 [20 700-27 700],,,EN,2025-12-19T00:00:00.000Z
MALARIA_EST_DEATHS,Estimated number of malaria deaths,text,WPR,Western Pacific,Country,KHM,Cambodia,Year,2013,false,,,,,,,,,,,,,231,,,120,,360,231 [120-360],,,EN,2025-12-19T00:00:00.000Z
MALARIA_EST_DEATHS,Estimated number of malaria deaths,text,WPR,Western Pacific,Country,IDN,Indonesia,Year,2013,false,,,,,,,,,,,,,2446,,,1220,,3730,2446 [1220-3730],,,EN,2025-12-19T00:00:00.000Z
MALARIA_EST_DEATHS,Estimated number of malaria deaths,text,AFR,Africa,Country,ETH,Ethiopia,Year,2013,false,,,,,,,,,,,,,26097,,,9250,,51400,26 097 [9250-51 400],,,EN,2025-12-19T00:00:00.000Z
MALARIA_EST_DEATHS,Estimated number of malaria deaths,text,AFR,Africa,Country,BFA,Burkina Faso,Year,2013,false,,,,,,,,,,,,,26341,,,23000,,30100,26 341 [23 000-30 100],,,EN,2025-12-19T00:00:00.000Z
MALARIA_EST_DEATHS,Estimated number of malaria deaths,text,AFR,Africa,Country,LBR,Liberia,Year,2013,false,,,,,,,,,,,,,2951,,,2750,,3190,2951 [2750-3190],,,EN,2025-12-19T00:00:00.000Z
MALARIA_EST_DEATHS,Estimated number of malaria deaths,text,AFR,Africa,Country,RWA,Rwanda,Year,2013,false,,,,,,,,,,,,,2954,,,2860,,3060,2954 [2860-3060],,,EN,2025-12-19T00:00:00.000Z
MALARIA_EST_DEATHS,Estimated number of malaria deaths,text,AMR,Americas,Country,GUF,French Guiana,Year,2013,false,,,,,,,,,,,,,3,,,,,,3,,,EN,2025-12-19T00:00:00.000Z
MALARIA_EST_DEATHS,Estimated number of malaria deaths,text,SEAR,South-East Asia,Country,TLS,Timor-Leste,Year,2013,false,,,,,,,,,,,,,3,,,,,,3,,,EN,2025-12-19T00:00:00.000Z
MALARIA_EST_DEATHS,Estimated number of malaria deaths,text,AFR,Africa,Country,NER,Niger,Year,2013,false,,,,,,,,,,,,,31459,,,28700,,34600,31 459 [28 700-34 600],,,EN,2025-12-19T00:00:00.000Z
MALARIA_EST_DEATHS,Estimated number of malaria deaths,text,EMR,Eastern Mediterranean,Country,SDN,Sudan,Year,2013,false,,,,,,,,,,,,,3259,,,1400,,5650,3259 [1400-5650],,,EN,2025-12-19T00:00:00.000Z
MALARIA_EST_DEATHS,Estimated number of malaria deaths,text,WPR,Western Pacific,Country,VNM,Viet Nam,Year,2013,false,,,,,,,,,,,,,34,,,16,,52,34 [16-52],,,EN,2025-12-19T00:00:00.000Z
MALARIA_EST_DEATHS,Estimated number of malaria deaths,text,WPR,Western Pacific,Country,PNG,Papua New Guinea,Year,2013,false,,,,,,,,,,,,,3452,,,1260,,6760,3452 [1260-6760],,,EN,2025-12-19T00:00:00.000Z
MALARIA_EST_DEATHS,Estimated number of malaria deaths,text,WPR,Western Pacific,Country,PHL,Philippines,Year,2013,false,,,,,,,,,,,,,36,,,15,,63,36 [15-63],,,EN,2025-12-19T00:00:00.000Z
MALARIA_EST_DEATHS,Estimated number of malaria deaths,text,AFR,Africa,Country,MDG,Madagascar,Year,2013,false,,,,,,,,,,,,,3795,,,1550,,7460,3795 [1550-7460],,,EN,2025-12-19T00:00:00.000Z
MALARIA_EST_DEATHS,Estimated number of malaria deaths,text,AFR,Africa,Country,GAB,Gabon,Year,2013,false,,,,,,,,,,,,,398,,,360,,450,398 [360-450],,,EN,2025-12-19T00:00:00.000Z
MALARIA_EST_DEATHS,Estimated number of malaria deaths,text,AFR,Africa,Country,SWZ,Eswatini,Year,2013,false,,,,,,,,,,,,,4,,,,,,4,,,EN,2025-12-19T00:00:00.000Z
MALARIA_EST_DEATHS,Estimated number of malaria deaths,text,AMR,Americas,Country,BRA,Brazil,Year,2013,false,,,,,,,,,,,,,40,,,,,,40,,,EN,2025-12-19T00:00:00.000Z
MALARIA_EST_DEATHS,Estimated number of malaria deaths,text,AFR,Africa,Country,CAF,Central African Republic,Year,2013,false,,,,,,,,,,,,,4177,,,3710,,4720,4177 [3710-4720],,,EN,2025-12-19T00:00:00.000Z
MALARIA_EST_DEATHS,Estimated number of malaria deaths,text,AMR,Americas,Country,PER,Peru,Year,2013,false,,,,,,,,,,,,,45,,,23,,72,45 [23-72],,,EN,2025-12-19T00:00:00.000Z
MALARIA_EST_DEATHS,Estimated number of malaria deaths,text,SEAR,South-East Asia,Country,THA,Thailand,Year,2013,false,,,,,,,,,,,,,47,,,,,,47,,,EN,2025-12-19T00:00:00.000Z
MALARIA_EST_DEATHS,Estimated number of malaria deaths,text,AFR,Africa,Country,TGO,Togo,Year,2013,false,,,,,,,,,,,,,4930,,,4550,,5360,4930 [4550-5360],,,EN,2025-12-19T00:00:00.000Z
MALARIA_EST_DEATHS,Estimated number of malaria deaths,text,AMR,Americas,Country,DOM,Dominican Republic,Year,2013,false,,,,,,,,,,,,,5,,,,,,5,,,EN,2025-12-19T00:00:00.000Z
MALARIA_EST_DEATHS,Estimated number of malaria deaths,text,AMR,Americas,Country,HND,Honduras,Year,2013,false,,,,,,,,,,,,,5,,,2,,9,5 [2-9],,,EN,2025-12-19T00:00:00.000Z
MALARIA_EST_DEATHS,Estimated number of malaria deaths,text,AFR,Africa,Country,BDI,Burundi,Year,2013,false,,,,,,,,,,,,,5113,,,4660,,5660,5113 [4660-5660],,,EN,2025-12-19T00:00:00.000Z
MALARIA_EST_DEATHS,Estimated number of malaria deaths,text,AFR,Africa,Country,COD,Democratic Republic of the Congo,Year,2013,false,,,,,,,,,,,,,57471,,,46300,,70600,57 471 [46 300-70 600],,,EN,2025-12-19T00:00:00.000Z
MALARIA_EST_DEATHS,Estimated number of malaria deaths,text,SEAR,South-East Asia,Country,NPL,Nepal,Year,2013,false,,,,,,,,,,,,,6,,,2,,13,6 [2-13],,,EN,2025-12-19T00:00:00.000Z
MALARIA_EST_DEATHS,Estimated number of malaria deaths,text,AMR,Americas,Country,BOL,Bolivia (Plurinational State of),Year,2013,false,,,,,,,,,,,,,6,,,3,,11,6 [3-11],,,EN,2025-12-19T00:00:00.000Z
MALARIA_EST_DEATHS,Estimated number of malaria deaths,text,AFR,Africa,Country,GMB,Gambia,Year,2013,false,,,,,,,,,,,,,676,,,640,,720,676 [640-720],,,EN,2025-12-19T00:00:00.000Z
MALARIA_EST_DEATHS,Estimated number of malaria deaths,text,AFR,Africa,Country,MRT,Mauritania,Year,2013,false,,,,,,,,,,,,,682,,,660,,700,682 [660-700],,,EN,2025-12-19T00:00:00.000Z
MALARIA_EST_DEATHS,Estimated number of malaria deaths,text,AFR,Africa,Country,SSD,South Sudan,Year,2013,false,,,,,,,,,,,,,6830,,,5030,,9230,6830 [5030-9230],,,EN,2025-12-19T00:00:00.000Z
MALARIA_EST_DEATHS,Estimated number of malaria deaths,text,AFR,Africa,Country,BWA,Botswana,Year,2013,false,,,,,,,,,,,,,7,,,,,,7,,,EN,2025-12-19T00:00:00.000Z
MALARIA_EST_DEATHS,Estimated number of malaria deaths,text,AFR,Africa,Country,GNQ,Equatorial Guinea,Year,2013,false,,,,,,,,,,,,,720,,,620,,840,720 [620-840],,,EN,2025-12-19T00:00:00.000Z
MALARIA_EST_DEATHS,Estimated number of malaria deaths,text,AFR,Africa,Country,ZMB,Zambia,Year,2013,false,,,,,,,,,,,,,7459,,,7160,,7810,7459 [7160-7810],,,EN,2025-12-19T00:00:00.000Z
MALARIA_EST_DEATHS,Estimated number of malaria deaths,text,SEAR,South-East Asia,Country,BGD,Bangladesh,Year,2013,false,,,,,,,,,,,,,77,,,36,,120,77 [36-120],,,EN,2025-12-19T00:00:00.000Z
MALARIA_EST_DEATHS,Estimated number of malaria deaths,text,WPR,Western Pacific,Country,SLB,Solomon Islands,Year,2013,false,,,,,,,,,,,,,83,,,38,,140,83 [38-140],,,EN,2025-12-19T00:00:00.000Z
MALARIA_EST_DEATHS,Estimated number of malaria deaths,text,AFR,Africa,Country,MWI,Malawi,Year,2013,false,,,,,,,,,,,,,8372,,,7950,,8850,8372 [7950-8850],,,EN,2025-12-19T00:00:00.000Z
MALARIA_EST_DEATHS,Estimated number of malaria deaths,text,AFR,Africa,Country,BEN,Benin,Year,2013,false,,,,,,,,,,,,,8439,,,7800,,9130,8439 [7800-9130],,,EN,2025-12-19T00:00:00.000Z
MALARIA_EST_DEATHS,Estimated number of malaria deaths,text,AFR,Africa,Country,GNB,Guinea-Bissau,Year,2013,false,,,,,,,,,,,,,859,,,770,,970,859 [770-970],,,EN,2025-12-19T00:00:00.000Z
MALARIA_EST_DEATHS,Estimated number of malaria deaths,text,AFR,Africa,Country,ERI,Eritrea,Year,2013,false,,,,,,,,,,,,,88,,,35,,160,88 [35-160],,,EN,2025-12-19T00:00:00.000Z
MALARIA_EST_DEATHS,Estimated number of malaria deaths,text,AMR,Americas,Country,GUY,Guyana,Year,2013,false,,,,,,,,,,,,,90,,,42,,160,90 [42-160],,,EN,2025-12-19T00:00:00.000Z
MALARIA_EST_DEATHS,Estimated number of malaria deaths,text,AFR,Africa,Country,DZA,Algeria,Year,2012,false,,,,,,,,,,,,,0,,,,,,0,,,EN,2025-12-19T00:00:00.000Z
MALARIA_EST_DEATHS,Estimated number of malaria deaths,text,AMR,Americas,Country,ARG,Argentina,Year,2012,false,,,,,,,,,,,,,0,,,,,,0,,,EN,2025-12-19T00:00:00.000Z
MALARIA_EST_DEATHS,Estimated number of malaria deaths,text,EUR,Europe,Country,ARM,Armenia,Year,2012,false,,,,,,,,,,,,,0,,,,,,0,,,EN,2025-12-19T00:00:00.000Z
MALARIA_EST_DEATHS,Estimated number of malaria deaths,text,EUR,Europe,Country,AZE,Azerbaijan,Year,2012,false,,,,,,,,,,,,,0,,,,,,0,,,EN,2025-12-19T00:00:00.000Z
MALARIA_EST_DEATHS,Estimated number of malaria deaths,text,AMR,Americas,Country,BLZ,Belize,Year,2012,false,,,,,,,,,,,,,0,,,,,,0,,,EN,2025-12-19T00:00:00.000Z
MALARIA_EST_DEATHS,Estimated number of malaria deaths,text,AFR,Africa,Country,CPV,Cabo Verde,Year,2012,false,,,,,,,,,,,,,0,,,,,,0,,,EN,2025-12-19T00:00:00.000Z
MALARIA_EST_DEATHS,Estimated number of malaria deaths,text,WPR,Western Pacific,Country,CHN,China,Year,2012,false,,,,,,,,,,,,,0,,,,,,0,,,EN,2025-12-19T00:00:00.000Z
MALARIA_EST_DEATHS,Estimated number of malaria deaths,text,AMR,Americas,Country,CRI,Costa Rica,Year,2012,false,,,,,,,,,,,,,0,,,,,,0,,,EN,2025-12-19T00:00:00.000Z
MALARIA_EST_DEATHS,Estimated number of malaria deaths,text,SEAR,South-East Asia,Country,PRK,Democratic People's Republic of Korea,Year,2012,false,,,,,,,,,,,,,0,,,,,,0,,,EN,2025-12-19T00:00:00.000Z
MALARIA_EST_DEATHS,Estimated number of malaria deaths,text,AMR,Americas,Country,ECU,Ecuador,Year,2012,false,,,,,,,,,,,,,0,,,,,,0,,,EN,2025-12-19T00:00:00.000Z
MALARIA_EST_DEATHS,Estimated number of malaria deaths,text,EMR,Eastern Mediterranean,Country,EGY,Egypt,Year,2012,false,,,,,,,,,,,,,0,,,,,,0,,,EN,2025-12-19T00:00:00.000Z
MALARIA_EST_DEATHS,Estimated number of malaria deaths,text,AMR,Americas,Country,SLV,El Salvador,Year,2012,false,,,,,,,,,,,,,0,,,,,,0,,,EN,2025-12-19T00:00:00.000Z
MALARIA_EST_DEATHS,Estimated number of malaria deaths,text,EUR,Europe,Country,GEO,Georgia,Year,2012,false,,,,,,,,,,,,,0,,,,,,0,,,EN,2025-12-19T00:00:00.000Z
MALARIA_EST_DEATHS,Estimated number of malaria deaths,text,EMR,Eastern Mediterranean,Country,IRN,Iran (Islamic Republic of),Year,2012,false,,,,,,,,,,,,,0,,,,,,0,,,EN,2025-12-19T00:00:00.000Z
MALARIA_EST_DEATHS,Estimated number of malaria deaths,text,EMR,Eastern Mediterranean,Country,IRQ,Iraq,Year,2012,false,,,,,,,,,,,,,0,,,,,,0,,,EN,2025-12-19T00:00:00.000Z
MALARIA_EST_DEATHS,Estimated number of malaria deaths,text,EUR,Europe,Country,KAZ,Kazakhstan,Year,2012,false,,,,,,,,,,,,,0,,,,,,0,,,EN,2025-12-19T00:00:00.000Z
MALARIA_EST_DEATHS,Estimated number of malaria deaths,text,EUR,Europe,Country,KGZ,Kyrgyzstan,Year,2012,false,,,,,,,,,,,,,0,,,,,,0,,,EN,2025-12-19T00:00:00.000Z
MALARIA_EST_DEATHS,Estimated number of malaria deaths,text,AMR,Americas,Country,MEX,Mexico,Year,2012,false,,,,,,,,,,,,,0,,,,,,0,,,EN,2025-12-19T00:00:00.000Z
MALARIA_EST_DEATHS,Estimated number of malaria deaths,text,EMR,Eastern Mediterranean,Country,MAR,Morocco,Year,2012,false,,,,,,,,,,,,,0,,,,,,0,,,EN,2025-12-19T00:00:00.000Z
MALARIA_EST_DEATHS,Estimated number of malaria deaths,text,EMR,Eastern Mediterranean,Country,OMN,Oman,Year,2012,false,,,,,,,,,,,,,0,,,,,,0,,,EN,2025-12-19T00:00:00.000Z
MALARIA_EST_DEATHS,Estimated number of malaria deaths,text,AMR,Americas,Country,PRY,Paraguay,Year,2012,false,,,,,,,,,,,,,0,,,,,,0,,,EN,2025-12-19T00:00:00.000Z
MALARIA_EST_DEATHS,Estimated number of malaria deaths,text,WPR,Western Pacific,Country,KOR,Republic of Korea,Year,2012,false,,,,,,,,,,,,,0,,,,,,0,,,EN,2025-12-19T00:00:00.000Z
MALARIA_EST_DEATHS,Estimated number of malaria deaths,text,EMR,Eastern Mediterranean,Country,SAU,Saudi Arabia,Year,2012,false,,,,,,,,,,,,,0,,,,,,0,,,EN,2025-12-19T00:00:00.000Z
MALARIA_EST_DEATHS,Estimated number of malaria deaths,text,SEAR,South-East Asia,Country,LKA,Sri Lanka,Year,2012,false,,,,,,,,,,,,,0,,,,,,0,,,EN,2025-12-19T00:00:00.000Z
MALARIA_EST_DEATHS,Estimated number of malaria deaths,text,AMR,Americas,Country,SUR,Suriname,Year,2012,false,,,,,,,,,,,,,0,,,,,,0,,,EN,2025-12-19T00:00:00.000Z
MALARIA_EST_DEATHS,Estimated number of malaria deaths,text,EMR,Eastern Mediterranean,Country,SYR,Syrian Arab Republic,Year,2012,false,,,,,,,,,,,,,0,,,,,,0,,,EN,2025-12-19T00:00:00.000Z
MALARIA_EST_DEATHS,Estimated number of malaria deaths,text,EUR,Europe,Country,TUR,Türkiye,Year,2012,false,,,,,,,,,,,,,0,,,,,,0,,,EN,2025-12-19T00:00:00.000Z
MALARIA_EST_DEATHS,Estimated number of malaria deaths,text,EUR,Europe,Country,TJK,Tajikistan,Year,2012,false,,,,,,,,,,,,,0,,,,,,0,,,EN,2025-12-19T00:00:00.000Z
MALARIA_EST_DEATHS,Estimated number of malaria deaths,text,EUR,Europe,Country,TKM,Turkmenistan,Year,2012,false,,,,,,,,,,,,,0,,,,,,0,,,EN,2025-12-19T00:00:00.000Z
MALARIA_EST_DEATHS,Estimated number of malaria deaths,text,EMR,Eastern Mediterranean,Country,ARE,United Arab Emirates,Year,2012,false,,,,,,,,,,,,,0,,,,,,0,,,EN,2025-12-19T00:00:00.000Z
MALARIA_EST_DEATHS,Estimated number of malaria deaths,text,EUR,Europe,Country,UZB,Uzbekistan,Year,2012,false,,,,,,,,,,,,,0,,,,,,0,,,EN,2025-12-19T00:00:00.000Z
MALARIA_EST_DEATHS,Estimated number of malaria deaths,text,WPR,Western Pacific,Country,VUT,Vanuatu,Year,2012,false,,,,,,,,,,,,,0,,,,,,0,,,EN,2025-12-19T00:00:00.000Z
MALARIA_EST_DEATHS,Estimated number of malaria deaths,text,SEAR,South-East Asia,Country,BTN,Bhutan,Year,2012,false,,,,,,,,,,,,,1,,,,,,1,,,EN,2025-12-19T00:00:00.000Z
MALARIA_EST_DEATHS,Estimated number of malaria deaths,text,AMR,Americas,Country,PAN,Panama,Year,2012,false,,,,,,,,,,,,,1,,,,,,1,,,EN,2025-12-19T00:00:00.000Z
MALARIA_EST_DEATHS,Estimated number of malaria deaths,text,AFR,Africa,Country,KEN,Kenya,Year,2012,false,,,,,,,,,,,,,10203,,,9960,,10500,10 203 [9960-10 500],,,EN,2025-12-19T00:00:00.000Z
MALARIA_EST_DEATHS,Estimated number of malaria deaths,text,EMR,Eastern Mediterranean,Country,SOM,Somalia,Year,2012,false,,,,,,,,,,,,,1088,,,470,,1910,1088 [470-1910],,,EN,2025-12-19T00:00:00.000Z
MALARIA_EST_DEATHS,Estimated number of malaria deaths,text,WPR,Western Pacific,Country,MYS,Malaysia,Year,2012,false,,,,,,,,,,,,,11,,,,,,11,,,EN,2025-12-19T00:00:00.000Z
MALARIA_EST_DEATHS,Estimated number of malaria deaths,text,AFR,Africa,Country,AGO,Angola,Year,2012,false,,,,,,,,,,,,,11144,,,8880,,14300,11 144 [8880-14 300],,,EN,2025-12-19T00:00:00.000Z
MALARIA_EST_DEATHS,Estimated number of malaria deaths,text,AFR,Africa,Country,CMR,Cameroon,Year,2012,false,,,,,,,,,,,,,12071,,,11300,,12900,12 071 [11 300-12 900],,,EN,2025-12-19T00:00:00.000Z
MALARIA_EST_DEATHS,Estimated number of malaria deaths,text,AFR,Africa,Country,TCD,Chad,Year,2012,false,,,,,,,,,,,,,12498,,,11300,,13700,12 498 [11 300-13 700],,,EN,2025-12-19T00:00:00.000Z
MALARIA_EST_DEATHS,Estimated number of malaria deaths,text,AFR,Africa,Country,SLE,Sierra Leone,Year,2012,false,,,,,,,,,,,,,12766,,,11800,,13800,12 766 [11 800-13 800],,,EN,2025-12-19T00:00:00.000Z
MALARIA_EST_DEATHS,Estimated number of malaria deaths,text,AFR,Africa,Country,COM,Comoros,Year,2012,false,,,,,,,,,,,,,125,,,58,,190,125 [58-190],,,EN,2025-12-19T00:00:00.000Z
MALARIA_EST_DEATHS,Estimated number of malaria deaths,text,SEAR,South-East Asia,Country,NPL,Nepal,Year,2012,false,,,,,,,,,,,,,13,,,5,,31,13 [5-31],,,EN,2025-12-19T00:00:00.000Z
MALARIA_EST_DEATHS,Estimated number of malaria deaths,text,SEAR,South-East Asia,Country,IND,India,Year,2012,false,,,,,,,,,,,,,14099,,,6860,,23000,14 099 [6860-23 000],,,EN,2025-12-19T00:00:00.000Z
MALARIA_EST_DEATHS,Estimated number of malaria deaths,text,AFR,Africa,Country,GIN,Guinea,Year,2012,false,,,,,,,,,,,,,14478,,,13400,,15600,14 478 [13 400-15 600],,,EN,2025-12-19T00:00:00.000Z
MALARIA_EST_DEATHS,Estimated number of malaria deaths,text,AFR,Africa,Country,CIV,Cote d'Ivoire,Year,2012,false,,,,,,,,,,,,,15435,,,14300,,16600,15 435 [14 300-16 600],,,EN,2025-12-19T00:00:00.000Z
MALARIA_EST_DEATHS,Estimated number of malaria deaths,text,AFR,Africa,Country,ZWE,Zimbabwe,Year,2012,false,,,,,,,,,,,,,1516,,,620,,2760,1516 [620-2760],,,EN,2025-12-19T00:00:00.000Z
MALARIA_EST_DEATHS,Estimated number of malaria deaths,text,AFR,Africa,Country,GHA,Ghana,Year,2012,false,,,,,,,,,,,,,16573,,,15900,,17300,16 573 [15 900-17 300],,,EN,2025-12-19T00:00:00.000Z
MALARIA_EST_DEATHS,Estimated number of malaria deaths,text,AMR,Americas,Country,HTI,Haiti,Year,2012,false,,,,,,,,,,,,,167,,,64,,330,167 [64-330],,,EN,2025-12-19T00:00:00.000Z
MALARIA_EST_DEATHS,Estimated number of malaria deaths,text,EMR,Eastern Mediterranean,Country,PAK,Pakistan,Year,2012,false,,,,,,,,,,,,,1703,,,640,,3860,1703 [640-3860],,,EN,2025-12-19T00:00:00.000Z
MALARIA_EST_DEATHS,Estimated number of malaria deaths,text,AFR,Africa,Country,NGA,Nigeria,Year,2012,false,,,,,,,,,,,,,172012,,,156000,,190000,172 012 [156 000-190 000],,,EN,2025-12-19T00:00:00.000Z
MALARIA_EST_DEATHS,Estimated number of malaria deaths,text,WPR,Western Pacific,Country,LAO,Lao People's Democratic Republic,Year,2012,false,,,,,,,,,,,,,174,,,74,,310,174 [74-310],,,EN,2025-12-19T00:00:00.000Z
MALARIA_EST_DEATHS,Estimated number of malaria deaths,text,AFR,Africa,Country,SEN,Senegal,Year,2012,false,,,,,,,,,,,,,1807,,,750,,3260,1807 [750-3260],,,EN,2025-12-19T00:00:00.000Z
MALARIA_EST_DEATHS,Estimated number of malaria deaths,text,AFR,Africa,Country,ETH,Ethiopia,Year,2012,false,,,,,,,,,,,,,19915,,,7200,,44600,19 915 [7200-44 600],,,EN,2025-12-19T00:00:00.000Z
MALARIA_EST_DEATHS,Estimated number of malaria deaths,text,AFR,Africa,Country,COG,Congo,Year,2012,false,,,,,,,,,,,,,1914,,,1780,,2060,1914 [1780-2060],,,EN,2025-12-19T00:00:00.000Z
MALARIA_EST_DEATHS,Estimated number of malaria deaths,text,AMR,Americas,Country,GUF,French Guiana,Year,2012,false,,,,,,,,,,,,,2,,,,,,2,,,EN,2025-12-19T00:00:00.000Z
MALARIA_EST_DEATHS,Estimated number of malaria deaths,text,AMR,Americas,Country,NIC,Nicaragua,Year,2012,false,,,,,,,,,,,,,2,,,,,,2,,,EN,2025-12-19T00:00:00.000Z
MALARIA_EST_DEATHS,Estimated number of malaria deaths,text,AMR,Americas,Country,GTM,Guatemala,Year,2012,false,,,,,,,,,,,,,2,,,0,,3,2 [0-3],,,EN,2025-12-19T00:00:00.000Z
MALARIA_EST_DEATHS,Estimated number of malaria deaths,text,AFR,Africa,Country,TZA,United Republic of Tanzania,Year,2012,false,,,,,,,,,,,,,20796,,,20200,,21500,20 796 [20 200-21 500],,,EN,2025-12-19T00:00:00.000Z
MALARIA_EST_DEATHS,Estimated number of malaria deaths,text,EMR,Eastern Mediterranean,Country,YEM,Yemen,Year,2012,false,,,,,,,,,,,,,2197,,,910,,4230,2197 [910-4230],,,EN,2025-12-19T00:00:00.000Z
MALARIA_EST_DEATHS,Estimated number of malaria deaths,text,AFR,Africa,Country,UGA,Uganda,Year,2012,false,,,,,,,,,,,,,22473,,,21200,,23900,22 473 [21 200-23 900],,,EN,2025-12-19T00:00:00.000Z
MALARIA_EST_DEATHS,Estimated number of malaria deaths,text,AFR,Africa,Country,MOZ,Mozambique,Year,2012,false,,,,,,,,,,,,,23302,,,20800,,26300,23 302 [20 800-26 300],,,EN,2025-12-19T00:00:00.000Z
MALARIA_EST_DEATHS,Estimated number of malaria deaths,text,AFR,Africa,Country,MLI,Mali,Year,2012,false,,,,,,,,,,,,,23378,,,21600,,25300,23 378 [21 600-25 300],,,EN,2025-12-19T00:00:00.000Z
MALARIA_EST_DEATHS,Estimated number of malaria deaths,text,AMR,Americas,Country,COL,Colombia,Year,2012,false,,,,,,,,,,,,,24,,,,,,24,,,EN,2025-12-19T00:00:00.000Z
MALARIA_EST_DEATHS,Estimated number of malaria deaths,text,AMR,Americas,Country,PER,Peru,Year,2012,false,,,,,,,,,,,,,24,,,11,,38,24 [11-38],,,EN,2025-12-19T00:00:00.000Z
MALARIA_EST_DEATHS,Estimated number of malaria deaths,text,WPR,Western Pacific,Country,PNG,Papua New Guinea,Year,2012,false,,,,,,,,,,,,,2739,,,700,,6340,2739 [700-6340],,,EN,2025-12-19T00:00:00.000Z
MALARIA_EST_DEATHS,Estimated number of malaria deaths,text,WPR,Western Pacific,Country,IDN,Indonesia,Year,2012,false,,,,,,,,,,,,,2837,,,1430,,4330,2837 [1430-4330],,,EN,2025-12-19T00:00:00.000Z
MALARIA_EST_DEATHS,Estimated number of malaria deaths,text,AFR,Africa,Country,MYT,Mayotte,Year,2012,false,,,,,,,,,,,,,29,,,29,,29,29 [29-29],,,EN,2025-12-19T00:00:00.000Z
MALARIA_EST_DEATHS,Estimated number of malaria deaths,text,AFR,Africa,Country,NER,Niger,Year,2012,false,,,,,,,,,,,,,29168,,,26700,,31900,29 168 [26 700-31 900],,,EN,2025-12-19T00:00:00.000Z
MALARIA_EST_DEATHS,Estimated number of malaria deaths,text,AFR,Africa,Country,LBR,Liberia,Year,2012,false,,,,,,,,,,,,,2952,,,2760,,3180,2952 [2760-3180],,,EN,2025-12-19T00:00:00.000Z
MALARIA_EST_DEATHS,Estimated number of malaria deaths,text,AFR,Africa,Country,RWA,Rwanda,Year,2012,false,,,,,,,,,,,,,2955,,,2860,,3060,2955 [2860-3060],,,EN,2025-12-19T00:00:00.000Z
MALARIA_EST_DEATHS,Estimated number of malaria deaths,text,AFR,Africa,Country,BWA,Botswana,Year,2012,false,,,,,,,,,,,,,3,,,,,,3,,,EN,2025-12-19T00:00:00.000Z
MALARIA_EST_DEATHS,Estimated number of malaria deaths,text,AFR,Africa,Country,SWZ,Eswatini,Year,2012,false,,,,,,,,,,,,,3,,,,,,3,,,EN,2025-12-19T00:00:00.000Z
MALARIA_EST_DEATHS,Estimated number of malaria deaths,text,EMR,Eastern Mediterranean,Country,SDN,Sudan,Year,2012,false,,,,,,,,,,,,,3055,,,1330,,5160,3055 [1330-5160],,,EN,2025-12-19T00:00:00.000Z
MALARIA_EST_DEATHS,Estimated number of malaria deaths,text,AFR,Africa,Country,BFA,Burkina Faso,Year,2012,false,,,,,,,,,,,,,31360,,,27900,,35200,31 360 [27 900-35 200],,,EN,2025-12-19T00:00:00.000Z
MALARIA_EST_DEATHS,Estimated number of malaria deaths,text,SEAR,South-East Asia,Country,MMR,Myanmar,Year,2012,false,,,,,,,,,,,,,3412,,,1530,,6310,3412 [1530-6310],,,EN,2025-12-19T00:00:00.000Z
MALARIA_EST_DEATHS,Estimated number of malaria deaths,text,WPR,Western Pacific,Country,PHL,Philippines,Year,2012,false,,,,,,,,,,,,,35,,,15,,61,35 [15-61],,,EN,2025-12-19T00:00:00.000Z
MALARIA_EST_DEATHS,Estimated number of malaria deaths,text,SEAR,South-East Asia,Country,THA,Thailand,Year,2012,false,,,,,,,,,,,,,37,,,,,,37,,,EN,2025-12-19T00:00:00.000Z
MALARIA_EST_DEATHS,Estimated number of malaria deaths,text,WPR,Western Pacific,Country,KHM,Cambodia,Year,2012,false,,,,,,,,,,,,,383,,,190,,600,383 [190-600],,,EN,2025-12-19T00:00:00.000Z
MALARIA_EST_DEATHS,Estimated number of malaria deaths,text,AFR,Africa,Country,NAM,Namibia,Year,2012,false,,,,,,,,,,,,,4,,,,,,4,,,EN,2025-12-19T00:00:00.000Z
MALARIA_EST_DEATHS,Estimated number of malaria deaths,text,AMR,Americas,Country,BOL,Bolivia (Plurinational State of),Year,2012,false,,,,,,,,,,,,,4,,,1,,7,4 [1-7],,,EN,2025-12-19T00:00:00.000Z
MALARIA_EST_DEATHS,Estimated number of malaria deaths,text,AMR,Americas,Country,HND,Honduras,Year,2012,false,,,,,,,,,,,,,4,,,1,,7,4 [1-7],,,EN,2025-12-19T00:00:00.000Z
MALARIA_EST_DEATHS,Estimated number of malaria deaths,text,AFR,Africa,Country,GAB,Gabon,Year,2012,false,,,,,,,,,,,,,400,,,360,,440,400 [360-440],,,EN,2025-12-19T00:00:00.000Z
MALARIA_EST_DEATHS,Estimated number of malaria deaths,text,WPR,Western Pacific,Country,VNM,Viet Nam,Year,2012,false,,,,,,,,,,,,,41,,,20,,63,41 [20-63],,,EN,2025-12-19T00:00:00.000Z
MALARIA_EST_DEATHS,Estimated number of malaria deaths,text,AFR,Africa,Country,MDG,Madagascar,Year,2012,false,,,,,,,,,,,,,4105,,,1580,,8100,4105 [1580-8100],,,EN,2025-12-19T00:00:00.000Z
MALARIA_EST_DEATHS,Estimated number of malaria deaths,text,AFR,Africa,Country,TGO,Togo,Year,2012,false,,,,,,,,,,,,,4402,,,4090,,4750,4402 [4090-4750],,,EN,2025-12-19T00:00:00.000Z
MALARIA_EST_DEATHS,Estimated number of malaria deaths,text,EMR,Eastern Mediterranean,Country,DJI,Djibouti,Year,2012,false,,,,,,,,,,,,,5,,,2,,10,5 [2-10],,,EN,2025-12-19T00:00:00.000Z
MALARIA_EST_DEATHS,Estimated number of malaria deaths,text,AFR,Africa,Country,BDI,Burundi,Year,2012,false,,,,,,,,,,,,,5030,,,4640,,5490,5030 [4640-5490],,,EN,2025-12-19T00:00:00.000Z
MALARIA_EST_DEATHS,Estimated number of malaria deaths,text,AMR,Americas,Country,VEN,Venezuela (Bolivarian Republic of),Year,2012,false,,,,,,,,,,,,,56,,,28,,86,56 [28-86],,,EN,2025-12-19T00:00:00.000Z
MALARIA_EST_DEATHS,Estimated number of malaria deaths,text,AMR,Americas,Country,BRA,Brazil,Year,2012,false,,,,,,,,,,,,,60,,,,,,60,,,EN,2025-12-19T00:00:00.000Z
MALARIA_EST_DEATHS,Estimated number of malaria deaths,text,AFR,Africa,Country,CAF,Central African Republic,Year,2012,false,,,,,,,,,,,,,6239,,,5550,,7020,6239 [5550-7020],,,EN,2025-12-19T00:00:00.000Z
MALARIA_EST_DEATHS,Estimated number of malaria deaths,text,AFR,Africa,Country,COD,Democratic Republic of the Congo,Year,2012,false,,,,,,,,,,,,,64511,,,53000,,77700,64 511 [53 000-77 700],,,EN,2025-12-19T00:00:00.000Z
MALARIA_EST_DEATHS,Estimated number of malaria deaths,text,AFR,Africa,Country,GNQ,Equatorial Guinea,Year,2012,false,,,,,,,,,,,,,653,,,580,,740,653 [580-740],,,EN,2025-12-19T00:00:00.000Z
MALARIA_EST_DEATHS,Estimated number of malaria deaths,text,AFR,Africa,Country,SSD,South Sudan,Year,2012,false,,,,,,,,,,,,,6641,,,5010,,8710,6641 [5010-8710],,,EN,2025-12-19T00:00:00.000Z
MALARIA_EST_DEATHS,Estimated number of malaria deaths,text,AFR,Africa,Country,MRT,Mauritania,Year,2012,false,,,,,,,,,,,,,669,,,650,,690,669 [650-690],,,EN,2025-12-19T00:00:00.000Z
MALARIA_EST_DEATHS,Estimated number of malaria deaths,text,AFR,Africa,Country,GMB,Gambia,Year,2012,false,,,,,,,,,,,,,692,,,660,,730,692 [660-730],,,EN,2025-12-19T00:00:00.000Z
MALARIA_EST_DEATHS,Estimated number of malaria deaths,text,AFR,Africa,Country,ZMB,Zambia,Year,2012,false,,,,,,,,,,,,,6979,,,6730,,7270,6979 [6730-7270],,,EN,2025-12-19T00:00:00.000Z
MALARIA_EST_DEATHS,Estimated number of malaria deaths,text,AFR,Africa,Country,STP,Sao Tome and Principe,Year,2012,false,,,,,,,,,,,,,7,,,,,,7,,,EN,2025-12-19T00:00:00.000Z
MALARIA_EST_DEATHS,Estimated number of malaria deaths,text,AFR,Africa,Country,ZAF,South Africa,Year,2012,false,,,,,,,,,,,,,72,,,,,,72,,,EN,2025-12-19T00:00:00.000Z
MALARIA_EST_DEATHS,Estimated number of malaria deaths,text,AMR,Americas,Country,GUY,Guyana,Year,2012,false,,,,,,,,,,,,,76,,,36,,120,76 [36-120],,,EN,2025-12-19T00:00:00.000Z
MALARIA_EST_DEATHS,Estimated number of malaria deaths,text,AMR,Americas,Country,DOM,Dominican Republic,Year,2012,false,,,,,,,,,,,,,8,,,,,,8,,,EN,2025-12-19T00:00:00.000Z
MALARIA_EST_DEATHS,Estimated number of malaria deaths,text,AFR,Africa,Country,BEN,Benin,Year,2012,false,,,,,,,,,,,,,8246,,,7660,,8890,8246 [7660-8890],,,EN,2025-12-19T00:00:00.000Z
MALARIA_EST_DEATHS,Estimated number of malaria deaths,text,AFR,Africa,Country,ERI,Eritrea,Year,2012,false,,,,,,,,,,,,,85,,,35,,160,85 [35-160],,,EN,2025-12-19T00:00:00.000Z
MALARIA_EST_DEATHS,Estimated number of malaria deaths,text,SEAR,South-East Asia,Country,BGD,Bangladesh,Year,2012,false,,,,,,,,,,,,,85,,,39,,140,85 [39-140],,,EN,2025-12-19T00:00:00.000Z
MALARIA_EST_DEATHS,Estimated number of malaria deaths,text,AFR,Africa,Country,GNB,Guinea-Bissau,Year,2012,false,,,,,,,,,,,,,861,,,780,,970,861 [780-970],,,EN,2025-12-19T00:00:00.000Z
MALARIA_EST_DEATHS,Estimated number of malaria deaths,text,WPR,Western Pacific,Country,SLB,Solomon Islands,Year,2012,false,,,,,,,,,,,,,89,,,41,,160,89 [41-160],,,EN,2025-12-19T00:00:00.000Z
MALARIA_EST_DEATHS,Estimated number of malaria deaths,text,SEAR,South-East Asia,Country,TLS,Timor-Leste,Year,2012,false,,,,,,,,,,,,,9,,,4,,15,9 [4-15],,,EN,2025-12-19T00:00:00.000Z
MALARIA_EST_DEATHS,Estimated number of malaria deaths,text,EMR,Eastern Mediterranean,Country,AFG,Afghanistan,Year,2012,false,,,,,,,,,,,,,92,,,31,,190,92 [31-190],,,EN,2025-12-19T00:00:00.000Z
MALARIA_EST_DEATHS,Estimated number of malaria deaths,text,AFR,Africa,Country,MWI,Malawi,Year,2012,false,,,,,,,,,,,,,9345,,,8870,,9870,9345 [8870-9870],,,EN,2025-12-19T00:00:00.000Z
MALARIA_EST_DEATHS,Estimated number of malaria deaths,text,AFR,Africa,Country,DZA,Algeria,Year,2011,false,,,,,,,,,,,,,0,,,,,,0,,,EN,2025-12-19T00:00:00.000Z
MALARIA_EST_DEATHS,Estimated number of malaria deaths,text,AMR,Americas,Country,ARG,Argentina,Year,2011,false,,,,,,,,,,,,,0,,,,,,0,,,EN,2025-12-19T00:00:00.000Z
MALARIA_EST_DEATHS,Estimated number of malaria deaths,text,EUR,Europe,Country,ARM,Armenia,Year,2011,false,,,,,,,,,,,,,0,,,,,,0,,,EN,2025-12-19T00:00:00.000Z
MALARIA_EST_DEATHS,Estimated number of malaria deaths,text,EUR,Europe,Country,AZE,Azerbaijan,Year,2011,false,,,,,,,,,,,,,0,,,,,,0,,,EN,2025-12-19T00:00:00.000Z
MALARIA_EST_DEATHS,Estimated number of malaria deaths,text,AMR,Americas,Country,BLZ,Belize,Year,2011,false,,,,,,,,,,,,,0,,,,,,0,,,EN,2025-12-19T00:00:00.000Z
MALARIA_EST_DEATHS,Estimated number of malaria deaths,text,AMR,Americas,Country,CRI,Costa Rica,Year,2011,false,,,,,,,,,,,,,0,,,,,,0,,,EN,2025-12-19T00:00:00.000Z
MALARIA_EST_DEATHS,Estimated number of malaria deaths,text,SEAR,South-East Asia,Country,PRK,Democratic People's Republic of Korea,Year,2011,false,,,,,,,,,,,,,0,,,,,,0,,,EN,2025-12-19T00:00:00.000Z
MALARIA_EST_DEATHS,Estimated number of malaria deaths,text,AMR,Americas,Country,ECU,Ecuador,Year,2011,false,,,,,,,,,,,,,0,,,,,,0,,,EN,2025-12-19T00:00:00.000Z
MALARIA_EST_DEATHS,Estimated number of malaria deaths,text,EMR,Eastern Mediterranean,Country,EGY,Egypt,Year,2011,false,,,,,,,,,,,,,0,,,,,,0,,,EN,2025-12-19T00:00:00.000Z
MALARIA_EST_DEATHS,Estimated number of malaria deaths,text,AMR,Americas,Country,SLV,El Salvador,Year,2011,false,,,,,,,,,,,,,0,,,,,,0,,,EN,2025-12-19T00:00:00.000Z
MALARIA_EST_DEATHS,Estimated number of malaria deaths,text,EUR,Europe,Country,GEO,Georgia,Year,2011,false,,,,,,,,,,,,,0,,,,,,0,,,EN,2025-12-19T00:00:00.000Z
MALARIA_EST_DEATHS,Estimated number of malaria deaths,text,EMR,Eastern Mediterranean,Country,IRN,Iran (Islamic Republic of),Year,2011,false,,,,,,,,,,,,,0,,,,,,0,,,EN,2025-12-19T00:00:00.000Z
MALARIA_EST_DEATHS,Estimated number of malaria deaths,text,EMR,Eastern Mediterranean,Country,IRQ,Iraq,Year,2011,false,,,,,,,,,,,,,0,,,,,,0,,,EN,2025-12-19T00:00:00.000Z
MALARIA_EST_DEATHS,Estimated number of malaria deaths,text,EUR,Europe,Country,KAZ,Kazakhstan,Year,2011,false,,,,,,,,,,,,,0,,,,,,0,,,EN,2025-12-19T00:00:00.000Z
MALARIA_EST_DEATHS,Estimated number of malaria deaths,text,EUR,Europe,Country,KGZ,Kyrgyzstan,Year,2011,false,,,,,,,,,,,,,0,,,,,,0,,,EN,2025-12-19T00:00:00.000Z
MALARIA_EST_DEATHS,Estimated number of malaria deaths,text,AMR,Americas,Country,MEX,Mexico,Year,2011,false,,,,,,,,,,,,,0,,,,,,0,,,EN,2025-12-19T00:00:00.000Z
MALARIA_EST_DEATHS,Estimated number of malaria deaths,text,EMR,Eastern Mediterranean,Country,MAR,Morocco,Year,2011,false,,,,,,,,,,,,,0,,,,,,0,,,EN,2025-12-19T00:00:00.000Z
MALARIA_EST_DEATHS,Estimated number of malaria deaths,text,EMR,Eastern Mediterranean,Country,OMN,Oman,Year,2011,false,,,,,,,,,,,,,0,,,,,,0,,,EN,2025-12-19T00:00:00.000Z
MALARIA_EST_DEATHS,Estimated number of malaria deaths,text,AMR,Americas,Country,PAN,Panama,Year,2011,false,,,,,,,,,,,,,0,,,,,,0,,,EN,2025-12-19T00:00:00.000Z
MALARIA_EST_DEATHS,Estimated number of malaria deaths,text,AMR,Americas,Country,PRY,Paraguay,Year,2011,false,,,,,,,,,,,,,0,,,,,,0,,,EN,2025-12-19T00:00:00.000Z
MALARIA_EST_DEATHS,Estimated number of malaria deaths,text,EMR,Eastern Mediterranean,Country,SAU,Saudi Arabia,Year,2011,false,,,,,,,,,,,,,0,,,,,,0,,,EN,2025-12-19T00:00:00.000Z
MALARIA_EST_DEATHS,Estimated number of malaria deaths,text,SEAR,South-East Asia,Country,LKA,Sri Lanka,Year,2011,false,,,,,,,,,,,,,0,,,,,,0,,,EN,2025-12-19T00:00:00.000Z
MALARIA_EST_DEATHS,Estimated number of malaria deaths,text,EMR,Eastern Mediterranean,Country,SYR,Syrian Arab Republic,Year,2011,false,,,,,,,,,,,,,0,,,,,,0,,,EN,2025-12-19T00:00:00.000Z
MALARIA_EST_DEATHS,Estimated number of malaria deaths,text,EUR,Europe,Country,TUR,Türkiye,Year,2011,false,,,,,,,,,,,,,0,,,,,,0,,,EN,2025-12-19T00:00:00.000Z
MALARIA_EST_DEATHS,Estimated number of malaria deaths,text,EUR,Europe,Country,TJK,Tajikistan,Year,2011,false,,,,,,,,,,,,,0,,,,,,0,,,EN,2025-12-19T00:00:00.000Z
MALARIA_EST_DEATHS,Estimated number of malaria deaths,text,EUR,Europe,Country,TKM,Turkmenistan,Year,2011,false,,,,,,,,,,,,,0,,,,,,0,,,EN,2025-12-19T00:00:00.000Z
MALARIA_EST_DEATHS,Estimated number of malaria deaths,text,EMR,Eastern Mediterranean,Country,ARE,United Arab Emirates,Year,2011,false,,,,,,,,,,,,,0,,,,,,0,,,EN,2025-12-19T00:00:00.000Z
MALARIA_EST_DEATHS,Estimated number of malaria deaths,text,EUR,Europe,Country,UZB,Uzbekistan,Year,2011,false,,,,,,,,,,,,,0,,,,,,0,,,EN,2025-12-19T00:00:00.000Z
MALARIA_EST_DEATHS,Estimated number of malaria deaths,text,SEAR,South-East Asia,Country,BTN,Bhutan,Year,2011,false,,,,,,,,,,,,,1,,,,,,1,,,EN,2025-12-19T00:00:00.000Z
MALARIA_EST_DEATHS,Estimated number of malaria deaths,text,AFR,Africa,Country,CPV,Cabo Verde,Year,2011,false,,,,,,,,,,,,,1,,,,,,1,,,EN,2025-12-19T00:00:00.000Z
MALARIA_EST_DEATHS,Estimated number of malaria deaths,text,AFR,Africa,Country,SWZ,Eswatini,Year,2011,false,,,,,,,,,,,,,1,,,,,,1,,,EN,2025-12-19T00:00:00.000Z
MALARIA_EST_DEATHS,Estimated number of malaria deaths,text,AMR,Americas,Country,NIC,Nicaragua,Year,2011,false,,,,,,,,,,,,,1,,,,,,1,,,EN,2025-12-19T00:00:00.000Z
MALARIA_EST_DEATHS,Estimated number of malaria deaths,text,AMR,Americas,Country,SUR,Suriname,Year,2011,false,,,,,,,,,,,,,1,,,,,,1,,,EN,2025-12-19T00:00:00.000Z
MALARIA_EST_DEATHS,Estimated number of malaria deaths,text,AMR,Americas,Country,DOM,Dominican Republic,Year,2011,false,,,,,,,,,,,,,10,,,,,,10,,,EN,2025-12-19T00:00:00.000Z
MALARIA_EST_DEATHS,Estimated number of malaria deaths,text,AFR,Africa,Country,KEN,Kenya,Year,2011,false,,,,,,,,,,,,,10091,,,9850,,10300,10 091 [9850-10 300],,,EN,2025-12-19T00:00:00.000Z
MALARIA_EST_DEATHS,Estimated number of malaria deaths,text,AFR,Africa,Country,MWI,Malawi,Year,2011,false,,,,,,,,,,,,,10264,,,9740,,10800,10 264 [9740-10 800],,,EN,2025-12-19T00:00:00.000Z
MALARIA_EST_DEATHS,Estimated number of malaria deaths,text,EMR,Eastern Mediterranean,Country,SOM,Somalia,Year,2011,false,,,,,,,,,,,,,1062,,,450,,1890,1062 [450-1890],,,EN,2025-12-19T00:00:00.000Z
MALARIA_EST_DEATHS,Estimated number of malaria deaths,text,WPR,Western Pacific,Country,SLB,Solomon Islands,Year,2011,false,,,,,,,,,,,,,108,,,48,,200,108 [48-200],,,EN,2025-12-19T00:00:00.000Z
MALARIA_EST_DEATHS,Estimated number of malaria deaths,text,WPR,Western Pacific,Country,MYS,Malaysia,Year,2011,false,,,,,,,,,,,,,11,,,,,,11,,,EN,2025-12-19T00:00:00.000Z
MALARIA_EST_DEATHS,Estimated number of malaria deaths,text,AFR,Africa,Country,AGO,Angola,Year,2011,false,,,,,,,,,,,,,11524,,,9300,,14500,11 524 [9300-14 500],,,EN,2025-12-19T00:00:00.000Z
MALARIA_EST_DEATHS,Estimated number of malaria deaths,text,AFR,Africa,Country,CMR,Cameroon,Year,2011,false,,,,,,,,,,,,,11870,,,11100,,12700,11 870 [11 100-12 700],,,EN,2025-12-19T00:00:00.000Z
MALARIA_EST_DEATHS,Estimated number of malaria deaths,text,AFR,Africa,Country,TCD,Chad,Year,2011,false,,,,,,,,,,,,,12758,,,11600,,13900,12 758 [11 600-13 900],,,EN,2025-12-19T00:00:00.000Z
MALARIA_EST_DEATHS,Estimated number of malaria deaths,text,WPR,Western Pacific,Country,VUT,Vanuatu,Year,2011,false,,,,,,,,,,,,,14,,,6,,24,14 [6-24],,,EN,2025-12-19T00:00:00.000Z
MALARIA_EST_DEATHS,Estimated number of malaria deaths,text,AFR,Africa,Country,SLE,Sierra Leone,Year,2011,false,,,,,,,,,,,,,14007,,,13000,,15000,14 007 [13 000-15 000],,,EN,2025-12-19T00:00:00.000Z
MALARIA_EST_DEATHS,Estimated number of malaria deaths,text,AFR,Africa,Country,GIN,Guinea,Year,2011,false,,,,,,,,,,,,,14505,,,13500,,15600,14 505 [13 500-15 600],,,EN,2025-12-19T00:00:00.000Z
MALARIA_EST_DEATHS,Estimated number of malaria deaths,text,AFR,Africa,Country,ERI,Eritrea,Year,2011,false,,,,,,,,,,,,,141,,,57,,260,141 [57-260],,,EN,2025-12-19T00:00:00.000Z
MALARIA_EST_DEATHS,Estimated number of malaria deaths,text,SEAR,South-East Asia,Country,BGD,Bangladesh,Year,2011,false,,,,,,,,,,,,,155,,,70,,250,155 [70-250],,,EN,2025-12-19T00:00:00.000Z
MALARIA_EST_DEATHS,Estimated number of malaria deaths,text,AFR,Africa,Country,ETH,Ethiopia,Year,2011,false,,,,,,,,,,,,,16648,,,5400,,44300,16 648 [5400-44 300],,,EN,2025-12-19T00:00:00.000Z
MALARIA_EST_DEATHS,Estimated number of malaria deaths,text,AFR,Africa,Country,SEN,Senegal,Year,2011,false,,,,,,,,,,,,,1602,,,660,,2850,1602 [660-2850],,,EN,2025-12-19T00:00:00.000Z
MALARIA_EST_DEATHS,Estimated number of malaria deaths,text,AFR,Africa,Country,GHA,Ghana,Year,2011,false,,,,,,,,,,,,,17163,,,16500,,17900,17 163 [16 500-17 900],,,EN,2025-12-19T00:00:00.000Z
MALARIA_EST_DEATHS,Estimated number of malaria deaths,text,SEAR,South-East Asia,Country,IND,India,Year,2011,false,,,,,,,,,,,,,18435,,,8930,,30000,18 435 [8930-30 000],,,EN,2025-12-19T00:00:00.000Z
MALARIA_EST_DEATHS,Estimated number of malaria deaths,text,EMR,Eastern Mediterranean,Country,PAK,Pakistan,Year,2011,false,,,,,,,,,,,,,1814,,,680,,4070,1814 [680-4070],,,EN,2025-12-19T00:00:00.000Z
MALARIA_EST_DEATHS,Estimated number of malaria deaths,text,AFR,Africa,Country,NGA,Nigeria,Year,2011,false,,,,,,,,,,,,,183768,,,168000,,201000,183 768 [168 000-201 000],,,EN,2025-12-19T00:00:00.000Z
MALARIA_EST_DEATHS,Estimated number of malaria deaths,text,AFR,Africa,Country,ZWE,Zimbabwe,Year,2011,false,,,,,,,,,,,,,1848,,,730,,3400,1848 [730-3400],,,EN,2025-12-19T00:00:00.000Z
MALARIA_EST_DEATHS,Estimated number of malaria deaths,text,AFR,Africa,Country,COG,Congo,Year,2011,false,,,,,,,,,,,,,1885,,,1770,,2000,1885 [1770-2000],,,EN,2025-12-19T00:00:00.000Z
MALARIA_EST_DEATHS,Estimated number of malaria deaths,text,AFR,Africa,Country,STP,Sao Tome and Principe,Year,2011,false,,,,,,,,,,,,,19,,,,,,19,,,EN,2025-12-19T00:00:00.000Z
MALARIA_EST_DEATHS,Estimated number of malaria deaths,text,AMR,Americas,Country,PER,Peru,Year,2011,false,,,,,,,,,,,,,19,,,9,,30,19 [9-30],,,EN,2025-12-19T00:00:00.000Z
MALARIA_EST_DEATHS,Estimated number of malaria deaths,text,EMR,Eastern Mediterranean,Country,AFG,Afghanistan,Year,2011,false,,,,,,,,,,,,,192,,,74,,360,192 [74-360],,,EN,2025-12-19T00:00:00.000Z
MALARIA_EST_DEATHS,Estimated number of malaria deaths,text,AMR,Americas,Country,GUF,French Guiana,Year,2011,false,,,,,,,,,,,,,2,,,,,,2,,,EN,2025-12-19T00:00:00.000Z
MALARIA_EST_DEATHS,Estimated number of malaria deaths,text,SEAR,South-East Asia,Country,NPL,Nepal,Year,2011,false,,,,,,,,,,,,,2,,,,,,2,,,EN,2025-12-19T00:00:00.000Z
MALARIA_EST_DEATHS,Estimated number of malaria deaths,text,WPR,Western Pacific,Country,KOR,Republic of Korea,Year,2011,false,,,,,,,,,,,,,2,,,,,,2,,,EN,2025-12-19T00:00:00.000Z
MALARIA_EST_DEATHS,Estimated number of malaria deaths,text,AMR,Americas,Country,GTM,Guatemala,Year,2011,false,,,,,,,,,,,,,2,,,1,,5,2 [1-5],,,EN,2025-12-19T00:00:00.000Z
MALARIA_EST_DEATHS,Estimated number of malaria deaths,text,EMR,Eastern Mediterranean,Country,YEM,Yemen,Year,2011,false,,,,,,,,,,,,,2015,,,810,,4160,2015 [810-4160],,,EN,2025-12-19T00:00:00.000Z
MALARIA_EST_DEATHS,Estimated number of malaria deaths,text,WPR,Western Pacific,Country,PNG,Papua New Guinea,Year,2011,false,,,,,,,,,,,,,2032,,,570,,4380,2032 [570-4380],,,EN,2025-12-19T00:00:00.000Z
MALARIA_EST_DEATHS,Estimated number of malaria deaths,text,AMR,Americas,Country,HTI,Haiti,Year,2011,false,,,,,,,,,,,,,208,,,81,,410,208 [81-410],,,EN,2025-12-19T00:00:00.000Z
MALARIA_EST_DEATHS,Estimated number of malaria deaths,text,AFR,Africa,Country,MDG,Madagascar,Year,2011,false,,,,,,,,,,,,,2091,,,800,,4020,2091 [800-4020],,,EN,2025-12-19T00:00:00.000Z
MALARIA_EST_DEATHS,Estimated number of malaria deaths,text,AFR,Africa,Country,TZA,United Republic of Tanzania,Year,2011,false,,,,,,,,,,,,,21003,,,20300,,21700,21 003 [20 300-21 700],,,EN,2025-12-19T00:00:00.000Z
MALARIA_EST_DEATHS,Estimated number of malaria deaths,text,AFR,Africa,Country,MLI,Mali,Year,2011,false,,,,,,,,,,,,,22149,,,20600,,23900,22 149 [20 600-23 900],,,EN,2025-12-19T00:00:00.000Z
MALARIA_EST_DEATHS,Estimated number of malaria deaths,text,AMR,Americas,Country,COL,Colombia,Year,2011,false,,,,,,,,,,,,,23,,,,,,23,,,EN,2025-12-19T00:00:00.000Z
MALARIA_EST_DEATHS,Estimated number of malaria deaths,text,AFR,Africa,Country,MOZ,Mozambique,Year,2011,false,,,,,,,,,,,,,23455,,,21200,,26000,23 455 [21 200-26 000],,,EN,2025-12-19T00:00:00.000Z
MALARIA_EST_DEATHS,Estimated number of malaria deaths,text,AFR,Africa,Country,UGA,Uganda,Year,2011,false,,,,,,,,,,,,,23537,,,22200,,25000,23 537 [22 200-25 000],,,EN,2025-12-19T00:00:00.000Z
MALARIA_EST_DEATHS,Estimated number of malaria deaths,text,AFR,Africa,Country,CIV,Cote d'Ivoire,Year,2011,false,,,,,,,,,,,,,26496,,,24600,,28600,26 496 [24 600-28 600],,,EN,2025-12-19T00:00:00.000Z
MALARIA_EST_DEATHS,Estimated number of malaria deaths,text,WPR,Western Pacific,Country,IDN,Indonesia,Year,2011,false,,,,,,,,,,,,,2875,,,1460,,4390,2875 [1460-4390],,,EN,2025-12-19T00:00:00.000Z
MALARIA_EST_DEATHS,Estimated number of malaria deaths,text,EMR,Eastern Mediterranean,Country,SDN,Sudan,Year,2011,false,,,,,,,,,,,,,2963,,,1300,,5080,2963 [1300-5080],,,EN,2025-12-19T00:00:00.000Z
MALARIA_EST_DEATHS,Estimated number of malaria deaths,text,AFR,Africa,Country,RWA,Rwanda,Year,2011,false,,,,,,,,,,,,,2977,,,2890,,3080,2977 [2890-3080],,,EN,2025-12-19T00:00:00.000Z
MALARIA_EST_DEATHS,Estimated number of malaria deaths,text,AFR,Africa,Country,LBR,Liberia,Year,2011,false,,,,,,,,,,,,,3029,,,2840,,3250,3029 [2840-3250],,,EN,2025-12-19T00:00:00.000Z
MALARIA_EST_DEATHS,Estimated number of malaria deaths,text,AFR,Africa,Country,NER,Niger,Year,2011,false,,,,,,,,,,,,,31339,,,28800,,34100,31 339 [28 800-34 100],,,EN,2025-12-19T00:00:00.000Z
MALARIA_EST_DEATHS,Estimated number of malaria deaths,text,SEAR,South-East Asia,Country,MMR,Myanmar,Year,2011,false,,,,,,,,,,,,,3214,,,1420,,5570,3214 [1420-5570],,,EN,2025-12-19T00:00:00.000Z
MALARIA_EST_DEATHS,Estimated number of malaria deaths,text,WPR,Western Pacific,Country,CHN,China,Year,2011,false,,,,,,,,,,,,,33,,,,,,33,,,EN,2025-12-19T00:00:00.000Z
MALARIA_EST_DEATHS,Estimated number of malaria deaths,text,AFR,Africa,Country,NAM,Namibia,Year,2011,false,,,,,,,,,,,,,36,,,,,,36,,,EN,2025-12-19T00:00:00.000Z
MALARIA_EST_DEATHS,Estimated number of malaria deaths,text,WPR,Western Pacific,Country,VNM,Viet Nam,Year,2011,false,,,,,,,,,,,,,36,,,17,,56,36 [17-56],,,EN,2025-12-19T00:00:00.000Z
MALARIA_EST_DEATHS,Estimated number of malaria deaths,text,AFR,Africa,Country,BFA,Burkina Faso,Year,2011,false,,,,,,,,,,,,,36043,,,32500,,39900,36 043 [32 500-39 900],,,EN,2025-12-19T00:00:00.000Z
MALARIA_EST_DEATHS,Estimated number of malaria deaths,text,AFR,Africa,Country,GAB,Gabon,Year,2011,false,,,,,,,,,,,,,392,,,360,,430,392 [360-430],,,EN,2025-12-19T00:00:00.000Z
MALARIA_EST_DEATHS,Estimated number of malaria deaths,text,AMR,Americas,Country,BOL,Bolivia (Plurinational State of),Year,2011,false,,,,,,,,,,,,,4,,,1,,7,4 [1-7],,,EN,2025-12-19T00:00:00.000Z
MALARIA_EST_DEATHS,Estimated number of malaria deaths,text,AFR,Africa,Country,TGO,Togo,Year,2011,false,,,,,,,,,,,,,4021,,,3760,,4310,4021 [3760-4310],,,EN,2025-12-19T00:00:00.000Z
MALARIA_EST_DEATHS,Estimated number of malaria deaths,text,SEAR,South-East Asia,Country,THA,Thailand,Year,2011,false,,,,,,,,,,,,,43,,,,,,43,,,EN,2025-12-19T00:00:00.000Z
MALARIA_EST_DEATHS,Estimated number of malaria deaths,text,WPR,Western Pacific,Country,PHL,Philippines,Year,2011,false,,,,,,,,,,,,,47,,,20,,84,47 [20-84],,,EN,2025-12-19T00:00:00.000Z
MALARIA_EST_DEATHS,Estimated number of malaria deaths,text,AMR,Americas,Country,VEN,Venezuela (Bolivarian Republic of),Year,2011,false,,,,,,,,,,,,,47,,,24,,71,47 [24-71],,,EN,2025-12-19T00:00:00.000Z
MALARIA_EST_DEATHS,Estimated number of malaria deaths,text,AFR,Africa,Country,BDI,Burundi,Year,2011,false,,,,,,,,,,,,,4751,,,4430,,5130,4751 [4430-5130],,,EN,2025-12-19T00:00:00.000Z
MALARIA_EST_DEATHS,Estimated number of malaria deaths,text,EMR,Eastern Mediterranean,Country,DJI,Djibouti,Year,2011,false,,,,,,,,,,,,,5,,,2,,10,5 [2-10],,,EN,2025-12-19T00:00:00.000Z
MALARIA_EST_DEATHS,Estimated number of malaria deaths,text,AMR,Americas,Country,HND,Honduras,Year,2011,false,,,,,,,,,,,,,5,,,2,,8,5 [2-8],,,EN,2025-12-19T00:00:00.000Z
MALARIA_EST_DEATHS,Estimated number of malaria deaths,text,AFR,Africa,Country,MYT,Mayotte,Year,2011,false,,,,,,,,,,,,,50,,,50,,50,50 [50-50],,,EN,2025-12-19T00:00:00.000Z
MALARIA_EST_DEATHS,Estimated number of malaria deaths,text,AFR,Africa,Country,ZAF,South Africa,Year,2011,false,,,,,,,,,,,,,54,,,,,,54,,,EN,2025-12-19T00:00:00.000Z
MALARIA_EST_DEATHS,Estimated number of malaria deaths,text,AFR,Africa,Country,CAF,Central African Republic,Year,2011,false,,,,,,,,,,,,,5569,,,4980,,6220,5569 [4980-6220],,,EN,2025-12-19T00:00:00.000Z
MALARIA_EST_DEATHS,Estimated number of malaria deaths,text,AFR,Africa,Country,GNQ,Equatorial Guinea,Year,2011,false,,,,,,,,,,,,,614,,,550,,690,614 [550-690],,,EN,2025-12-19T00:00:00.000Z
MALARIA_EST_DEATHS,Estimated number of malaria deaths,text,AFR,Africa,Country,COM,Comoros,Year,2011,false,,,,,,,,,,,,,62,,,29,,96,62 [29-96],,,EN,2025-12-19T00:00:00.000Z
MALARIA_EST_DEATHS,Estimated number of malaria deaths,text,WPR,Western Pacific,Country,KHM,Cambodia,Year,2011,false,,,,,,,,,,,,,641,,,320,,1000,641 [320-1000],,,EN,2025-12-19T00:00:00.000Z
MALARIA_EST_DEATHS,Estimated number of malaria deaths,text,SEAR,South-East Asia,Country,TLS,Timor-Leste,Year,2011,false,,,,,,,,,,,,,65,,,29,,110,65 [29-110],,,EN,2025-12-19T00:00:00.000Z
MALARIA_EST_DEATHS,Estimated number of malaria deaths,text,AFR,Africa,Country,MRT,Mauritania,Year,2011,false,,,,,,,,,,,,,662,,,640,,680,662 [640-680],,,EN,2025-12-19T00:00:00.000Z
MALARIA_EST_DEATHS,Estimated number of malaria deaths,text,AFR,Africa,Country,GMB,Gambia,Year,2011,false,,,,,,,,,,,,,665,,,630,,700,665 [630-700],,,EN,2025-12-19T00:00:00.000Z
MALARIA_EST_DEATHS,Estimated number of malaria deaths,text,AFR,Africa,Country,ZMB,Zambia,Year,2011,false,,,,,,,,,,,,,6666,,,6440,,6920,6666 [6440-6920],,,EN,2025-12-19T00:00:00.000Z
MALARIA_EST_DEATHS,Estimated number of malaria deaths,text,AFR,Africa,Country,SSD,South Sudan,Year,2011,false,,,,,,,,,,,,,6837,,,5290,,8760,6837 [5290-8760],,,EN,2025-12-19T00:00:00.000Z
MALARIA_EST_DEATHS,Estimated number of malaria deaths,text,AMR,Americas,Country,BRA,Brazil,Year,2011,false,,,,,,,,,,,,,70,,,,,,70,,,EN,2025-12-19T00:00:00.000Z
MALARIA_EST_DEATHS,Estimated number of malaria deaths,text,AMR,Americas,Country,GUY,Guyana,Year,2011,false,,,,,,,,,,,,,72,,,34,,120,72 [34-120],,,EN,2025-12-19T00:00:00.000Z
MALARIA_EST_DEATHS,Estimated number of malaria deaths,text,WPR,Western Pacific,Country,LAO,Lao People's Democratic Republic,Year,2011,false,,,,,,,,,,,,,73,,,30,,130,73 [30-130],,,EN,2025-12-19T00:00:00.000Z
MALARIA_EST_DEATHS,Estimated number of malaria deaths,text,AFR,Africa,Country,COD,Democratic Republic of the Congo,Year,2011,false,,,,,,,,,,,,,78483,,,65300,,93200,78 483 [65 300-93 200],,,EN,2025-12-19T00:00:00.000Z
MALARIA_EST_DEATHS,Estimated number of malaria deaths,text,AFR,Africa,Country,BWA,Botswana,Year,2011,false,,,,,,,,,,,,,8,,,,,,8,,,EN,2025-12-19T00:00:00.000Z
MALARIA_EST_DEATHS,Estimated number of malaria deaths,text,AFR,Africa,Country,BEN,Benin,Year,2011,false,,,,,,,,,,,,,8511,,,7930,,9150,8511 [7930-9150],,,EN,2025-12-19T00:00:00.000Z
MALARIA_EST_DEATHS,Estimated number of malaria deaths,text,AFR,Africa,Country,GNB,Guinea-Bissau,Year,2011,false,,,,,,,,,,,,,868,,,790,,970,868 [790-970],,,EN,2025-12-19T00:00:00.000Z
MALARIA_EST_DEATHS,Estimated number of malaria deaths,text,AMR,Americas,Country,ARG,Argentina,Year,2010,false,,,,,,,,,,,,,0,,,,,,0,,,EN,2025-12-19T00:00:00.000Z
MALARIA_EST_DEATHS,Estimated number of malaria deaths,text,EUR,Europe,Country,ARM,Armenia,Year,2010,false,,,,,,,,,,,,,0,,,,,,0,,,EN,2025-12-19T00:00:00.000Z
MALARIA_EST_DEATHS,Estimated number of malaria deaths,text,EUR,Europe,Country,AZE,Azerbaijan,Year,2010,false,,,,,,,,,,,,,0,,,,,,0,,,EN,2025-12-19T00:00:00.000Z
MALARIA_EST_DEATHS,Estimated number of malaria deaths,text,AMR,Americas,Country,BLZ,Belize,Year,2010,false,,,,,,,,,,,,,0,,,,,,0,,,EN,2025-12-19T00:00:00.000Z
MALARIA_EST_DEATHS,Estimated number of malaria deaths,text,AMR,Americas,Country,CRI,Costa Rica,Year,2010,false,,,,,,,,,,,,,0,,,,,,0,,,EN,2025-12-19T00:00:00.000Z
MALARIA_EST_DEATHS,Estimated number of malaria deaths,text,SEAR,South-East Asia,Country,PRK,Democratic People's Republic of Korea,Year,2010,false,,,,,,,,,,,,,0,,,,,,0,,,EN,2025-12-19T00:00:00.000Z
MALARIA_EST_DEATHS,Estimated number of malaria deaths,text,AMR,Americas,Country,ECU,Ecuador,Year,2010,false,,,,,,,,,,,,,0,,,,,,0,,,EN,2025-12-19T00:00:00.000Z
MALARIA_EST_DEATHS,Estimated number of malaria deaths,text,EMR,Eastern Mediterranean,Country,EGY,Egypt,Year,2010,false,,,,,,,,,,,,,0,,,,,,0,,,EN,2025-12-19T00:00:00.000Z
MALARIA_EST_DEATHS,Estimated number of malaria deaths,text,AMR,Americas,Country,SLV,El Salvador,Year,2010,false,,,,,,,,,,,,,0,,,,,,0,,,EN,2025-12-19T00:00:00.000Z
MALARIA_EST_DEATHS,Estimated number of malaria deaths,text,EUR,Europe,Country,GEO,Georgia,Year,2010,false,,,,,,,,,,,,,0,,,,,,0,,,EN,2025-12-19T00:00:00.000Z
MALARIA_EST_DEATHS,Estimated number of malaria deaths,text,EMR,Eastern Mediterranean,Country,IRN,Iran (Islamic Republic of),Year,2010,false,,,,,,,,,,,,,0,,,,,,0,,,EN,2025-12-19T00:00:00.000Z
MALARIA_EST_DEATHS,Estimated number of malaria deaths,text,EMR,Eastern Mediterranean,Country,IRQ,Iraq,Year,2010,false,,,,,,,,,,,,,0,,,,,,0,,,EN,2025-12-19T00:00:00.000Z
MALARIA_EST_DEATHS,Estimated number of malaria deaths,text,EUR,Europe,Country,KAZ,Kazakhstan,Year,2010,false,,,,,,,,,,,,,0,,,,,,0,,,EN,2025-12-19T00:00:00.000Z
MALARIA_EST_DEATHS,Estimated number of malaria deaths,text,EUR,Europe,Country,KGZ,Kyrgyzstan,Year,2010,false,,,,,,,,,,,,,0,,,,,,0,,,EN,2025-12-19T00:00:00.000Z
MALARIA_EST_DEATHS,Estimated number of malaria deaths,text,AMR,Americas,Country,MEX,Mexico,Year,2010,false,,,,,,,,,,,,,0,,,,,,0,,,EN,2025-12-19T00:00:00.000Z
MALARIA_EST_DEATHS,Estimated number of malaria deaths,text,EMR,Eastern Mediterranean,Country,MAR,Morocco,Year,2010,false,,,,,,,,,,,,,0,,,,,,0,,,EN,2025-12-19T00:00:00.000Z
MALARIA_EST_DEATHS,Estimated number of malaria deaths,text,EMR,Eastern Mediterranean,Country,OMN,Oman,Year,2010,false,,,,,,,,,,,,,0,,,,,,0,,,EN,2025-12-19T00:00:00.000Z
MALARIA_EST_DEATHS,Estimated number of malaria deaths,text,AMR,Americas,Country,PRY,Paraguay,Year,2010,false,,,,,,,,,,,,,0,,,,,,0,,,EN,2025-12-19T00:00:00.000Z
MALARIA_EST_DEATHS,Estimated number of malaria deaths,text,EMR,Eastern Mediterranean,Country,SAU,Saudi Arabia,Year,2010,false,,,,,,,,,,,,,0,,,,,,0,,,EN,2025-12-19T00:00:00.000Z
MALARIA_EST_DEATHS,Estimated number of malaria deaths,text,SEAR,South-East Asia,Country,LKA,Sri Lanka,Year,2010,false,,,,,,,,,,,,,0,,,,,,0,,,EN,2025-12-19T00:00:00.000Z
MALARIA_EST_DEATHS,Estimated number of malaria deaths,text,EMR,Eastern Mediterranean,Country,SYR,Syrian Arab Republic,Year,2010,false,,,,,,,,,,,,,0,,,,,,0,,,EN,2025-12-19T00:00:00.000Z
MALARIA_EST_DEATHS,Estimated number of malaria deaths,text,EUR,Europe,Country,TUR,Türkiye,Year,2010,false,,,,,,,,,,,,,0,,,,,,0,,,EN,2025-12-19T00:00:00.000Z
MALARIA_EST_DEATHS,Estimated number of malaria deaths,text,EUR,Europe,Country,TJK,Tajikistan,Year,2010,false,,,,,,,,,,,,,0,,,,,,0,,,EN,2025-12-19T00:00:00.000Z
MALARIA_EST_DEATHS,Estimated number of malaria deaths,text,EUR,Europe,Country,TKM,Turkmenistan,Year,2010,false,,,,,,,,,,,,,0,,,,,,0,,,EN,2025-12-19T00:00:00.000Z
MALARIA_EST_DEATHS,Estimated number of malaria deaths,text,EMR,Eastern Mediterranean,Country,ARE,United Arab Emirates,Year,2010,false,,,,,,,,,,,,,0,,,,,,0,,,EN,2025-12-19T00:00:00.000Z
MALARIA_EST_DEATHS,Estimated number of malaria deaths,text,EUR,Europe,Country,UZB,Uzbekistan,Year,2010,false,,,,,,,,,,,,,0,,,,,,0,,,EN,2025-12-19T00:00:00.000Z
MALARIA_EST_DEATHS,Estimated number of malaria deaths,text,AFR,Africa,Country,DZA,Algeria,Year,2010,false,,,,,,,,,,,,,1,,,,,,1,,,EN,2025-12-19T00:00:00.000Z
MALARIA_EST_DEATHS,Estimated number of malaria deaths,text,AFR,Africa,Country,CPV,Cabo Verde,Year,2010,false,,,,,,,,,,,,,1,,,,,,1,,,EN,2025-12-19T00:00:00.000Z
MALARIA_EST_DEATHS,Estimated number of malaria deaths,text,AMR,Americas,Country,GUF,French Guiana,Year,2010,false,,,,,,,,,,,,,1,,,,,,1,,,EN,2025-12-19T00:00:00.000Z
MALARIA_EST_DEATHS,Estimated number of malaria deaths,text,AMR,Americas,Country,NIC,Nicaragua,Year,2010,false,,,,,,,,,,,,,1,,,,,,1,,,EN,2025-12-19T00:00:00.000Z
MALARIA_EST_DEATHS,Estimated number of malaria deaths,text,AMR,Americas,Country,PAN,Panama,Year,2010,false,,,,,,,,,,,,,1,,,,,,1,,,EN,2025-12-19T00:00:00.000Z
MALARIA_EST_DEATHS,Estimated number of malaria deaths,text,WPR,Western Pacific,Country,KOR,Republic of Korea,Year,2010,false,,,,,,,,,,,,,1,,,,,,1,,,EN,2025-12-19T00:00:00.000Z
MALARIA_EST_DEATHS,Estimated number of malaria deaths,text,AMR,Americas,Country,SUR,Suriname,Year,2010,false,,,,,,,,,,,,,1,,,,,,1,,,EN,2025-12-19T00:00:00.000Z
MALARIA_EST_DEATHS,Estimated number of malaria deaths,text,AMR,Americas,Country,BOL,Bolivia (Plurinational State of),Year,2010,false,,,,,,,,,,,,,10,,,4,,16,10 [4-16],,,EN,2025-12-19T00:00:00.000Z
MALARIA_EST_DEATHS,Estimated number of malaria deaths,text,WPR,Western Pacific,Country,LAO,Lao People's Democratic Republic,Year,2010,false,,,,,,,,,,,,,109,,,45,,200,109 [45-200],,,EN,2025-12-19T00:00:00.000Z
MALARIA_EST_DEATHS,Estimated number of malaria deaths,text,AFR,Africa,Country,MWI,Malawi,Year,2010,false,,,,,,,,,,,,,11179,,,10600,,11900,11 179 [10 600-11 900],,,EN,2025-12-19T00:00:00.000Z
MALARIA_EST_DEATHS,Estimated number of malaria deaths,text,WPR,Western Pacific,Country,PHL,Philippines,Year,2010,false,,,,,,,,,,,,,113,,,47,,200,113 [47-200],,,EN,2025-12-19T00:00:00.000Z
MALARIA_EST_DEATHS,Estimated number of malaria deaths,text,AFR,Africa,Country,AGO,Angola,Year,2010,false,,,,,,,,,,,,,12185,,,9980,,15100,12 185 [9980-15 100],,,EN,2025-12-19T00:00:00.000Z
MALARIA_EST_DEATHS,Estimated number of malaria deaths,text,AFR,Africa,Country,CMR,Cameroon,Year,2010,false,,,,,,,,,,,,,12439,,,11600,,13300,12 439 [11 600-13 300],,,EN,2025-12-19T00:00:00.000Z
MALARIA_EST_DEATHS,Estimated number of malaria deaths,text,EMR,Eastern Mediterranean,Country,SOM,Somalia,Year,2010,false,,,,,,,,,,,,,1290,,,530,,2340,1290 [530-2340],,,EN,2025-12-19T00:00:00.000Z
MALARIA_EST_DEATHS,Estimated number of malaria deaths,text,WPR,Western Pacific,Country,MYS,Malaysia,Year,2010,false,,,,,,,,,,,,,13,,,,,,13,,,EN,2025-12-19T00:00:00.000Z
MALARIA_EST_DEATHS,Estimated number of malaria deaths,text,AFR,Africa,Country,TCD,Chad,Year,2010,false,,,,,,,,,,,,,13325,,,12200,,14500,13 325 [12 200-14 500],,,EN,2025-12-19T00:00:00.000Z
MALARIA_EST_DEATHS,Estimated number of malaria deaths,text,AFR,Africa,Country,GIN,Guinea,Year,2010,false,,,,,,,,,,,,,13854,,,12900,,14900,13 854 [12 900-14 900],,,EN,2025-12-19T00:00:00.000Z
MALARIA_EST_DEATHS,Estimated number of malaria deaths,text,AFR,Africa,Country,STP,Sao Tome and Principe,Year,2010,false,,,,,,,,,,,,,14,,,,,,14,,,EN,2025-12-19T00:00:00.000Z
MALARIA_EST_DEATHS,Estimated number of malaria deaths,text,AFR,Africa,Country,SLE,Sierra Leone,Year,2010,false,,,,,,,,,,,,,14295,,,13300,,15300,14 295 [13 300-15 300],,,EN,2025-12-19T00:00:00.000Z
MALARIA_EST_DEATHS,Estimated number of malaria deaths,text,AMR,Americas,Country,DOM,Dominican Republic,Year,2010,false,,,,,,,,,,,,,15,,,,,,15,,,EN,2025-12-19T00:00:00.000Z
MALARIA_EST_DEATHS,Estimated number of malaria deaths,text,AFR,Africa,Country,GHA,Ghana,Year,2010,false,,,,,,,,,,,,,16891,,,16200,,17600,16 891 [16 200-17 600],,,EN,2025-12-19T00:00:00.000Z
MALARIA_EST_DEATHS,Estimated number of malaria deaths,text,AFR,Africa,Country,ERI,Eritrea,Year,2010,false,,,,,,,,,,,,,161,,,65,,300,161 [65-300],,,EN,2025-12-19T00:00:00.000Z
MALARIA_EST_DEATHS,Estimated number of malaria deaths,text,EMR,Eastern Mediterranean,Country,PAK,Pakistan,Year,2010,false,,,,,,,,,,,,,1616,,,560,,3850,1616 [560-3850],,,EN,2025-12-19T00:00:00.000Z
MALARIA_EST_DEATHS,Estimated number of malaria deaths,text,WPR,Western Pacific,Country,SLB,Solomon Islands,Year,2010,false,,,,,,,,,,,,,163,,,74,,300,163 [74-300],,,EN,2025-12-19T00:00:00.000Z
MALARIA_EST_DEATHS,Estimated number of malaria deaths,text,EMR,Eastern Mediterranean,Country,AFG,Afghanistan,Year,2010,false,,,,,,,,,,,,,165,,,67,,320,165 [67-320],,,EN,2025-12-19T00:00:00.000Z
MALARIA_EST_DEATHS,Estimated number of malaria deaths,text,SEAR,South-East Asia,Country,BGD,Bangladesh,Year,2010,false,,,,,,,,,,,,,166,,,76,,270,166 [76-270],,,EN,2025-12-19T00:00:00.000Z
MALARIA_EST_DEATHS,Estimated number of malaria deaths,text,AFR,Africa,Country,ETH,Ethiopia,Year,2010,false,,,,,,,,,,,,,18909,,,4780,,58100,18 909 [4780-58 100],,,EN,2025-12-19T00:00:00.000Z
MALARIA_EST_DEATHS,Estimated number of malaria deaths,text,AFR,Africa,Country,COG,Congo,Year,2010,false,,,,,,,,,,,,,1854,,,1760,,1950,1854 [1760-1950],,,EN,2025-12-19T00:00:00.000Z
MALARIA_EST_DEATHS,Estimated number of malaria deaths,text,WPR,Western Pacific,Country,CHN,China,Year,2010,false,,,,,,,,,,,,,19,,,,,,19,,,EN,2025-12-19T00:00:00.000Z
MALARIA_EST_DEATHS,Estimated number of malaria deaths,text,AFR,Africa,Country,MLI,Mali,Year,2010,false,,,,,,,,,,,,,19905,,,18600,,21400,19 905 [18 600-21 400],,,EN,2025-12-19T00:00:00.000Z
MALARIA_EST_DEATHS,Estimated number of malaria deaths,text,SEAR,South-East Asia,Country,TLS,Timor-Leste,Year,2010,false,,,,,,,,,,,,,194,,,85,,340,194 [85-340],,,EN,2025-12-19T00:00:00.000Z
MALARIA_EST_DEATHS,Estimated number of malaria deaths,text,AFR,Africa,Country,SEN,Senegal,Year,2010,false,,,,,,,,,,,,,1953,,,800,,3480,1953 [800-3480],,,EN,2025-12-19T00:00:00.000Z
MALARIA_EST_DEATHS,Estimated number of malaria deaths,text,AFR,Africa,Country,NGA,Nigeria,Year,2010,false,,,,,,,,,,,,,199233,,,184000,,216000,199 233 [184 000-216 000],,,EN,2025-12-19T00:00:00.000Z
MALARIA_EST_DEATHS,Estimated number of malaria deaths,text,SEAR,South-East Asia,Country,BTN,Bhutan,Year,2010,false,,,,,,,,,,,,,2,,,,,,2,,,EN,2025-12-19T00:00:00.000Z
MALARIA_EST_DEATHS,Estimated number of malaria deaths,text,EMR,Eastern Mediterranean,Country,DJI,Djibouti,Year,2010,false,,,,,,,,,,,,,2,,,1,,3,2 [1-3],,,EN,2025-12-19T00:00:00.000Z
MALARIA_EST_DEATHS,Estimated number of malaria deaths,text,AMR,Americas,Country,PER,Peru,Year,2010,false,,,,,,,,,,,,,20,,,9,,31,20 [9-31],,,EN,2025-12-19T00:00:00.000Z
MALARIA_EST_DEATHS,Estimated number of malaria deaths,text,AFR,Africa,Country,TZA,United Republic of Tanzania,Year,2010,false,,,,,,,,,,,,,21418,,,20700,,22200,21 418 [20 700-22 200],,,EN,2025-12-19T00:00:00.000Z
MALARIA_EST_DEATHS,Estimated number of malaria deaths,text,AMR,Americas,Country,HTI,Haiti,Year,2010,false,,,,,,,,,,,,,217,,,84,,440,217 [84-440],,,EN,2025-12-19T00:00:00.000Z
MALARIA_EST_DEATHS,Estimated number of malaria deaths,text,SEAR,South-East Asia,Country,IND,India,Year,2010,false,,,,,,,,,,,,,23036,,,11200,,37800,23 036 [11 200-37 800],,,EN,2025-12-19T00:00:00.000Z
MALARIA_EST_DEATHS,Estimated number of malaria deaths,text,AFR,Africa,Country,MOZ,Mozambique,Year,2010,false,,,,,,,,,,,,,23849,,,21900,,26100,23 849 [21 900-26 100],,,EN,2025-12-19T00:00:00.000Z
MALARIA_EST_DEATHS,Estimated number of malaria deaths,text,WPR,Western Pacific,Country,PNG,Papua New Guinea,Year,2010,false,,,,,,,,,,,,,2354,,,670,,5070,2354 [670-5070],,,EN,2025-12-19T00:00:00.000Z
MALARIA_EST_DEATHS,Estimated number of malaria deaths,text,AFR,Africa,Country,MYT,Mayotte,Year,2010,false,,,,,,,,,,,,,237,,,237,,237,237 [237-237],,,EN,2025-12-19T00:00:00.000Z
MALARIA_EST_DEATHS,Estimated number of malaria deaths,text,AFR,Africa,Country,MDG,Madagascar,Year,2010,false,,,,,,,,,,,,,2441,,,940,,4990,2441 [940-4990],,,EN,2025-12-19T00:00:00.000Z
MALARIA_EST_DEATHS,Estimated number of malaria deaths,text,AFR,Africa,Country,UGA,Uganda,Year,2010,false,,,,,,,,,,,,,25736,,,24300,,27200,25 736 [24 300-27 200],,,EN,2025-12-19T00:00:00.000Z
MALARIA_EST_DEATHS,Estimated number of malaria deaths,text,AFR,Africa,Country,NER,Niger,Year,2010,false,,,,,,,,,,,,,26267,,,24300,,28500,26 267 [24 300-28 500],,,EN,2025-12-19T00:00:00.000Z
MALARIA_EST_DEATHS,Estimated number of malaria deaths,text,WPR,Western Pacific,Country,VUT,Vanuatu,Year,2010,false,,,,,,,,,,,,,27,,,12,,48,27 [12-48],,,EN,2025-12-19T00:00:00.000Z
MALARIA_EST_DEATHS,Estimated number of malaria deaths,text,AFR,Africa,Country,LBR,Liberia,Year,2010,false,,,,,,,,,,,,,2750,,,2580,,2940,2750 [2580-2940],,,EN,2025-12-19T00:00:00.000Z
MALARIA_EST_DEATHS,Estimated number of malaria deaths,text,AFR,Africa,Country,ZWE,Zimbabwe,Year,2010,false,,,,,,,,,,,,,2810,,,1020,,5610,2810 [1020-5610],,,EN,2025-12-19T00:00:00.000Z
MALARIA_EST_DEATHS,Estimated number of malaria deaths,text,EMR,Eastern Mediterranean,Country,YEM,Yemen,Year,2010,false,,,,,,,,,,,,,2866,,,1110,,6540,2866 [1110-6540],,,EN,2025-12-19T00:00:00.000Z
MALARIA_EST_DEATHS,Estimated number of malaria deaths,text,EMR,Eastern Mediterranean,Country,SDN,Sudan,Year,2010,false,,,,,,,,,,,,,2936,,,1280,,5040,2936 [1280-5040],,,EN,2025-12-19T00:00:00.000Z
MALARIA_EST_DEATHS,Estimated number of malaria deaths,text,AMR,Americas,Country,GTM,Guatemala,Year,2010,false,,,,,,,,,,,,,3,,,1,,6,3 [1-6],,,EN,2025-12-19T00:00:00.000Z
MALARIA_EST_DEATHS,Estimated number of malaria deaths,text,AFR,Africa,Country,RWA,Rwanda,Year,2010,false,,,,,,,,,,,,,3002,,,2920,,3100,3002 [2920-3100],,,EN,2025-12-19T00:00:00.000Z
MALARIA_EST_DEATHS,Estimated number of malaria deaths,text,AFR,Africa,Country,CIV,Cote d'Ivoire,Year,2010,false,,,,,,,,,,,,,32193,,,29900,,34600,32 193 [29 900-34 600],,,EN,2025-12-19T00:00:00.000Z
MALARIA_EST_DEATHS,Estimated number of malaria deaths,text,WPR,Western Pacific,Country,IDN,Indonesia,Year,2010,false,,,,,,,,,,,,,3209,,,1610,,4920,3209 [1610-4920],,,EN,2025-12-19T00:00:00.000Z
MALARIA_EST_DEATHS,Estimated number of malaria deaths,text,SEAR,South-East Asia,Country,MMR,Myanmar,Year,2010,false,,,,,,,,,,,,,3623,,,1590,,6530,3623 [1590-6530],,,EN,2025-12-19T00:00:00.000Z
MALARIA_EST_DEATHS,Estimated number of malaria deaths,text,AFR,Africa,Country,GAB,Gabon,Year,2010,false,,,,,,,,,,,,,363,,,340,,400,363 [340-400],,,EN,2025-12-19T00:00:00.000Z
MALARIA_EST_DEATHS,Estimated number of malaria deaths,text,AFR,Africa,Country,BFA,Burkina Faso,Year,2010,false,,,,,,,,,,,,,37944,,,34500,,41700,37 944 [34 500-41 700],,,EN,2025-12-19T00:00:00.000Z
MALARIA_EST_DEATHS,Estimated number of malaria deaths,text,AFR,Africa,Country,TGO,Togo,Year,2010,false,,,,,,,,,,,,,4043,,,3790,,4320,4043 [3790-4320],,,EN,2025-12-19T00:00:00.000Z
MALARIA_EST_DEATHS,Estimated number of malaria deaths,text,AMR,Americas,Country,COL,Colombia,Year,2010,false,,,,,,,,,,,,,42,,,,,,42,,,EN,2025-12-19T00:00:00.000Z
MALARIA_EST_DEATHS,Estimated number of malaria deaths,text,WPR,Western Pacific,Country,VNM,Viet Nam,Year,2010,false,,,,,,,,,,,,,45,,,22,,71,45 [22-71],,,EN,2025-12-19T00:00:00.000Z
MALARIA_EST_DEATHS,Estimated number of malaria deaths,text,AFR,Africa,Country,BDI,Burundi,Year,2010,false,,,,,,,,,,,,,4701,,,4400,,5050,4701 [4400-5050],,,EN,2025-12-19T00:00:00.000Z
MALARIA_EST_DEATHS,Estimated number of malaria deaths,text,AMR,Americas,Country,GUY,Guyana,Year,2010,false,,,,,,,,,,,,,52,,,24,,84,52 [24-84],,,EN,2025-12-19T00:00:00.000Z
MALARIA_EST_DEATHS,Estimated number of malaria deaths,text,AMR,Americas,Country,VEN,Venezuela (Bolivarian Republic of),Year,2010,false,,,,,,,,,,,,,53,,,27,,85,53 [27-85],,,EN,2025-12-19T00:00:00.000Z
MALARIA_EST_DEATHS,Estimated number of malaria deaths,text,AFR,Africa,Country,CAF,Central African Republic,Year,2010,false,,,,,,,,,,,,,5592,,,5020,,6220,5592 [5020-6220],,,EN,2025-12-19T00:00:00.000Z
MALARIA_EST_DEATHS,Estimated number of malaria deaths,text,AFR,Africa,Country,GMB,Gambia,Year,2010,false,,,,,,,,,,,,,563,,,540,,590,563 [540-590],,,EN,2025-12-19T00:00:00.000Z
MALARIA_EST_DEATHS,Estimated number of malaria deaths,text,SEAR,South-East Asia,Country,NPL,Nepal,Year,2010,false,,,,,,,,,,,,,6,,,,,,6,,,EN,2025-12-19T00:00:00.000Z
MALARIA_EST_DEATHS,Estimated number of malaria deaths,text,AFR,Africa,Country,GNQ,Equatorial Guinea,Year,2010,false,,,,,,,,,,,,,602,,,550,,670,602 [550-670],,,EN,2025-12-19T00:00:00.000Z
MALARIA_EST_DEATHS,Estimated number of malaria deaths,text,AFR,Africa,Country,NAM,Namibia,Year,2010,false,,,,,,,,,,,,,63,,,,,,63,,,EN,2025-12-19T00:00:00.000Z
MALARIA_EST_DEATHS,Estimated number of malaria deaths,text,AFR,Africa,Country,ZMB,Zambia,Year,2010,false,,,,,,,,,,,,,6353,,,6150,,6590,6353 [6150-6590],,,EN,2025-12-19T00:00:00.000Z
MALARIA_EST_DEATHS,Estimated number of malaria deaths,text,AFR,Africa,Country,MRT,Mauritania,Year,2010,false,,,,,,,,,,,,,642,,,620,,660,642 [620-660],,,EN,2025-12-19T00:00:00.000Z
MALARIA_EST_DEATHS,Estimated number of malaria deaths,text,WPR,Western Pacific,Country,KHM,Cambodia,Year,2010,false,,,,,,,,,,,,,644,,,310,,1040,644 [310-1040],,,EN,2025-12-19T00:00:00.000Z
MALARIA_EST_DEATHS,Estimated number of malaria deaths,text,AFR,Africa,Country,SSD,South Sudan,Year,2010,false,,,,,,,,,,,,,6835,,,5410,,8540,6835 [5410-8540],,,EN,2025-12-19T00:00:00.000Z
MALARIA_EST_DEATHS,Estimated number of malaria deaths,text,AMR,Americas,Country,HND,Honduras,Year,2010,false,,,,,,,,,,,,,7,,,3,,12,7 [3-12],,,EN,2025-12-19T00:00:00.000Z
MALARIA_EST_DEATHS,Estimated number of malaria deaths,text,AMR,Americas,Country,BRA,Brazil,Year,2010,false,,,,,,,,,,,,,76,,,,,,76,,,EN,2025-12-19T00:00:00.000Z
MALARIA_EST_DEATHS,Estimated number of malaria deaths,text,AFR,Africa,Country,BWA,Botswana,Year,2010,false,,,,,,,,,,,,,8,,,,,,8,,,EN,2025-12-19T00:00:00.000Z
MALARIA_EST_DEATHS,Estimated number of malaria deaths,text,AFR,Africa,Country,SWZ,Eswatini,Year,2010,false,,,,,,,,,,,,,8,,,,,,8,,,EN,2025-12-19T00:00:00.000Z
MALARIA_EST_DEATHS,Estimated number of malaria deaths,text,SEAR,South-East Asia,Country,THA,Thailand,Year,2010,false,,,,,,,,,,,,,80,,,,,,80,,,EN,2025-12-19T00:00:00.000Z
MALARIA_EST_DEATHS,Estimated number of malaria deaths,text,AFR,Africa,Country,ZAF,South Africa,Year,2010,false,,,,,,,,,,,,,83,,,,,,83,,,EN,2025-12-19T00:00:00.000Z
MALARIA_EST_DEATHS,Estimated number of malaria deaths,text,AFR,Africa,Country,COD,Democratic Republic of the Congo,Year,2010,false,,,,,,,,,,,,,85123,,,72200,,99700,85 123 [72 200-99 700],,,EN,2025-12-19T00:00:00.000Z
MALARIA_EST_DEATHS,Estimated number of malaria deaths,text,AFR,Africa,Country,GNB,Guinea-Bissau,Year,2010,false,,,,,,,,,,,,,874,,,800,,960,874 [800-960],,,EN,2025-12-19T00:00:00.000Z
MALARIA_EST_DEATHS,Estimated number of malaria deaths,text,AFR,Africa,Country,COM,Comoros,Year,2010,false,,,,,,,,,,,,,92,,,42,,140,92 [42-140],,,EN,2025-12-19T00:00:00.000Z
MALARIA_EST_DEATHS,Estimated number of malaria deaths,text,AFR,Africa,Country,BEN,Benin,Year,2010,false,,,,,,,,,,,,,9282,,,8660,,9970,9282 [8660-9970],,,EN,2025-12-19T00:00:00.000Z
MALARIA_EST_DEATHS,Estimated number of malaria deaths,text,AFR,Africa,Country,KEN,Kenya,Year,2010,false,,,,,,,,,,,,,9664,,,9440,,9890,9664 [9440-9890],,,EN,2025-12-19T00:00:00.000Z
MALARIA_EST_DEATHS,Estimated number of malaria deaths,text,AFR,Africa,Country,DZA,Algeria,Year,2009,false,,,,,,,,,,,,,0,,,,,,0,,,EN,2025-12-19T00:00:00.000Z
MALARIA_EST_DEATHS,Estimated number of malaria deaths,text,AMR,Americas,Country,ARG,Argentina,Year,2009,false,,,,,,,,,,,,,0,,,,,,0,,,EN,2025-12-19T00:00:00.000Z
MALARIA_EST_DEATHS,Estimated number of malaria deaths,text,EUR,Europe,Country,ARM,Armenia,Year,2009,false,,,,,,,,,,,,,0,,,,,,0,,,EN,2025-12-19T00:00:00.000Z
MALARIA_EST_DEATHS,Estimated number of malaria deaths,text,EUR,Europe,Country,AZE,Azerbaijan,Year,2009,false,,,,,,,,,,,,,0,,,,,,0,,,EN,2025-12-19T00:00:00.000Z
MALARIA_EST_DEATHS,Estimated number of malaria deaths,text,AMR,Americas,Country,BLZ,Belize,Year,2009,false,,,,,,,,,,,,,0,,,,,,0,,,EN,2025-12-19T00:00:00.000Z
MALARIA_EST_DEATHS,Estimated number of malaria deaths,text,SEAR,South-East Asia,Country,PRK,Democratic People's Republic of Korea,Year,2009,false,,,,,,,,,,,,,0,,,,,,0,,,EN,2025-12-19T00:00:00.000Z
MALARIA_EST_DEATHS,Estimated number of malaria deaths,text,EMR,Eastern Mediterranean,Country,EGY,Egypt,Year,2009,false,,,,,,,,,,,,,0,,,,,,0,,,EN,2025-12-19T00:00:00.000Z
MALARIA_EST_DEATHS,Estimated number of malaria deaths,text,AMR,Americas,Country,SLV,El Salvador,Year,2009,false,,,,,,,,,,,,,0,,,,,,0,,,EN,2025-12-19T00:00:00.000Z
MALARIA_EST_DEATHS,Estimated number of malaria deaths,text,EUR,Europe,Country,GEO,Georgia,Year,2009,false,,,,,,,,,,,,,0,,,,,,0,,,EN,2025-12-19T00:00:00.000Z
MALARIA_EST_DEATHS,Estimated number of malaria deaths,text,EMR,Eastern Mediterranean,Country,IRN,Iran (Islamic Republic of),Year,2009,false,,,,,,,,,,,,,0,,,,,,0,,,EN,2025-12-19T00:00:00.000Z
MALARIA_EST_DEATHS,Estimated number of malaria deaths,text,EMR,Eastern Mediterranean,Country,IRQ,Iraq,Year,2009,false,,,,,,,,,,,,,0,,,,,,0,,,EN,2025-12-19T00:00:00.000Z
MALARIA_EST_DEATHS,Estimated number of malaria deaths,text,EUR,Europe,Country,KAZ,Kazakhstan,Year,2009,false,,,,,,,,,,,,,0,,,,,,0,,,EN,2025-12-19T00:00:00.000Z
MALARIA_EST_DEATHS,Estimated number of malaria deaths,text,EUR,Europe,Country,KGZ,Kyrgyzstan,Year,2009,false,,,,,,,,,,,,,0,,,,,,0,,,EN,2025-12-19T00:00:00.000Z
MALARIA_EST_DEATHS,Estimated number of malaria deaths,text,AMR,Americas,Country,MEX,Mexico,Year,2009,false,,,,,,,,,,,,,0,,,,,,0,,,EN,2025-12-19T00:00:00.000Z
MALARIA_EST_DEATHS,Estimated number of malaria deaths,text,EMR,Eastern Mediterranean,Country,MAR,Morocco,Year,2009,false,,,,,,,,,,,,,0,,,,,,0,,,EN,2025-12-19T00:00:00.000Z
MALARIA_EST_DEATHS,Estimated number of malaria deaths,text,AMR,Americas,Country,NIC,Nicaragua,Year,2009,false,,,,,,,,,,,,,0,,,,,,0,,,EN,2025-12-19T00:00:00.000Z
MALARIA_EST_DEATHS,Estimated number of malaria deaths,text,EMR,Eastern Mediterranean,Country,OMN,Oman,Year,2009,false,,,,,,,,,,,,,0,,,,,,0,,,EN,2025-12-19T00:00:00.000Z
MALARIA_EST_DEATHS,Estimated number of malaria deaths,text,AMR,Americas,Country,PAN,Panama,Year,2009,false,,,,,,,,,,,,,0,,,,,,0,,,EN,2025-12-19T00:00:00.000Z
MALARIA_EST_DEATHS,Estimated number of malaria deaths,text,AMR,Americas,Country,PRY,Paraguay,Year,2009,false,,,,,,,,,,,,,0,,,,,,0,,,EN,2025-12-19T00:00:00.000Z
MALARIA_EST_DEATHS,Estimated number of malaria deaths,text,EMR,Eastern Mediterranean,Country,SAU,Saudi Arabia,Year,2009,false,,,,,,,,,,,,,0,,,,,,0,,,EN,2025-12-19T00:00:00.000Z
MALARIA_EST_DEATHS,Estimated number of malaria deaths,text,SEAR,South-East Asia,Country,LKA,Sri Lanka,Year,2009,false,,,,,,,,,,,,,0,,,,,,0,,,EN,2025-12-19T00:00:00.000Z
MALARIA_EST_DEATHS,Estimated number of malaria deaths,text,AMR,Americas,Country,SUR,Suriname,Year,2009,false,,,,,,,,,,,,,0,,,,,,0,,,EN,2025-12-19T00:00:00.000Z
MALARIA_EST_DEATHS,Estimated number of malaria deaths,text,EMR,Eastern Mediterranean,Country,SYR,Syrian Arab Republic,Year,2009,false,,,,,,,,,,,,,0,,,,,,0,,,EN,2025-12-19T00:00:00.000Z
MALARIA_EST_DEATHS,Estimated number of malaria deaths,text,EUR,Europe,Country,TUR,Türkiye,Year,2009,false,,,,,,,,,,,,,0,,,,,,0,,,EN,2025-12-19T00:00:00.000Z
MALARIA_EST_DEATHS,Estimated number of malaria deaths,text,EUR,Europe,Country,TJK,Tajikistan,Year,2009,false,,,,,,,,,,,,,0,,,,,,0,,,EN,2025-12-19T00:00:00.000Z
MALARIA_EST_DEATHS,Estimated number of malaria deaths,text,EUR,Europe,Country,TKM,Turkmenistan,Year,2009,false,,,,,,,,,,,,,0,,,,,,0,,,EN,2025-12-19T00:00:00.000Z
MALARIA_EST_DEATHS,Estimated number of malaria deaths,text,EMR,Eastern Mediterranean,Country,ARE,United Arab Emirates,Year,2009,false,,,,,,,,,,,,,0,,,,,,0,,,EN,2025-12-19T00:00:00.000Z
MALARIA_EST_DEATHS,Estimated number of malaria deaths,text,EUR,Europe,Country,UZB,Uzbekistan,Year,2009,false,,,,,,,,,,,,,0,,,,,,0,,,EN,2025-12-19T00:00:00.000Z
MALARIA_EST_DEATHS,Estimated number of malaria deaths,text,AMR,Americas,Country,CRI,Costa Rica,Year,2009,false,,,,,,,,,,,,,1,,,,,,1,,,EN,2025-12-19T00:00:00.000Z
MALARIA_EST_DEATHS,Estimated number of malaria deaths,text,AMR,Americas,Country,GUF,French Guiana,Year,2009,false,,,,,,,,,,,,,1,,,,,,1,,,EN,2025-12-19T00:00:00.000Z
MALARIA_EST_DEATHS,Estimated number of malaria deaths,text,WPR,Western Pacific,Country,KOR,Republic of Korea,Year,2009,false,,,,,,,,,,,,,1,,,,,,1,,,EN,2025-12-19T00:00:00.000Z
MALARIA_EST_DEATHS,Estimated number of malaria deaths,text,AFR,Africa,Country,BEN,Benin,Year,2009,false,,,,,,,,,,,,,10426,,,9740,,11200,10 426 [9740-11 200],,,EN,2025-12-19T00:00:00.000Z
MALARIA_EST_DEATHS,Estimated number of malaria deaths,text,EMR,Eastern Mediterranean,Country,PAK,Pakistan,Year,2009,false,,,,,,,,,,,,,1000,,,340,,2550,1000 [340-2550],,,EN,2025-12-19T00:00:00.000Z
MALARIA_EST_DEATHS,Estimated number of malaria deaths,text,AFR,Africa,Country,MYT,Mayotte,Year,2009,false,,,,,,,,,,,,,102,,,102,,102,102 [102-102],,,EN,2025-12-19T00:00:00.000Z
MALARIA_EST_DEATHS,Estimated number of malaria deaths,text,AFR,Africa,Country,SEN,Senegal,Year,2009,false,,,,,,,,,,,,,1038,,,430,,1880,1038 [430-1880],,,EN,2025-12-19T00:00:00.000Z
MALARIA_EST_DEATHS,Estimated number of malaria deaths,text,AFR,Africa,Country,MWI,Malawi,Year,2009,false,,,,,,,,,,,,,11464,,,10800,,12100,11 464 [10 800-12 100],,,EN,2025-12-19T00:00:00.000Z
MALARIA_EST_DEATHS,Estimated number of malaria deaths,text,WPR,Western Pacific,Country,PHL,Philippines,Year,2009,false,,,,,,,,,,,,,116,,,49,,210,116 [49-210],,,EN,2025-12-19T00:00:00.000Z
MALARIA_EST_DEATHS,Estimated number of malaria deaths,text,EMR,Eastern Mediterranean,Country,SOM,Somalia,Year,2009,false,,,,,,,,,,,,,1166,,,490,,2070,1166 [490-2070],,,EN,2025-12-19T00:00:00.000Z
MALARIA_EST_DEATHS,Estimated number of malaria deaths,text,WPR,Western Pacific,Country,CHN,China,Year,2009,false,,,,,,,,,,,,,12,,,,,,12,,,EN,2025-12-19T00:00:00.000Z
MALARIA_EST_DEATHS,Estimated number of malaria deaths,text,AFR,Africa,Country,GIN,Guinea,Year,2009,false,,,,,,,,,,,,,12609,,,11800,,13500,12 609 [11 800-13 500],,,EN,2025-12-19T00:00:00.000Z
MALARIA_EST_DEATHS,Estimated number of malaria deaths,text,AFR,Africa,Country,TCD,Chad,Year,2009,false,,,,,,,,,,,,,12810,,,11800,,13900,12 810 [11 800-13 900],,,EN,2025-12-19T00:00:00.000Z
MALARIA_EST_DEATHS,Estimated number of malaria deaths,text,WPR,Western Pacific,Country,LAO,Lao People's Democratic Republic,Year,2009,false,,,,,,,,,,,,,120,,,48,,220,120 [48-220],,,EN,2025-12-19T00:00:00.000Z
MALARIA_EST_DEATHS,Estimated number of malaria deaths,text,AFR,Africa,Country,SWZ,Eswatini,Year,2009,false,,,,,,,,,,,,,13,,,,,,13,,,EN,2025-12-19T00:00:00.000Z
MALARIA_EST_DEATHS,Estimated number of malaria deaths,text,AFR,Africa,Country,AGO,Angola,Year,2009,false,,,,,,,,,,,,,13152,,,10900,,16000,13 152 [10 900-16 000],,,EN,2025-12-19T00:00:00.000Z
MALARIA_EST_DEATHS,Estimated number of malaria deaths,text,AFR,Africa,Country,CMR,Cameroon,Year,2009,false,,,,,,,,,,,,,13280,,,12400,,14200,13 280 [12 400-14 200],,,EN,2025-12-19T00:00:00.000Z
MALARIA_EST_DEATHS,Estimated number of malaria deaths,text,EMR,Eastern Mediterranean,Country,AFG,Afghanistan,Year,2009,false,,,,,,,,,,,,,139,,,53,,280,139 [53-280],,,EN,2025-12-19T00:00:00.000Z
MALARIA_EST_DEATHS,Estimated number of malaria deaths,text,AMR,Americas,Country,DOM,Dominican Republic,Year,2009,false,,,,,,,,,,,,,14,,,,,,14,,,EN,2025-12-19T00:00:00.000Z
MALARIA_EST_DEATHS,Estimated number of malaria deaths,text,AFR,Africa,Country,SLE,Sierra Leone,Year,2009,false,,,,,,,,,,,,,14542,,,13600,,15500,14 542 [13 600-15 500],,,EN,2025-12-19T00:00:00.000Z
MALARIA_EST_DEATHS,Estimated number of malaria deaths,text,WPR,Western Pacific,Country,SLB,Solomon Islands,Year,2009,false,,,,,,,,,,,,,142,,,63,,260,142 [63-260],,,EN,2025-12-19T00:00:00.000Z
MALARIA_EST_DEATHS,Estimated number of malaria deaths,text,AFR,Africa,Country,ETH,Ethiopia,Year,2009,false,,,,,,,,,,,,,16003,,,4010,,48800,16 003 [4010-48 800],,,EN,2025-12-19T00:00:00.000Z
MALARIA_EST_DEATHS,Estimated number of malaria deaths,text,AFR,Africa,Country,GHA,Ghana,Year,2009,false,,,,,,,,,,,,,16485,,,15900,,17200,16 485 [15 900-17 200],,,EN,2025-12-19T00:00:00.000Z
MALARIA_EST_DEATHS,Estimated number of malaria deaths,text,WPR,Western Pacific,Country,IDN,Indonesia,Year,2009,false,,,,,,,,,,,,,1745,,,840,,2960,1745 [840-2960],,,EN,2025-12-19T00:00:00.000Z
MALARIA_EST_DEATHS,Estimated number of malaria deaths,text,EMR,Eastern Mediterranean,Country,YEM,Yemen,Year,2009,false,,,,,,,,,,,,,1779,,,640,,4870,1779 [640-4870],,,EN,2025-12-19T00:00:00.000Z
MALARIA_EST_DEATHS,Estimated number of malaria deaths,text,AFR,Africa,Country,COG,Congo,Year,2009,false,,,,,,,,,,,,,1836,,,1750,,1930,1836 [1750-1930],,,EN,2025-12-19T00:00:00.000Z
MALARIA_EST_DEATHS,Estimated number of malaria deaths,text,SEAR,South-East Asia,Country,BGD,Bangladesh,Year,2009,false,,,,,,,,,,,,,187,,,86,,300,187 [86-300],,,EN,2025-12-19T00:00:00.000Z
MALARIA_EST_DEATHS,Estimated number of malaria deaths,text,AFR,Africa,Country,MLI,Mali,Year,2009,false,,,,,,,,,,,,,19444,,,18200,,20800,19 444 [18 200-20 800],,,EN,2025-12-19T00:00:00.000Z
MALARIA_EST_DEATHS,Estimated number of malaria deaths,text,AFR,Africa,Country,ZWE,Zimbabwe,Year,2009,false,,,,,,,,,,,,,1955,,,590,,4200,1955 [590-4200],,,EN,2025-12-19T00:00:00.000Z
MALARIA_EST_DEATHS,Estimated number of malaria deaths,text,SEAR,South-East Asia,Country,TLS,Timor-Leste,Year,2009,false,,,,,,,,,,,,,198,,,86,,350,198 [86-350],,,EN,2025-12-19T00:00:00.000Z
MALARIA_EST_DEATHS,Estimated number of malaria deaths,text,AFR,Africa,Country,CPV,Cabo Verde,Year,2009,false,,,,,,,,,,,,,2,,,,,,2,,,EN,2025-12-19T00:00:00.000Z
MALARIA_EST_DEATHS,Estimated number of malaria deaths,text,AFR,Africa,Country,TZA,United Republic of Tanzania,Year,2009,false,,,,,,,,,,,,,21916,,,21200,,22700,21 916 [21 200-22 700],,,EN,2025-12-19T00:00:00.000Z
MALARIA_EST_DEATHS,Estimated number of malaria deaths,text,AMR,Americas,Country,HTI,Haiti,Year,2009,false,,,,,,,,,,,,,215,,,80,,440,215 [80-440],,,EN,2025-12-19T00:00:00.000Z
MALARIA_EST_DEATHS,Estimated number of malaria deaths,text,AFR,Africa,Country,NGA,Nigeria,Year,2009,false,,,,,,,,,,,,,218497,,,203000,,235000,218 497 [203 000-235 000],,,EN,2025-12-19T00:00:00.000Z
MALARIA_EST_DEATHS,Estimated number of malaria deaths,text,WPR,Western Pacific,Country,VUT,Vanuatu,Year,2009,false,,,,,,,,,,,,,22,,,8,,46,22 [8-46],,,EN,2025-12-19T00:00:00.000Z
MALARIA_EST_DEATHS,Estimated number of malaria deaths,text,WPR,Western Pacific,Country,MYS,Malaysia,Year,2009,false,,,,,,,,,,,,,23,,,,,,23,,,EN,2025-12-19T00:00:00.000Z
MALARIA_EST_DEATHS,Estimated number of malaria deaths,text,AFR,Africa,Country,STP,Sao Tome and Principe,Year,2009,false,,,,,,,,,,,,,23,,,,,,23,,,EN,2025-12-19T00:00:00.000Z
MALARIA_EST_DEATHS,Estimated number of malaria deaths,text,AFR,Africa,Country,MOZ,Mozambique,Year,2009,false,,,,,,,,,,,,,23659,,,21800,,25700,23 659 [21 800-25 700],,,EN,2025-12-19T00:00:00.000Z
MALARIA_EST_DEATHS,Estimated number of malaria deaths,text,AFR,Africa,Country,MDG,Madagascar,Year,2009,false,,,,,,,,,,,,,2373,,,900,,4750,2373 [900-4750],,,EN,2025-12-19T00:00:00.000Z
MALARIA_EST_DEATHS,Estimated number of malaria deaths,text,SEAR,South-East Asia,Country,IND,India,Year,2009,false,,,,,,,,,,,,,24580,,,11600,,41500,24 580 [11 600-41 500],,,EN,2025-12-19T00:00:00.000Z
MALARIA_EST_DEATHS,Estimated number of malaria deaths,text,AFR,Africa,Country,NER,Niger,Year,2009,false,,,,,,,,,,,,,26151,,,24200,,28300,26 151 [24 200-28 300],,,EN,2025-12-19T00:00:00.000Z
MALARIA_EST_DEATHS,Estimated number of malaria deaths,text,AMR,Americas,Country,GUY,Guyana,Year,2009,false,,,,,,,,,,,,,27,,,13,,45,27 [13-45],,,EN,2025-12-19T00:00:00.000Z
MALARIA_EST_DEATHS,Estimated number of malaria deaths,text,AFR,Africa,Country,UGA,Uganda,Year,2009,false,,,,,,,,,,,,,27197,,,25700,,28700,27 197 [25 700-28 700],,,EN,2025-12-19T00:00:00.000Z
MALARIA_EST_DEATHS,Estimated number of malaria deaths,text,AMR,Americas,Country,COL,Colombia,Year,2009,false,,,,,,,,,,,,,28,,,,,,28,,,EN,2025-12-19T00:00:00.000Z
MALARIA_EST_DEATHS,Estimated number of malaria deaths,text,AFR,Africa,Country,RWA,Rwanda,Year,2009,false,,,,,,,,,,,,,2969,,,2890,,3060,2969 [2890-3060],,,EN,2025-12-19T00:00:00.000Z
MALARIA_EST_DEATHS,Estimated number of malaria deaths,text,AMR,Americas,Country,GTM,Guatemala,Year,2009,false,,,,,,,,,,,,,3,,,1,,5,3 [1-5],,,EN,2025-12-19T00:00:00.000Z
MALARIA_EST_DEATHS,Estimated number of malaria deaths,text,SEAR,South-East Asia,Country,MMR,Myanmar,Year,2009,false,,,,,,,,,,,,,3024,,,1350,,5480,3024 [1350-5480],,,EN,2025-12-19T00:00:00.000Z
MALARIA_EST_DEATHS,Estimated number of malaria deaths,text,EMR,Eastern Mediterranean,Country,SDN,Sudan,Year,2009,false,,,,,,,,,,,,,3035,,,1340,,5140,3035 [1340-5140],,,EN,2025-12-19T00:00:00.000Z
MALARIA_EST_DEATHS,Estimated number of malaria deaths,text,AMR,Americas,Country,PER,Peru,Year,2009,false,,,,,,,,,,,,,31,,,15,,48,31 [15-48],,,EN,2025-12-19T00:00:00.000Z
MALARIA_EST_DEATHS,Estimated number of malaria deaths,text,AFR,Africa,Country,GAB,Gabon,Year,2009,false,,,,,,,,,,,,,313,,,290,,340,313 [290-340],,,EN,2025-12-19T00:00:00.000Z
MALARIA_EST_DEATHS,Estimated number of malaria deaths,text,AFR,Africa,Country,LBR,Liberia,Year,2009,false,,,,,,,,,,,,,3173,,,2980,,3390,3173 [2980-3390],,,EN,2025-12-19T00:00:00.000Z
MALARIA_EST_DEATHS,Estimated number of malaria deaths,text,AFR,Africa,Country,CIV,Cote d'Ivoire,Year,2009,false,,,,,,,,,,,,,33352,,,31000,,35900,33 352 [31 000-35 900],,,EN,2025-12-19T00:00:00.000Z
MALARIA_EST_DEATHS,Estimated number of malaria deaths,text,WPR,Western Pacific,Country,PNG,Papua New Guinea,Year,2009,false,,,,,,,,,,,,,3378,,,1010,,7180,3378 [1010-7180],,,EN,2025-12-19T00:00:00.000Z
MALARIA_EST_DEATHS,Estimated number of malaria deaths,text,AMR,Americas,Country,VEN,Venezuela (Bolivarian Republic of),Year,2009,false,,,,,,,,,,,,,36,,,18,,55,36 [18-55],,,EN,2025-12-19T00:00:00.000Z
MALARIA_EST_DEATHS,Estimated number of malaria deaths,text,AFR,Africa,Country,BFA,Burkina Faso,Year,2009,false,,,,,,,,,,,,,38166,,,34900,,41600,38 166 [34 900-41 600],,,EN,2025-12-19T00:00:00.000Z
MALARIA_EST_DEATHS,Estimated number of malaria deaths,text,SEAR,South-East Asia,Country,BTN,Bhutan,Year,2009,false,,,,,,,,,,,,,4,,,,,,4,,,EN,2025-12-19T00:00:00.000Z
MALARIA_EST_DEATHS,Estimated number of malaria deaths,text,AFR,Africa,Country,ERI,Eritrea,Year,2009,false,,,,,,,,,,,,,41,,,16,,74,41 [16-74],,,EN,2025-12-19T00:00:00.000Z
MALARIA_EST_DEATHS,Estimated number of malaria deaths,text,AFR,Africa,Country,TGO,Togo,Year,2009,false,,,,,,,,,,,,,4254,,,4000,,4540,4254 [4000-4540],,,EN,2025-12-19T00:00:00.000Z
MALARIA_EST_DEATHS,Estimated number of malaria deaths,text,AFR,Africa,Country,ZAF,South Africa,Year,2009,false,,,,,,,,,,,,,45,,,,,,45,,,EN,2025-12-19T00:00:00.000Z
MALARIA_EST_DEATHS,Estimated number of malaria deaths,text,AFR,Africa,Country,BDI,Burundi,Year,2009,false,,,,,,,,,,,,,4675,,,4380,,5000,4675 [4380-5000],,,EN,2025-12-19T00:00:00.000Z
MALARIA_EST_DEATHS,Estimated number of malaria deaths,text,WPR,Western Pacific,Country,VNM,Viet Nam,Year,2009,false,,,,,,,,,,,,,47,,,22,,75,47 [22-75],,,EN,2025-12-19T00:00:00.000Z
MALARIA_EST_DEATHS,Estimated number of malaria deaths,text,AFR,Africa,Country,GMB,Gambia,Year,2009,false,,,,,,,,,,,,,522,,,500,,540,522 [500-540],,,EN,2025-12-19T00:00:00.000Z
MALARIA_EST_DEATHS,Estimated number of malaria deaths,text,AFR,Africa,Country,GNQ,Equatorial Guinea,Year,2009,false,,,,,,,,,,,,,558,,,510,,610,558 [510-610],,,EN,2025-12-19T00:00:00.000Z
MALARIA_EST_DEATHS,Estimated number of malaria deaths,text,AFR,Africa,Country,BWA,Botswana,Year,2009,false,,,,,,,,,,,,,6,,,,,,6,,,EN,2025-12-19T00:00:00.000Z
MALARIA_EST_DEATHS,Estimated number of malaria deaths,text,AMR,Americas,Country,ECU,Ecuador,Year,2009,false,,,,,,,,,,,,,6,,,,,,6,,,EN,2025-12-19T00:00:00.000Z
MALARIA_EST_DEATHS,Estimated number of malaria deaths,text,AMR,Americas,Country,BOL,Bolivia (Plurinational State of),Year,2009,false,,,,,,,,,,,,,6,,,2,,10,6 [2-10],,,EN,2025-12-19T00:00:00.000Z
MALARIA_EST_DEATHS,Estimated number of malaria deaths,text,EMR,Eastern Mediterranean,Country,DJI,Djibouti,Year,2009,false,,,,,,,,,,,,,6,,,3,,10,6 [3-10],,,EN,2025-12-19T00:00:00.000Z
MALARIA_EST_DEATHS,Estimated number of malaria deaths,text,AFR,Africa,Country,ZMB,Zambia,Year,2009,false,,,,,,,,,,,,,6296,,,6100,,6530,6296 [6100-6530],,,EN,2025-12-19T00:00:00.000Z
MALARIA_EST_DEATHS,Estimated number of malaria deaths,text,AFR,Africa,Country,MRT,Mauritania,Year,2009,false,,,,,,,,,,,,,631,,,610,,650,631 [610-650],,,EN,2025-12-19T00:00:00.000Z
MALARIA_EST_DEATHS,Estimated number of malaria deaths,text,AFR,Africa,Country,NAM,Namibia,Year,2009,false,,,,,,,,,,,,,68,,,,,,68,,,EN,2025-12-19T00:00:00.000Z
MALARIA_EST_DEATHS,Estimated number of malaria deaths,text,SEAR,South-East Asia,Country,THA,Thailand,Year,2009,false,,,,,,,,,,,,,70,,,,,,70,,,EN,2025-12-19T00:00:00.000Z
MALARIA_EST_DEATHS,Estimated number of malaria deaths,text,AFR,Africa,Country,SSD,South Sudan,Year,2009,false,,,,,,,,,,,,,7020,,,5690,,8600,7020 [5690-8600],,,EN,2025-12-19T00:00:00.000Z
MALARIA_EST_DEATHS,Estimated number of malaria deaths,text,AFR,Africa,Country,CAF,Central African Republic,Year,2009,false,,,,,,,,,,,,,7346,,,6620,,8140,7346 [6620-8140],,,EN,2025-12-19T00:00:00.000Z
MALARIA_EST_DEATHS,Estimated number of malaria deaths,text,SEAR,South-East Asia,Country,NPL,Nepal,Year,2009,false,,,,,,,,,,,,,8,,,,,,8,,,EN,2025-12-19T00:00:00.000Z
MALARIA_EST_DEATHS,Estimated number of malaria deaths,text,AMR,Americas,Country,HND,Honduras,Year,2009,false,,,,,,,,,,,,,8,,,3,,14,8 [3-14],,,EN,2025-12-19T00:00:00.000Z
MALARIA_EST_DEATHS,Estimated number of malaria deaths,text,AMR,Americas,Country,BRA,Brazil,Year,2009,false,,,,,,,,,,,,,85,,,,,,85,,,EN,2025-12-19T00:00:00.000Z
MALARIA_EST_DEATHS,Estimated number of malaria deaths,text,WPR,Western Pacific,Country,KHM,Cambodia,Year,2009,false,,,,,,,,,,,,,853,,,390,,1440,853 [390-1440],,,EN,2025-12-19T00:00:00.000Z
MALARIA_EST_DEATHS,Estimated number of malaria deaths,text,AFR,Africa,Country,GNB,Guinea-Bissau,Year,2009,false,,,,,,,,,,,,,858,,,790,,940,858 [790-940],,,EN,2025-12-19T00:00:00.000Z
MALARIA_EST_DEATHS,Estimated number of malaria deaths,text,AFR,Africa,Country,COD,Democratic Republic of the Congo,Year,2009,false,,,,,,,,,,,,,88664,,,76600,,102000,88 664 [76 600-102 000],,,EN,2025-12-19T00:00:00.000Z
MALARIA_EST_DEATHS,Estimated number of malaria deaths,text,AFR,Africa,Country,COM,Comoros,Year,2009,false,,,,,,,,,,,,,89,,,31,,180,89 [31-180],,,EN,2025-12-19T00:00:00.000Z
MALARIA_EST_DEATHS,Estimated number of malaria deaths,text,AFR,Africa,Country,KEN,Kenya,Year,2009,false,,,,,,,,,,,,,9459,,,9240,,9690,9459 [9240-9690],,,EN,2025-12-19T00:00:00.000Z
MALARIA_EST_DEATHS,Estimated number of malaria deaths,text,AFR,Africa,Country,DZA,Algeria,Year,2008,false,,,,,,,,,,,,,0,,,,,,0,,,EN,2025-12-19T00:00:00.000Z
MALARIA_EST_DEATHS,Estimated number of malaria deaths,text,AMR,Americas,Country,ARG,Argentina,Year,2008,false,,,,,,,,,,,,,0,,,,,,0,,,EN,2025-12-19T00:00:00.000Z
MALARIA_EST_DEATHS,Estimated number of malaria deaths,text,EUR,Europe,Country,ARM,Armenia,Year,2008,false,,,,,,,,,,,,,0,,,,,,0,,,EN,2025-12-19T00:00:00.000Z
MALARIA_EST_DEATHS,Estimated number of malaria deaths,text,EUR,Europe,Country,AZE,Azerbaijan,Year,2008,false,,,,,,,,,,,,,0,,,,,,0,,,EN,2025-12-19T00:00:00.000Z
MALARIA_EST_DEATHS,Estimated number of malaria deaths,text,AMR,Americas,Country,BLZ,Belize,Year,2008,false,,,,,,,,,,,,,0,,,,,,0,,,EN,2025-12-19T00:00:00.000Z
MALARIA_EST_DEATHS,Estimated number of malaria deaths,text,AMR,Americas,Country,CRI,Costa Rica,Year,2008,false,,,,,,,,,,,,,0,,,,,,0,,,EN,2025-12-19T00:00:00.000Z
MALARIA_EST_DEATHS,Estimated number of malaria deaths,text,SEAR,South-East Asia,Country,PRK,Democratic People's Republic of Korea,Year,2008,false,,,,,,,,,,,,,0,,,,,,0,,,EN,2025-12-19T00:00:00.000Z
MALARIA_EST_DEATHS,Estimated number of malaria deaths,text,EMR,Eastern Mediterranean,Country,EGY,Egypt,Year,2008,false,,,,,,,,,,,,,0,,,,,,0,,,EN,2025-12-19T00:00:00.000Z
MALARIA_EST_DEATHS,Estimated number of malaria deaths,text,AMR,Americas,Country,SLV,El Salvador,Year,2008,false,,,,,,,,,,,,,0,,,,,,0,,,EN,2025-12-19T00:00:00.000Z
MALARIA_EST_DEATHS,Estimated number of malaria deaths,text,EUR,Europe,Country,GEO,Georgia,Year,2008,false,,,,,,,,,,,,,0,,,,,,0,,,EN,2025-12-19T00:00:00.000Z
MALARIA_EST_DEATHS,Estimated number of malaria deaths,text,EMR,Eastern Mediterranean,Country,IRQ,Iraq,Year,2008,false,,,,,,,,,,,,,0,,,,,,0,,,EN,2025-12-19T00:00:00.000Z
MALARIA_EST_DEATHS,Estimated number of malaria deaths,text,EUR,Europe,Country,KAZ,Kazakhstan,Year,2008,false,,,,,,,,,,,,,0,,,,,,0,,,EN,2025-12-19T00:00:00.000Z
MALARIA_EST_DEATHS,Estimated number of malaria deaths,text,EUR,Europe,Country,KGZ,Kyrgyzstan,Year,2008,false,,,,,,,,,,,,,0,,,,,,0,,,EN,2025-12-19T00:00:00.000Z
MALARIA_EST_DEATHS,Estimated number of malaria deaths,text,AMR,Americas,Country,MEX,Mexico,Year,2008,false,,,,,,,,,,,,,0,,,,,,0,,,EN,2025-12-19T00:00:00.000Z
MALARIA_EST_DEATHS,Estimated number of malaria deaths,text,EMR,Eastern Mediterranean,Country,MAR,Morocco,Year,2008,false,,,,,,,,,,,,,0,,,,,,0,,,EN,2025-12-19T00:00:00.000Z
MALARIA_EST_DEATHS,Estimated number of malaria deaths,text,AMR,Americas,Country,NIC,Nicaragua,Year,2008,false,,,,,,,,,,,,,0,,,,,,0,,,EN,2025-12-19T00:00:00.000Z
MALARIA_EST_DEATHS,Estimated number of malaria deaths,text,EMR,Eastern Mediterranean,Country,OMN,Oman,Year,2008,false,,,,,,,,,,,,,0,,,,,,0,,,EN,2025-12-19T00:00:00.000Z
MALARIA_EST_DEATHS,Estimated number of malaria deaths,text,AMR,Americas,Country,PRY,Paraguay,Year,2008,false,,,,,,,,,,,,,0,,,,,,0,,,EN,2025-12-19T00:00:00.000Z
MALARIA_EST_DEATHS,Estimated number of malaria deaths,text,WPR,Western Pacific,Country,KOR,Republic of Korea,Year,2008,false,,,,,,,,,,,,,0,,,,,,0,,,EN,2025-12-19T00:00:00.000Z
MALARIA_EST_DEATHS,Estimated number of malaria deaths,text,EMR,Eastern Mediterranean,Country,SAU,Saudi Arabia,Year,2008,false,,,,,,,,,,,,,0,,,,,,0,,,EN,2025-12-19T00:00:00.000Z
MALARIA_EST_DEATHS,Estimated number of malaria deaths,text,SEAR,South-East Asia,Country,LKA,Sri Lanka,Year,2008,false,,,,,,,,,,,,,0,,,,,,0,,,EN,2025-12-19T00:00:00.000Z
MALARIA_EST_DEATHS,Estimated number of malaria deaths,text,AMR,Americas,Country,SUR,Suriname,Year,2008,false,,,,,,,,,,,,,0,,,,,,0,,,EN,2025-12-19T00:00:00.000Z
MALARIA_EST_DEATHS,Estimated number of malaria deaths,text,EMR,Eastern Mediterranean,Country,SYR,Syrian Arab Republic,Year,2008,false,,,,,,,,,,,,,0,,,,,,0,,,EN,2025-12-19T00:00:00.000Z
MALARIA_EST_DEATHS,Estimated number of malaria deaths,text,EUR,Europe,Country,TUR,Türkiye,Year,2008,false,,,,,,,,,,,,,0,,,,,,0,,,EN,2025-12-19T00:00:00.000Z
MALARIA_EST_DEATHS,Estimated number of malaria deaths,text,EUR,Europe,Country,TJK,Tajikistan,Year,2008,false,,,,,,,,,,,,,0,,,,,,0,,,EN,2025-12-19T00:00:00.000Z
MALARIA_EST_DEATHS,Estimated number of malaria deaths,text,EUR,Europe,Country,TKM,Turkmenistan,Year,2008,false,,,,,,,,,,,,,0,,,,,,0,,,EN,2025-12-19T00:00:00.000Z
MALARIA_EST_DEATHS,Estimated number of malaria deaths,text,EMR,Eastern Mediterranean,Country,ARE,United Arab Emirates,Year,2008,false,,,,,,,,,,,,,0,,,,,,0,,,EN,2025-12-19T00:00:00.000Z
MALARIA_EST_DEATHS,Estimated number of malaria deaths,text,EUR,Europe,Country,UZB,Uzbekistan,Year,2008,false,,,,,,,,,,,,,0,,,,,,0,,,EN,2025-12-19T00:00:00.000Z
MALARIA_EST_DEATHS,Estimated number of malaria deaths,text,AMR,Americas,Country,PAN,Panama,Year,2008,false,,,,,,,,,,,,,1,,,,,,1,,,EN,2025-12-19T00:00:00.000Z
MALARIA_EST_DEATHS,Estimated number of malaria deaths,text,AFR,Africa,Country,SWZ,Eswatini,Year,2008,false,,,,,,,,,,,,,10,,,,,,10,,,EN,2025-12-19T00:00:00.000Z
MALARIA_EST_DEATHS,Estimated number of malaria deaths,text,AFR,Africa,Country,GIN,Guinea,Year,2008,false,,,,,,,,,,,,,10553,,,9900,,11300,10 553 [9900-11 300],,,EN,2025-12-19T00:00:00.000Z
MALARIA_EST_DEATHS,Estimated number of malaria deaths,text,AFR,Africa,Country,ETH,Ethiopia,Year,2008,false,,,,,,,,,,,,,10808,,,3080,,31500,10 808 [3080-31 500],,,EN,2025-12-19T00:00:00.000Z
MALARIA_EST_DEATHS,Estimated number of malaria deaths,text,SEAR,South-East Asia,Country,THA,Thailand,Year,2008,false,,,,,,,,,,,,,101,,,,,,101,,,EN,2025-12-19T00:00:00.000Z
MALARIA_EST_DEATHS,Estimated number of malaria deaths,text,WPR,Western Pacific,Country,LAO,Lao People's Democratic Republic,Year,2008,false,,,,,,,,,,,,,104,,,41,,190,104 [41-190],,,EN,2025-12-19T00:00:00.000Z
MALARIA_EST_DEATHS,Estimated number of malaria deaths,text,AMR,Americas,Country,DOM,Dominican Republic,Year,2008,false,,,,,,,,,,,,,11,,,,,,11,,,EN,2025-12-19T00:00:00.000Z
MALARIA_EST_DEATHS,Estimated number of malaria deaths,text,AFR,Africa,Country,MWI,Malawi,Year,2008,false,,,,,,,,,,,,,11309,,,10700,,11900,11 309 [10 700-11 900],,,EN,2025-12-19T00:00:00.000Z
MALARIA_EST_DEATHS,Estimated number of malaria deaths,text,AFR,Africa,Country,BEN,Benin,Year,2008,false,,,,,,,,,,,,,11839,,,11100,,12700,11 839 [11 100-12 700],,,EN,2025-12-19T00:00:00.000Z
MALARIA_EST_DEATHS,Estimated number of malaria deaths,text,AFR,Africa,Country,BWA,Botswana,Year,2008,false,,,,,,,,,,,,,12,,,,,,12,,,EN,2025-12-19T00:00:00.000Z
MALARIA_EST_DEATHS,Estimated number of malaria deaths,text,AFR,Africa,Country,TCD,Chad,Year,2008,false,,,,,,,,,,,,,12024,,,11200,,13000,12 024 [11 200-13 000],,,EN,2025-12-19T00:00:00.000Z
MALARIA_EST_DEATHS,Estimated number of malaria deaths,text,AFR,Africa,Country,SLE,Sierra Leone,Year,2008,false,,,,,,,,,,,,,13270,,,12400,,14200,13 270 [12 400-14 200],,,EN,2025-12-19T00:00:00.000Z
MALARIA_EST_DEATHS,Estimated number of malaria deaths,text,EMR,Eastern Mediterranean,Country,YEM,Yemen,Year,2008,false,,,,,,,,,,,,,1361,,,480,,3530,1361 [480-3530],,,EN,2025-12-19T00:00:00.000Z
MALARIA_EST_DEATHS,Estimated number of malaria deaths,text,AFR,Africa,Country,CMR,Cameroon,Year,2008,false,,,,,,,,,,,,,14277,,,13300,,15300,14 277 [13 300-15 300],,,EN,2025-12-19T00:00:00.000Z
MALARIA_EST_DEATHS,Estimated number of malaria deaths,text,WPR,Western Pacific,Country,PHL,Philippines,Year,2008,false,,,,,,,,,,,,,144,,,60,,260,144 [60-260],,,EN,2025-12-19T00:00:00.000Z
MALARIA_EST_DEATHS,Estimated number of malaria deaths,text,AFR,Africa,Country,AGO,Angola,Year,2008,false,,,,,,,,,,,,,15039,,,12600,,18000,15 039 [12 600-18 000],,,EN,2025-12-19T00:00:00.000Z
MALARIA_EST_DEATHS,Estimated number of malaria deaths,text,AFR,Africa,Country,GHA,Ghana,Year,2008,false,,,,,,,,,,,,,15464,,,14900,,16100,15 464 [14 900-16 100],,,EN,2025-12-19T00:00:00.000Z
MALARIA_EST_DEATHS,Estimated number of malaria deaths,text,AFR,Africa,Country,NAM,Namibia,Year,2008,false,,,,,,,,,,,,,152,,,,,,152,,,EN,2025-12-19T00:00:00.000Z
MALARIA_EST_DEATHS,Estimated number of malaria deaths,text,AFR,Africa,Country,MDG,Madagascar,Year,2008,false,,,,,,,,,,,,,1546,,,550,,3360,1546 [550-3360],,,EN,2025-12-19T00:00:00.000Z
MALARIA_EST_DEATHS,Estimated number of malaria deaths,text,AFR,Africa,Country,STP,Sao Tome and Principe,Year,2008,false,,,,,,,,,,,,,16,,,,,,16,,,EN,2025-12-19T00:00:00.000Z
MALARIA_EST_DEATHS,Estimated number of malaria deaths,text,AFR,Africa,Country,SEN,Senegal,Year,2008,false,,,,,,,,,,,,,1609,,,650,,3010,1609 [650-3010],,,EN,2025-12-19T00:00:00.000Z
MALARIA_EST_DEATHS,Estimated number of malaria deaths,text,WPR,Western Pacific,Country,IDN,Indonesia,Year,2008,false,,,,,,,,,,,,,1723,,,820,,2900,1723 [820-2900],,,EN,2025-12-19T00:00:00.000Z
MALARIA_EST_DEATHS,Estimated number of malaria deaths,text,AFR,Africa,Country,ZWE,Zimbabwe,Year,2008,false,,,,,,,,,,,,,1763,,,280,,4260,1763 [280-4260],,,EN,2025-12-19T00:00:00.000Z
MALARIA_EST_DEATHS,Estimated number of malaria deaths,text,EMR,Eastern Mediterranean,Country,SOM,Somalia,Year,2008,false,,,,,,,,,,,,,1792,,,770,,3110,1792 [770-3110],,,EN,2025-12-19T00:00:00.000Z
MALARIA_EST_DEATHS,Estimated number of malaria deaths,text,AFR,Africa,Country,COG,Congo,Year,2008,false,,,,,,,,,,,,,1801,,,1720,,1900,1801 [1720-1900],,,EN,2025-12-19T00:00:00.000Z
MALARIA_EST_DEATHS,Estimated number of malaria deaths,text,WPR,Western Pacific,Country,SLB,Solomon Islands,Year,2008,false,,,,,,,,,,,,,182,,,81,,330,182 [81-330],,,EN,2025-12-19T00:00:00.000Z
MALARIA_EST_DEATHS,Estimated number of malaria deaths,text,AFR,Africa,Country,NER,Niger,Year,2008,false,,,,,,,,,,,,,19721,,,18300,,21200,19 721 [18 300-21 200],,,EN,2025-12-19T00:00:00.000Z
MALARIA_EST_DEATHS,Estimated number of malaria deaths,text,AFR,Africa,Country,MLI,Mali,Year,2008,false,,,,,,,,,,,,,19802,,,18600,,21100,19 802 [18 600-21 100],,,EN,2025-12-19T00:00:00.000Z
MALARIA_EST_DEATHS,Estimated number of malaria deaths,text,AFR,Africa,Country,MYT,Mayotte,Year,2008,false,,,,,,,,,,,,,198,,,198,,198,198 [198-198],,,EN,2025-12-19T00:00:00.000Z
MALARIA_EST_DEATHS,Estimated number of malaria deaths,text,EMR,Eastern Mediterranean,Country,AFG,Afghanistan,Year,2008,false,,,,,,,,,,,,,198,,,72,,410,198 [72-410],,,EN,2025-12-19T00:00:00.000Z
MALARIA_EST_DEATHS,Estimated number of malaria deaths,text,SEAR,South-East Asia,Country,BTN,Bhutan,Year,2008,false,,,,,,,,,,,,,2,,,,,,2,,,EN,2025-12-19T00:00:00.000Z
MALARIA_EST_DEATHS,Estimated number of malaria deaths,text,AFR,Africa,Country,CPV,Cabo Verde,Year,2008,false,,,,,,,,,,,,,2,,,,,,2,,,EN,2025-12-19T00:00:00.000Z
MALARIA_EST_DEATHS,Estimated number of malaria deaths,text,AMR,Americas,Country,GUF,French Guiana,Year,2008,false,,,,,,,,,,,,,2,,,,,,2,,,EN,2025-12-19T00:00:00.000Z
MALARIA_EST_DEATHS,Estimated number of malaria deaths,text,WPR,Western Pacific,Country,MYS,Malaysia,Year,2008,false,,,,,,,,,,,,,20,,,,,,20,,,EN,2025-12-19T00:00:00.000Z
MALARIA_EST_DEATHS,Estimated number of malaria deaths,text,AFR,Africa,Country,TZA,United Republic of Tanzania,Year,2008,false,,,,,,,,,,,,,21901,,,21200,,22700,21 901 [21 200-22 700],,,EN,2025-12-19T00:00:00.000Z
MALARIA_EST_DEATHS,Estimated number of malaria deaths,text,AFR,Africa,Country,NGA,Nigeria,Year,2008,false,,,,,,,,,,,,,220910,,,206000,,237000,220 910 [206 000-237 000],,,EN,2025-12-19T00:00:00.000Z
MALARIA_EST_DEATHS,Estimated number of malaria deaths,text,AMR,Americas,Country,HTI,Haiti,Year,2008,false,,,,,,,,,,,,,229,,,85,,460,229 [85-460],,,EN,2025-12-19T00:00:00.000Z
MALARIA_EST_DEATHS,Estimated number of malaria deaths,text,WPR,Western Pacific,Country,CHN,China,Year,2008,false,,,,,,,,,,,,,23,,,,,,23,,,EN,2025-12-19T00:00:00.000Z
MALARIA_EST_DEATHS,Estimated number of malaria deaths,text,AMR,Americas,Country,GUY,Guyana,Year,2008,false,,,,,,,,,,,,,23,,,11,,37,23 [11-37],,,EN,2025-12-19T00:00:00.000Z
MALARIA_EST_DEATHS,Estimated number of malaria deaths,text,AFR,Africa,Country,MOZ,Mozambique,Year,2008,false,,,,,,,,,,,,,23439,,,21700,,25400,23 439 [21 700-25 400],,,EN,2025-12-19T00:00:00.000Z
MALARIA_EST_DEATHS,Estimated number of malaria deaths,text,SEAR,South-East Asia,Country,IND,India,Year,2008,false,,,,,,,,,,,,,24413,,,11600,,41000,24 413 [11 600-41 000],,,EN,2025-12-19T00:00:00.000Z
MALARIA_EST_DEATHS,Estimated number of malaria deaths,text,WPR,Western Pacific,Country,VNM,Viet Nam,Year,2008,false,,,,,,,,,,,,,25,,,,,,25,,,EN,2025-12-19T00:00:00.000Z
MALARIA_EST_DEATHS,Estimated number of malaria deaths,text,SEAR,South-East Asia,Country,NPL,Nepal,Year,2008,false,,,,,,,,,,,,,25,,,7,,66,25 [7-66],,,EN,2025-12-19T00:00:00.000Z
MALARIA_EST_DEATHS,Estimated number of malaria deaths,text,WPR,Western Pacific,Country,PNG,Papua New Guinea,Year,2008,false,,,,,,,,,,,,,2508,,,630,,5660,2508 [630-5660],,,EN,2025-12-19T00:00:00.000Z
MALARIA_EST_DEATHS,Estimated number of malaria deaths,text,AMR,Americas,Country,VEN,Venezuela (Bolivarian Republic of),Year,2008,false,,,,,,,,,,,,,26,,,13,,41,26 [13-41],,,EN,2025-12-19T00:00:00.000Z
MALARIA_EST_DEATHS,Estimated number of malaria deaths,text,AFR,Africa,Country,UGA,Uganda,Year,2008,false,,,,,,,,,,,,,26930,,,25500,,28400,26 930 [25 500-28 400],,,EN,2025-12-19T00:00:00.000Z
MALARIA_EST_DEATHS,Estimated number of malaria deaths,text,SEAR,South-East Asia,Country,BGD,Bangladesh,Year,2008,false,,,,,,,,,,,,,264,,,120,,440,264 [120-440],,,EN,2025-12-19T00:00:00.000Z
MALARIA_EST_DEATHS,Estimated number of malaria deaths,text,SEAR,South-East Asia,Country,TLS,Timor-Leste,Year,2008,false,,,,,,,,,,,,,271,,,120,,480,271 [120-480],,,EN,2025-12-19T00:00:00.000Z
MALARIA_EST_DEATHS,Estimated number of malaria deaths,text,AFR,Africa,Country,GAB,Gabon,Year,2008,false,,,,,,,,,,,,,282,,,270,,300,282 [270-300],,,EN,2025-12-19T00:00:00.000Z
MALARIA_EST_DEATHS,Estimated number of malaria deaths,text,EMR,Eastern Mediterranean,Country,IRN,Iran (Islamic Republic of),Year,2008,false,,,,,,,,,,,,,3,,,,,,3,,,EN,2025-12-19T00:00:00.000Z
MALARIA_EST_DEATHS,Estimated number of malaria deaths,text,AMR,Americas,Country,GTM,Guatemala,Year,2008,false,,,,,,,,,,,,,3,,,1,,5,3 [1-5],,,EN,2025-12-19T00:00:00.000Z
MALARIA_EST_DEATHS,Estimated number of malaria deaths,text,AFR,Africa,Country,CIV,Cote d'Ivoire,Year,2008,false,,,,,,,,,,,,,30478,,,28400,,32700,30 478 [28 400-32 700],,,EN,2025-12-19T00:00:00.000Z
MALARIA_EST_DEATHS,Estimated number of malaria deaths,text,AFR,Africa,Country,RWA,Rwanda,Year,2008,false,,,,,,,,,,,,,3007,,,2920,,3100,3007 [2920-3100],,,EN,2025-12-19T00:00:00.000Z
MALARIA_EST_DEATHS,Estimated number of malaria deaths,text,EMR,Eastern Mediterranean,Country,SDN,Sudan,Year,2008,false,,,,,,,,,,,,,3200,,,1390,,5490,3200 [1390-5490],,,EN,2025-12-19T00:00:00.000Z
MALARIA_EST_DEATHS,Estimated number of malaria deaths,text,SEAR,South-East Asia,Country,MMR,Myanmar,Year,2008,false,,,,,,,,,,,,,3223,,,1470,,5760,3223 [1470-5760],,,EN,2025-12-19T00:00:00.000Z
MALARIA_EST_DEATHS,Estimated number of malaria deaths,text,AMR,Americas,Country,PER,Peru,Year,2008,false,,,,,,,,,,,,,34,,,17,,53,34 [17-53],,,EN,2025-12-19T00:00:00.000Z
MALARIA_EST_DEATHS,Estimated number of malaria deaths,text,AFR,Africa,Country,LBR,Liberia,Year,2008,false,,,,,,,,,,,,,3559,,,3330,,3800,3559 [3330-3800],,,EN,2025-12-19T00:00:00.000Z
MALARIA_EST_DEATHS,Estimated number of malaria deaths,text,AFR,Africa,Country,BFA,Burkina Faso,Year,2008,false,,,,,,,,,,,,,36065,,,33200,,39100,36 065 [33 200-39 100],,,EN,2025-12-19T00:00:00.000Z
MALARIA_EST_DEATHS,Estimated number of malaria deaths,text,WPR,Western Pacific,Country,VUT,Vanuatu,Year,2008,false,,,,,,,,,,,,,37,,,12,,170,37 [12-170],,,EN,2025-12-19T00:00:00.000Z
MALARIA_EST_DEATHS,Estimated number of malaria deaths,text,AFR,Africa,Country,ERI,Eritrea,Year,2008,false,,,,,,,,,,,,,37,,,15,,70,37 [15-70],,,EN,2025-12-19T00:00:00.000Z
MALARIA_EST_DEATHS,Estimated number of malaria deaths,text,AFR,Africa,Country,ZAF,South Africa,Year,2008,false,,,,,,,,,,,,,43,,,,,,43,,,EN,2025-12-19T00:00:00.000Z
MALARIA_EST_DEATHS,Estimated number of malaria deaths,text,AFR,Africa,Country,TGO,Togo,Year,2008,false,,,,,,,,,,,,,4828,,,4530,,5150,4828 [4530-5150],,,EN,2025-12-19T00:00:00.000Z
MALARIA_EST_DEATHS,Estimated number of malaria deaths,text,AFR,Africa,Country,BDI,Burundi,Year,2008,false,,,,,,,,,,,,,4935,,,4620,,5290,4935 [4620-5290],,,EN,2025-12-19T00:00:00.000Z
MALARIA_EST_DEATHS,Estimated number of malaria deaths,text,WPR,Western Pacific,Country,KHM,Cambodia,Year,2008,false,,,,,,,,,,,,,497,,,220,,880,497 [220-880],,,EN,2025-12-19T00:00:00.000Z
MALARIA_EST_DEATHS,Estimated number of malaria deaths,text,AMR,Americas,Country,ECU,Ecuador,Year,2008,false,,,,,,,,,,,,,5,,,,,,5,,,EN,2025-12-19T00:00:00.000Z
MALARIA_EST_DEATHS,Estimated number of malaria deaths,text,EMR,Eastern Mediterranean,Country,DJI,Djibouti,Year,2008,false,,,,,,,,,,,,,5,,,1,,9,5 [1-9],,,EN,2025-12-19T00:00:00.000Z
MALARIA_EST_DEATHS,Estimated number of malaria deaths,text,AFR,Africa,Country,GMB,Gambia,Year,2008,false,,,,,,,,,,,,,513,,,500,,530,513 [500-530],,,EN,2025-12-19T00:00:00.000Z
MALARIA_EST_DEATHS,Estimated number of malaria deaths,text,AMR,Americas,Country,COL,Colombia,Year,2008,false,,,,,,,,,,,,,54,,,,,,54,,,EN,2025-12-19T00:00:00.000Z
MALARIA_EST_DEATHS,Estimated number of malaria deaths,text,AFR,Africa,Country,GNQ,Equatorial Guinea,Year,2008,false,,,,,,,,,,,,,568,,,520,,620,568 [520-620],,,EN,2025-12-19T00:00:00.000Z
MALARIA_EST_DEATHS,Estimated number of malaria deaths,text,AMR,Americas,Country,HND,Honduras,Year,2008,false,,,,,,,,,,,,,6,,,2,,10,6 [2-10],,,EN,2025-12-19T00:00:00.000Z
MALARIA_EST_DEATHS,Estimated number of malaria deaths,text,AMR,Americas,Country,BOL,Bolivia (Plurinational State of),Year,2008,false,,,,,,,,,,,,,6,,,2,,11,6 [2-11],,,EN,2025-12-19T00:00:00.000Z
MALARIA_EST_DEATHS,Estimated number of malaria deaths,text,AFR,Africa,Country,MRT,Mauritania,Year,2008,false,,,,,,,,,,,,,622,,,600,,650,622 [600-650],,,EN,2025-12-19T00:00:00.000Z
MALARIA_EST_DEATHS,Estimated number of malaria deaths,text,AFR,Africa,Country,ZMB,Zambia,Year,2008,false,,,,,,,,,,,,,6278,,,6070,,6510,6278 [6070-6510],,,EN,2025-12-19T00:00:00.000Z
MALARIA_EST_DEATHS,Estimated number of malaria deaths,text,AFR,Africa,Country,CAF,Central African Republic,Year,2008,false,,,,,,,,,,,,,6334,,,5720,,6990,6334 [5720-6990],,,EN,2025-12-19T00:00:00.000Z
MALARIA_EST_DEATHS,Estimated number of malaria deaths,text,EMR,Eastern Mediterranean,Country,PAK,Pakistan,Year,2008,false,,,,,,,,,,,,,679,,,190,,1940,679 [190-1940],,,EN,2025-12-19T00:00:00.000Z
MALARIA_EST_DEATHS,Estimated number of malaria deaths,text,AMR,Americas,Country,BRA,Brazil,Year,2008,false,,,,,,,,,,,,,68,,,,,,68,,,EN,2025-12-19T00:00:00.000Z
MALARIA_EST_DEATHS,Estimated number of malaria deaths,text,AFR,Africa,Country,SSD,South Sudan,Year,2008,false,,,,,,,,,,,,,7357,,,6100,,8840,7357 [6100-8840],,,EN,2025-12-19T00:00:00.000Z
MALARIA_EST_DEATHS,Estimated number of malaria deaths,text,AFR,Africa,Country,GNB,Guinea-Bissau,Year,2008,false,,,,,,,,,,,,,806,,,750,,870,806 [750-870],,,EN,2025-12-19T00:00:00.000Z
MALARIA_EST_DEATHS,Estimated number of malaria deaths,text,AFR,Africa,Country,COM,Comoros,Year,2008,false,,,,,,,,,,,,,89,,,30,,180,89 [30-180],,,EN,2025-12-19T00:00:00.000Z
MALARIA_EST_DEATHS,Estimated number of malaria deaths,text,AFR,Africa,Country,KEN,Kenya,Year,2008,false,,,,,,,,,,,,,9301,,,9080,,9540,9301 [9080-9540],,,EN,2025-12-19T00:00:00.000Z
MALARIA_EST_DEATHS,Estimated number of malaria deaths,text,AFR,Africa,Country,COD,Democratic Republic of the Congo,Year,2008,false,,,,,,,,,,,,,96965,,,85000,,110000,96 965 [85 000-110 000],,,EN,2025-12-19T00:00:00.000Z
MALARIA_EST_DEATHS,Estimated number of malaria deaths,text,AFR,Africa,Country,DZA,Algeria,Year,2007,false,,,,,,,,,,,,,0,,,,,,0,,,EN,2025-12-19T00:00:00.000Z
MALARIA_EST_DEATHS,Estimated number of malaria deaths,text,AMR,Americas,Country,ARG,Argentina,Year,2007,false,,,,,,,,,,,,,0,,,,,,0,,,EN,2025-12-19T00:00:00.000Z
MALARIA_EST_DEATHS,Estimated number of malaria deaths,text,EUR,Europe,Country,ARM,Armenia,Year,2007,false,,,,,,,,,,,,,0,,,,,,0,,,EN,2025-12-19T00:00:00.000Z
MALARIA_EST_DEATHS,Estimated number of malaria deaths,text,EUR,Europe,Country,AZE,Azerbaijan,Year,2007,false,,,,,,,,,,,,,0,,,,,,0,,,EN,2025-12-19T00:00:00.000Z
MALARIA_EST_DEATHS,Estimated number of malaria deaths,text,AMR,Americas,Country,BLZ,Belize,Year,2007,false,,,,,,,,,,,,,0,,,,,,0,,,EN,2025-12-19T00:00:00.000Z
MALARIA_EST_DEATHS,Estimated number of malaria deaths,text,AMR,Americas,Country,CRI,Costa Rica,Year,2007,false,,,,,,,,,,,,,0,,,,,,0,,,EN,2025-12-19T00:00:00.000Z
MALARIA_EST_DEATHS,Estimated number of malaria deaths,text,SEAR,South-East Asia,Country,PRK,Democratic People's Republic of Korea,Year,2007,false,,,,,,,,,,,,,0,,,,,,0,,,EN,2025-12-19T00:00:00.000Z
MALARIA_EST_DEATHS,Estimated number of malaria deaths,text,EMR,Eastern Mediterranean,Country,EGY,Egypt,Year,2007,false,,,,,,,,,,,,,0,,,,,,0,,,EN,2025-12-19T00:00:00.000Z
MALARIA_EST_DEATHS,Estimated number of malaria deaths,text,AMR,Americas,Country,SLV,El Salvador,Year,2007,false,,,,,,,,,,,,,0,,,,,,0,,,EN,2025-12-19T00:00:00.000Z
MALARIA_EST_DEATHS,Estimated number of malaria deaths,text,EUR,Europe,Country,GEO,Georgia,Year,2007,false,,,,,,,,,,,,,0,,,,,,0,,,EN,2025-12-19T00:00:00.000Z
MALARIA_EST_DEATHS,Estimated number of malaria deaths,text,EMR,Eastern Mediterranean,Country,IRQ,Iraq,Year,2007,false,,,,,,,,,,,,,0,,,,,,0,,,EN,2025-12-19T00:00:00.000Z
MALARIA_EST_DEATHS,Estimated number of malaria deaths,text,EUR,Europe,Country,KAZ,Kazakhstan,Year,2007,false,,,,,,,,,,,,,0,,,,,,0,,,EN,2025-12-19T00:00:00.000Z
MALARIA_EST_DEATHS,Estimated number of malaria deaths,text,EUR,Europe,Country,KGZ,Kyrgyzstan,Year,2007,false,,,,,,,,,,,,,0,,,,,,0,,,EN,2025-12-19T00:00:00.000Z
MALARIA_EST_DEATHS,Estimated number of malaria deaths,text,AMR,Americas,Country,MEX,Mexico,Year,2007,false,,,,,,,,,,,,,0,,,,,,0,,,EN,2025-12-19T00:00:00.000Z
MALARIA_EST_DEATHS,Estimated number of malaria deaths,text,EMR,Eastern Mediterranean,Country,MAR,Morocco,Year,2007,false,,,,,,,,,,,,,0,,,,,,0,,,EN,2025-12-19T00:00:00.000Z
MALARIA_EST_DEATHS,Estimated number of malaria deaths,text,AMR,Americas,Country,NIC,Nicaragua,Year,2007,false,,,,,,,,,,,,,0,,,,,,0,,,EN,2025-12-19T00:00:00.000Z
MALARIA_EST_DEATHS,Estimated number of malaria deaths,text,EMR,Eastern Mediterranean,Country,OMN,Oman,Year,2007,false,,,,,,,,,,,,,0,,,,,,0,,,EN,2025-12-19T00:00:00.000Z
MALARIA_EST_DEATHS,Estimated number of malaria deaths,text,AMR,Americas,Country,PRY,Paraguay,Year,2007,false,,,,,,,,,,,,,0,,,,,,0,,,EN,2025-12-19T00:00:00.000Z
MALARIA_EST_DEATHS,Estimated number of malaria deaths,text,EMR,Eastern Mediterranean,Country,SAU,Saudi Arabia,Year,2007,false,,,,,,,,,,,,,0,,,,,,0,,,EN,2025-12-19T00:00:00.000Z
MALARIA_EST_DEATHS,Estimated number of malaria deaths,text,EMR,Eastern Mediterranean,Country,SYR,Syrian Arab Republic,Year,2007,false,,,,,,,,,,,,,0,,,,,,0,,,EN,2025-12-19T00:00:00.000Z
MALARIA_EST_DEATHS,Estimated number of malaria deaths,text,EUR,Europe,Country,TUR,Türkiye,Year,2007,false,,,,,,,,,,,,,0,,,,,,0,,,EN,2025-12-19T00:00:00.000Z
MALARIA_EST_DEATHS,Estimated number of malaria deaths,text,EUR,Europe,Country,TJK,Tajikistan,Year,2007,false,,,,,,,,,,,,,0,,,,,,0,,,EN,2025-12-19T00:00:00.000Z
MALARIA_EST_DEATHS,Estimated number of malaria deaths,text,EUR,Europe,Country,TKM,Turkmenistan,Year,2007,false,,,,,,,,,,,,,0,,,,,,0,,,EN,2025-12-19T00:00:00.000Z
MALARIA_EST_DEATHS,Estimated number of malaria deaths,text,EMR,Eastern Mediterranean,Country,ARE,United Arab Emirates,Year,2007,false,,,,,,,,,,,,,0,,,,,,0,,,EN,2025-12-19T00:00:00.000Z
MALARIA_EST_DEATHS,Estimated number of malaria deaths,text,EUR,Europe,Country,UZB,Uzbekistan,Year,2007,false,,,,,,,,,,,,,0,,,,,,0,,,EN,2025-12-19T00:00:00.000Z
MALARIA_EST_DEATHS,Estimated number of malaria deaths,text,AMR,Americas,Country,PAN,Panama,Year,2007,false,,,,,,,,,,,,,1,,,,,,1,,,EN,2025-12-19T00:00:00.000Z
MALARIA_EST_DEATHS,Estimated number of malaria deaths,text,WPR,Western Pacific,Country,KOR,Republic of Korea,Year,2007,false,,,,,,,,,,,,,1,,,,,,1,,,EN,2025-12-19T00:00:00.000Z
MALARIA_EST_DEATHS,Estimated number of malaria deaths,text,SEAR,South-East Asia,Country,LKA,Sri Lanka,Year,2007,false,,,,,,,,,,,,,1,,,,,,1,,,EN,2025-12-19T00:00:00.000Z
MALARIA_EST_DEATHS,Estimated number of malaria deaths,text,AMR,Americas,Country,SUR,Suriname,Year,2007,false,,,,,,,,,,,,,1,,,,,,1,,,EN,2025-12-19T00:00:00.000Z
MALARIA_EST_DEATHS,Estimated number of malaria deaths,text,AMR,Americas,Country,BOL,Bolivia (Plurinational State of),Year,2007,false,,,,,,,,,,,,,11,,,5,,19,11 [5-19],,,EN,2025-12-19T00:00:00.000Z
MALARIA_EST_DEATHS,Estimated number of malaria deaths,text,AFR,Africa,Country,MWI,Malawi,Year,2007,false,,,,,,,,,,,,,11018,,,10500,,11600,11 018 [10 500-11 600],,,EN,2025-12-19T00:00:00.000Z
MALARIA_EST_DEATHS,Estimated number of malaria deaths,text,AFR,Africa,Country,TCD,Chad,Year,2007,false,,,,,,,,,,,,,11386,,,10600,,12200,11 386 [10 600-12 200],,,EN,2025-12-19T00:00:00.000Z
MALARIA_EST_DEATHS,Estimated number of malaria deaths,text,AFR,Africa,Country,SLE,Sierra Leone,Year,2007,false,,,,,,,,,,,,,11874,,,11100,,12700,11 874 [11 100-12 700],,,EN,2025-12-19T00:00:00.000Z
MALARIA_EST_DEATHS,Estimated number of malaria deaths,text,AFR,Africa,Country,COD,Democratic Republic of the Congo,Year,2007,false,,,,,,,,,,,,,114113,,,101000,,128000,114 113 [101 000-128 000],,,EN,2025-12-19T00:00:00.000Z
MALARIA_EST_DEATHS,Estimated number of malaria deaths,text,WPR,Western Pacific,Country,LAO,Lao People's Democratic Republic,Year,2007,false,,,,,,,,,,,,,115,,,45,,220,115 [45-220],,,EN,2025-12-19T00:00:00.000Z
MALARIA_EST_DEATHS,Estimated number of malaria deaths,text,AFR,Africa,Country,ETH,Ethiopia,Year,2007,false,,,,,,,,,,,,,12409,,,3000,,40500,12 409 [3000-40 500],,,EN,2025-12-19T00:00:00.000Z
MALARIA_EST_DEATHS,Estimated number of malaria deaths,text,AFR,Africa,Country,BEN,Benin,Year,2007,false,,,,,,,,,,,,,14084,,,13200,,15000,14 084 [13 200-15 000],,,EN,2025-12-19T00:00:00.000Z
MALARIA_EST_DEATHS,Estimated number of malaria deaths,text,AFR,Africa,Country,GHA,Ghana,Year,2007,false,,,,,,,,,,,,,14904,,,14400,,15500,14 904 [14 400-15 500],,,EN,2025-12-19T00:00:00.000Z
MALARIA_EST_DEATHS,Estimated number of malaria deaths,text,WPR,Western Pacific,Country,MYS,Malaysia,Year,2007,false,,,,,,,,,,,,,15,,,,,,15,,,EN,2025-12-19T00:00:00.000Z
MALARIA_EST_DEATHS,Estimated number of malaria deaths,text,AFR,Africa,Country,MDG,Madagascar,Year,2007,false,,,,,,,,,,,,,1540,,,380,,3550,1540 [380-3550],,,EN,2025-12-19T00:00:00.000Z
MALARIA_EST_DEATHS,Estimated number of malaria deaths,text,AFR,Africa,Country,CMR,Cameroon,Year,2007,false,,,,,,,,,,,,,16876,,,15700,,18100,16 876 [15 700-18 100],,,EN,2025-12-19T00:00:00.000Z
MALARIA_EST_DEATHS,Estimated number of malaria deaths,text,AMR,Americas,Country,DOM,Dominican Republic,Year,2007,false,,,,,,,,,,,,,17,,,,,,17,,,EN,2025-12-19T00:00:00.000Z
MALARIA_EST_DEATHS,Estimated number of malaria deaths,text,AFR,Africa,Country,SWZ,Eswatini,Year,2007,false,,,,,,,,,,,,,17,,,,,,17,,,EN,2025-12-19T00:00:00.000Z
MALARIA_EST_DEATHS,Estimated number of malaria deaths,text,AFR,Africa,Country,AGO,Angola,Year,2007,false,,,,,,,,,,,,,17620,,,15000,,20800,17 620 [15 000-20 800],,,EN,2025-12-19T00:00:00.000Z
MALARIA_EST_DEATHS,Estimated number of malaria deaths,text,WPR,Western Pacific,Country,IDN,Indonesia,Year,2007,false,,,,,,,,,,,,,1701,,,810,,2890,1701 [810-2890],,,EN,2025-12-19T00:00:00.000Z
MALARIA_EST_DEATHS,Estimated number of malaria deaths,text,WPR,Western Pacific,Country,CHN,China,Year,2007,false,,,,,,,,,,,,,18,,,,,,18,,,EN,2025-12-19T00:00:00.000Z
MALARIA_EST_DEATHS,Estimated number of malaria deaths,text,AFR,Africa,Country,NER,Niger,Year,2007,false,,,,,,,,,,,,,18725,,,17500,,20100,18 725 [17 500-20 100],,,EN,2025-12-19T00:00:00.000Z
MALARIA_EST_DEATHS,Estimated number of malaria deaths,text,AFR,Africa,Country,NAM,Namibia,Year,2007,false,,,,,,,,,,,,,181,,,,,,181,,,EN,2025-12-19T00:00:00.000Z
MALARIA_EST_DEATHS,Estimated number of malaria deaths,text,AMR,Americas,Country,HTI,Haiti,Year,2007,false,,,,,,,,,,,,,187,,,70,,370,187 [70-370],,,EN,2025-12-19T00:00:00.000Z
MALARIA_EST_DEATHS,Estimated number of malaria deaths,text,AFR,Africa,Country,COG,Congo,Year,2007,false,,,,,,,,,,,,,1920,,,1820,,2020,1920 [1820-2020],,,EN,2025-12-19T00:00:00.000Z
MALARIA_EST_DEATHS,Estimated number of malaria deaths,text,SEAR,South-East Asia,Country,BTN,Bhutan,Year,2007,false,,,,,,,,,,,,,2,,,,,,2,,,EN,2025-12-19T00:00:00.000Z
MALARIA_EST_DEATHS,Estimated number of malaria deaths,text,AFR,Africa,Country,CPV,Cabo Verde,Year,2007,false,,,,,,,,,,,,,2,,,,,,2,,,EN,2025-12-19T00:00:00.000Z
MALARIA_EST_DEATHS,Estimated number of malaria deaths,text,AMR,Americas,Country,GUY,Guyana,Year,2007,false,,,,,,,,,,,,,20,,,9,,31,20 [9-31],,,EN,2025-12-19T00:00:00.000Z
MALARIA_EST_DEATHS,Estimated number of malaria deaths,text,AFR,Africa,Country,MLI,Mali,Year,2007,false,,,,,,,,,,,,,20353,,,19100,,21600,20 353 [19 100-21 600],,,EN,2025-12-19T00:00:00.000Z
MALARIA_EST_DEATHS,Estimated number of malaria deaths,text,EMR,Eastern Mediterranean,Country,YEM,Yemen,Year,2007,false,,,,,,,,,,,,,2117,,,730,,5300,2117 [730-5300],,,EN,2025-12-19T00:00:00.000Z
MALARIA_EST_DEATHS,Estimated number of malaria deaths,text,WPR,Western Pacific,Country,PHL,Philippines,Year,2007,false,,,,,,,,,,,,,218,,,91,,390,218 [91-390],,,EN,2025-12-19T00:00:00.000Z
MALARIA_EST_DEATHS,Estimated number of malaria deaths,text,SEAR,South-East Asia,Country,TLS,Timor-Leste,Year,2007,false,,,,,,,,,,,,,226,,,99,,380,226 [99-380],,,EN,2025-12-19T00:00:00.000Z
MALARIA_EST_DEATHS,Estimated number of malaria deaths,text,AFR,Africa,Country,TZA,United Republic of Tanzania,Year,2007,false,,,,,,,,,,,,,23310,,,22500,,24200,23 310 [22 500-24 200],,,EN,2025-12-19T00:00:00.000Z
MALARIA_EST_DEATHS,Estimated number of malaria deaths,text,AFR,Africa,Country,NGA,Nigeria,Year,2007,false,,,,,,,,,,,,,231657,,,216000,,248000,231 657 [216 000-248 000],,,EN,2025-12-19T00:00:00.000Z
MALARIA_EST_DEATHS,Estimated number of malaria deaths,text,EMR,Eastern Mediterranean,Country,AFG,Afghanistan,Year,2007,false,,,,,,,,,,,,,236,,,88,,490,236 [88-490],,,EN,2025-12-19T00:00:00.000Z
MALARIA_EST_DEATHS,Estimated number of malaria deaths,text,SEAR,South-East Asia,Country,IND,India,Year,2007,false,,,,,,,,,,,,,24044,,,11700,,40500,24 044 [11 700-40 500],,,EN,2025-12-19T00:00:00.000Z
MALARIA_EST_DEATHS,Estimated number of malaria deaths,text,AFR,Africa,Country,MOZ,Mozambique,Year,2007,false,,,,,,,,,,,,,24956,,,23100,,27000,24 956 [23 100-27 000],,,EN,2025-12-19T00:00:00.000Z
MALARIA_EST_DEATHS,Estimated number of malaria deaths,text,SEAR,South-East Asia,Country,MMR,Myanmar,Year,2007,false,,,,,,,,,,,,,2560,,,1140,,4650,2560 [1140-4650],,,EN,2025-12-19T00:00:00.000Z
MALARIA_EST_DEATHS,Estimated number of malaria deaths,text,AFR,Africa,Country,UGA,Uganda,Year,2007,false,,,,,,,,,,,,,26344,,,25000,,27800,26 344 [25 000-27 800],,,EN,2025-12-19T00:00:00.000Z
MALARIA_EST_DEATHS,Estimated number of malaria deaths,text,SEAR,South-East Asia,Country,BGD,Bangladesh,Year,2007,false,,,,,,,,,,,,,263,,,110,,490,263 [110-490],,,EN,2025-12-19T00:00:00.000Z
MALARIA_EST_DEATHS,Estimated number of malaria deaths,text,AFR,Africa,Country,GAB,Gabon,Year,2007,false,,,,,,,,,,,,,263,,,250,,280,263 [250-280],,,EN,2025-12-19T00:00:00.000Z
MALARIA_EST_DEATHS,Estimated number of malaria deaths,text,WPR,Western Pacific,Country,PNG,Papua New Guinea,Year,2007,false,,,,,,,,,,,,,2692,,,690,,6000,2692 [690-6000],,,EN,2025-12-19T00:00:00.000Z
MALARIA_EST_DEATHS,Estimated number of malaria deaths,text,EMR,Eastern Mediterranean,Country,SOM,Somalia,Year,2007,false,,,,,,,,,,,,,2779,,,1190,,4810,2779 [1190-4810],,,EN,2025-12-19T00:00:00.000Z
MALARIA_EST_DEATHS,Estimated number of malaria deaths,text,AFR,Africa,Country,CIV,Cote d'Ivoire,Year,2007,false,,,,,,,,,,,,,29345,,,27400,,31500,29 345 [27 400-31 500],,,EN,2025-12-19T00:00:00.000Z
MALARIA_EST_DEATHS,Estimated number of malaria deaths,text,AFR,Africa,Country,MYT,Mayotte,Year,2007,false,,,,,,,,,,,,,292,,,292,,292,292 [292-292],,,EN,2025-12-19T00:00:00.000Z
MALARIA_EST_DEATHS,Estimated number of malaria deaths,text,EMR,Eastern Mediterranean,Country,IRN,Iran (Islamic Republic of),Year,2007,false,,,,,,,,,,,,,3,,,,,,3,,,EN,2025-12-19T00:00:00.000Z
MALARIA_EST_DEATHS,Estimated number of malaria deaths,text,AFR,Africa,Country,STP,Sao Tome and Principe,Year,2007,false,,,,,,,,,,,,,3,,,,,,3,,,EN,2025-12-19T00:00:00.000Z
MALARIA_EST_DEATHS,Estimated number of malaria deaths,text,AFR,Africa,Country,RWA,Rwanda,Year,2007,false,,,,,,,,,,,,,3056,,,2970,,3150,3056 [2970-3150],,,EN,2025-12-19T00:00:00.000Z
MALARIA_EST_DEATHS,Estimated number of malaria deaths,text,WPR,Western Pacific,Country,SLB,Solomon Islands,Year,2007,false,,,,,,,,,,,,,310,,,140,,570,310 [140-570],,,EN,2025-12-19T00:00:00.000Z
MALARIA_EST_DEATHS,Estimated number of malaria deaths,text,AFR,Africa,Country,LBR,Liberia,Year,2007,false,,,,,,,,,,,,,3157,,,2970,,3360,3157 [2970-3360],,,EN,2025-12-19T00:00:00.000Z
MALARIA_EST_DEATHS,Estimated number of malaria deaths,text,AFR,Africa,Country,BFA,Burkina Faso,Year,2007,false,,,,,,,,,,,,,33345,,,30900,,36000,33 345 [30 900-36 000],,,EN,2025-12-19T00:00:00.000Z
MALARIA_EST_DEATHS,Estimated number of malaria deaths,text,AFR,Africa,Country,SEN,Senegal,Year,2007,false,,,,,,,,,,,,,3514,,,3440,,3600,3514 [3440-3600],,,EN,2025-12-19T00:00:00.000Z
MALARIA_EST_DEATHS,Estimated number of malaria deaths,text,WPR,Western Pacific,Country,VUT,Vanuatu,Year,2007,false,,,,,,,,,,,,,36,,,14,,160,36 [14-160],,,EN,2025-12-19T00:00:00.000Z
MALARIA_EST_DEATHS,Estimated number of malaria deaths,text,AFR,Africa,Country,ZAF,South Africa,Year,2007,false,,,,,,,,,,,,,37,,,,,,37,,,EN,2025-12-19T00:00:00.000Z
MALARIA_EST_DEATHS,Estimated number of malaria deaths,text,AMR,Americas,Country,VEN,Venezuela (Bolivarian Republic of),Year,2007,false,,,,,,,,,,,,,37,,,19,,57,37 [19-57],,,EN,2025-12-19T00:00:00.000Z
MALARIA_EST_DEATHS,Estimated number of malaria deaths,text,EMR,Eastern Mediterranean,Country,SDN,Sudan,Year,2007,false,,,,,,,,,,,,,3781,,,1620,,6590,3781 [1620-6590],,,EN,2025-12-19T00:00:00.000Z
MALARIA_EST_DEATHS,Estimated number of malaria deaths,text,SEAR,South-East Asia,Country,NPL,Nepal,Year,2007,false,,,,,,,,,,,,,39,,,12,,96,39 [12-96],,,EN,2025-12-19T00:00:00.000Z
MALARIA_EST_DEATHS,Estimated number of malaria deaths,text,WPR,Western Pacific,Country,KHM,Cambodia,Year,2007,false,,,,,,,,,,,,,394,,,180,,710,394 [180-710],,,EN,2025-12-19T00:00:00.000Z
MALARIA_EST_DEATHS,Estimated number of malaria deaths,text,AMR,Americas,Country,PER,Peru,Year,2007,false,,,,,,,,,,,,,43,,,22,,68,43 [22-68],,,EN,2025-12-19T00:00:00.000Z
MALARIA_EST_DEATHS,Estimated number of malaria deaths,text,AFR,Africa,Country,ZWE,Zimbabwe,Year,2007,false,,,,,,,,,,,,,4326,,,1370,,9220,4326 [1370-9220],,,EN,2025-12-19T00:00:00.000Z
MALARIA_EST_DEATHS,Estimated number of malaria deaths,text,AFR,Africa,Country,GMB,Gambia,Year,2007,false,,,,,,,,,,,,,491,,,480,,510,491 [480-510],,,EN,2025-12-19T00:00:00.000Z
MALARIA_EST_DEATHS,Estimated number of malaria deaths,text,AMR,Americas,Country,GUF,French Guiana,Year,2007,false,,,,,,,,,,,,,5,,,,,,5,,,EN,2025-12-19T00:00:00.000Z
MALARIA_EST_DEATHS,Estimated number of malaria deaths,text,EMR,Eastern Mediterranean,Country,DJI,Djibouti,Year,2007,false,,,,,,,,,,,,,5,,,1,,9,5 [1-9],,,EN,2025-12-19T00:00:00.000Z
MALARIA_EST_DEATHS,Estimated number of malaria deaths,text,WPR,Western Pacific,Country,VNM,Viet Nam,Year,2007,false,,,,,,,,,,,,,53,,,25,,86,53 [25-86],,,EN,2025-12-19T00:00:00.000Z
MALARIA_EST_DEATHS,Estimated number of malaria deaths,text,AFR,Africa,Country,BDI,Burundi,Year,2007,false,,,,,,,,,,,,,5559,,,5180,,5990,5559 [5180-5990],,,EN,2025-12-19T00:00:00.000Z
MALARIA_EST_DEATHS,Estimated number of malaria deaths,text,AFR,Africa,Country,TGO,Togo,Year,2007,false,,,,,,,,,,,,,5790,,,5430,,6180,5790 [5430-6180],,,EN,2025-12-19T00:00:00.000Z
MALARIA_EST_DEATHS,Estimated number of malaria deaths,text,AFR,Africa,Country,GNQ,Equatorial Guinea,Year,2007,false,,,,,,,,,,,,,588,,,540,,640,588 [540-640],,,EN,2025-12-19T00:00:00.000Z
MALARIA_EST_DEATHS,Estimated number of malaria deaths,text,AFR,Africa,Country,BWA,Botswana,Year,2007,false,,,,,,,,,,,,,6,,,,,,6,,,EN,2025-12-19T00:00:00.000Z
MALARIA_EST_DEATHS,Estimated number of malaria deaths,text,AMR,Americas,Country,GTM,Guatemala,Year,2007,false,,,,,,,,,,,,,6,,,2,,11,6 [2-11],,,EN,2025-12-19T00:00:00.000Z
MALARIA_EST_DEATHS,Estimated number of malaria deaths,text,AFR,Africa,Country,ERI,Eritrea,Year,2007,false,,,,,,,,,,,,,60,,,25,,110,60 [25-110],,,EN,2025-12-19T00:00:00.000Z
MALARIA_EST_DEATHS,Estimated number of malaria deaths,text,AFR,Africa,Country,MRT,Mauritania,Year,2007,false,,,,,,,,,,,,,608,,,590,,630,608 [590-630],,,EN,2025-12-19T00:00:00.000Z
MALARIA_EST_DEATHS,Estimated number of malaria deaths,text,AFR,Africa,Country,ZMB,Zambia,Year,2007,false,,,,,,,,,,,,,6398,,,6180,,6630,6398 [6180-6630],,,EN,2025-12-19T00:00:00.000Z
MALARIA_EST_DEATHS,Estimated number of malaria deaths,text,AFR,Africa,Country,CAF,Central African Republic,Year,2007,false,,,,,,,,,,,,,6496,,,5890,,7150,6496 [5890-7150],,,EN,2025-12-19T00:00:00.000Z
MALARIA_EST_DEATHS,Estimated number of malaria deaths,text,AMR,Americas,Country,COL,Colombia,Year,2007,false,,,,,,,,,,,,,68,,,,,,68,,,EN,2025-12-19T00:00:00.000Z
MALARIA_EST_DEATHS,Estimated number of malaria deaths,text,AMR,Americas,Country,HND,Honduras,Year,2007,false,,,,,,,,,,,,,7,,,3,,13,7 [3-13],,,EN,2025-12-19T00:00:00.000Z
MALARIA_EST_DEATHS,Estimated number of malaria deaths,text,AFR,Africa,Country,SSD,South Sudan,Year,2007,false,,,,,,,,,,,,,7575,,,6430,,8940,7575 [6430-8940],,,EN,2025-12-19T00:00:00.000Z
MALARIA_EST_DEATHS,Estimated number of malaria deaths,text,AFR,Africa,Country,GNB,Guinea-Bissau,Year,2007,false,,,,,,,,,,,,,798,,,750,,860,798 [750-860],,,EN,2025-12-19T00:00:00.000Z
MALARIA_EST_DEATHS,Estimated number of malaria deaths,text,AMR,Americas,Country,ECU,Ecuador,Year,2007,false,,,,,,,,,,,,,8,,,,,,8,,,EN,2025-12-19T00:00:00.000Z
MALARIA_EST_DEATHS,Estimated number of malaria deaths,text,EMR,Eastern Mediterranean,Country,PAK,Pakistan,Year,2007,false,,,,,,,,,,,,,879,,,290,,2370,879 [290-2370],,,EN,2025-12-19T00:00:00.000Z
MALARIA_EST_DEATHS,Estimated number of malaria deaths,text,AFR,Africa,Country,COM,Comoros,Year,2007,false,,,,,,,,,,,,,89,,,31,,180,89 [31-180],,,EN,2025-12-19T00:00:00.000Z
MALARIA_EST_DEATHS,Estimated number of malaria deaths,text,AMR,Americas,Country,BRA,Brazil,Year,2007,false,,,,,,,,,,,,,93,,,,,,93,,,EN,2025-12-19T00:00:00.000Z
MALARIA_EST_DEATHS,Estimated number of malaria deaths,text,AFR,Africa,Country,KEN,Kenya,Year,2007,false,,,,,,,,,,,,,9398,,,9160,,9660,9398 [9160-9660],,,EN,2025-12-19T00:00:00.000Z
MALARIA_EST_DEATHS,Estimated number of malaria deaths,text,SEAR,South-East Asia,Country,THA,Thailand,Year,2007,false,,,,,,,,,,,,,97,,,,,,97,,,EN,2025-12-19T00:00:00.000Z
MALARIA_EST_DEATHS,Estimated number of malaria deaths,text,AFR,Africa,Country,GIN,Guinea,Year,2007,false,,,,,,,,,,,,,9937,,,9340,,10600,9937 [9340-10 600],,,EN,2025-12-19T00:00:00.000Z
MALARIA_EST_DEATHS,Estimated number of malaria deaths,text,AFR,Africa,Country,DZA,Algeria,Year,2006,false,,,,,,,,,,,,,0,,,,,,0,,,EN,2025-12-19T00:00:00.000Z
MALARIA_EST_DEATHS,Estimated number of malaria deaths,text,AMR,Americas,Country,ARG,Argentina,Year,2006,false,,,,,,,,,,,,,0,,,,,,0,,,EN,2025-12-19T00:00:00.000Z
MALARIA_EST_DEATHS,Estimated number of malaria deaths,text,EUR,Europe,Country,ARM,Armenia,Year,2006,false,,,,,,,,,,,,,0,,,,,,0,,,EN,2025-12-19T00:00:00.000Z
MALARIA_EST_DEATHS,Estimated number of malaria deaths,text,EUR,Europe,Country,AZE,Azerbaijan,Year,2006,false,,,,,,,,,,,,,0,,,,,,0,,,EN,2025-12-19T00:00:00.000Z
MALARIA_EST_DEATHS,Estimated number of malaria deaths,text,AMR,Americas,Country,CRI,Costa Rica,Year,2006,false,,,,,,,,,,,,,0,,,,,,0,,,EN,2025-12-19T00:00:00.000Z
MALARIA_EST_DEATHS,Estimated number of malaria deaths,text,SEAR,South-East Asia,Country,PRK,Democratic People's Republic of Korea,Year,2006,false,,,,,,,,,,,,,0,,,,,,0,,,EN,2025-12-19T00:00:00.000Z
MALARIA_EST_DEATHS,Estimated number of malaria deaths,text,EMR,Eastern Mediterranean,Country,EGY,Egypt,Year,2006,false,,,,,,,,,,,,,0,,,,,,0,,,EN,2025-12-19T00:00:00.000Z
MALARIA_EST_DEATHS,Estimated number of malaria deaths,text,AMR,Americas,Country,SLV,El Salvador,Year,2006,false,,,,,,,,,,,,,0,,,,,,0,,,EN,2025-12-19T00:00:00.000Z
MALARIA_EST_DEATHS,Estimated number of malaria deaths,text,EUR,Europe,Country,GEO,Georgia,Year,2006,false,,,,,,,,,,,,,0,,,,,,0,,,EN,2025-12-19T00:00:00.000Z
MALARIA_EST_DEATHS,Estimated number of malaria deaths,text,EMR,Eastern Mediterranean,Country,IRQ,Iraq,Year,2006,false,,,,,,,,,,,,,0,,,,,,0,,,EN,2025-12-19T00:00:00.000Z
MALARIA_EST_DEATHS,Estimated number of malaria deaths,text,EUR,Europe,Country,KAZ,Kazakhstan,Year,2006,false,,,,,,,,,,,,,0,,,,,,0,,,EN,2025-12-19T00:00:00.000Z
MALARIA_EST_DEATHS,Estimated number of malaria deaths,text,EUR,Europe,Country,KGZ,Kyrgyzstan,Year,2006,false,,,,,,,,,,,,,0,,,,,,0,,,EN,2025-12-19T00:00:00.000Z
MALARIA_EST_DEATHS,Estimated number of malaria deaths,text,AMR,Americas,Country,MEX,Mexico,Year,2006,false,,,,,,,,,,,,,0,,,,,,0,,,EN,2025-12-19T00:00:00.000Z
MALARIA_EST_DEATHS,Estimated number of malaria deaths,text,EMR,Eastern Mediterranean,Country,MAR,Morocco,Year,2006,false,,,,,,,,,,,,,0,,,,,,0,,,EN,2025-12-19T00:00:00.000Z
MALARIA_EST_DEATHS,Estimated number of malaria deaths,text,EMR,Eastern Mediterranean,Country,OMN,Oman,Year,2006,false,,,,,,,,,,,,,0,,,,,,0,,,EN,2025-12-19T00:00:00.000Z
MALARIA_EST_DEATHS,Estimated number of malaria deaths,text,AMR,Americas,Country,PRY,Paraguay,Year,2006,false,,,,,,,,,,,,,0,,,,,,0,,,EN,2025-12-19T00:00:00.000Z
MALARIA_EST_DEATHS,Estimated number of malaria deaths,text,WPR,Western Pacific,Country,KOR,Republic of Korea,Year,2006,false,,,,,,,,,,,,,0,,,,,,0,,,EN,2025-12-19T00:00:00.000Z
MALARIA_EST_DEATHS,Estimated number of malaria deaths,text,EMR,Eastern Mediterranean,Country,SAU,Saudi Arabia,Year,2006,false,,,,,,,,,,,,,0,,,,,,0,,,EN,2025-12-19T00:00:00.000Z
MALARIA_EST_DEATHS,Estimated number of malaria deaths,text,EMR,Eastern Mediterranean,Country,SYR,Syrian Arab Republic,Year,2006,false,,,,,,,,,,,,,0,,,,,,0,,,EN,2025-12-19T00:00:00.000Z
MALARIA_EST_DEATHS,Estimated number of malaria deaths,text,EUR,Europe,Country,TUR,Türkiye,Year,2006,false,,,,,,,,,,,,,0,,,,,,0,,,EN,2025-12-19T00:00:00.000Z
MALARIA_EST_DEATHS,Estimated number of malaria deaths,text,EUR,Europe,Country,TJK,Tajikistan,Year,2006,false,,,,,,,,,,,,,0,,,,,,0,,,EN,2025-12-19T00:00:00.000Z
MALARIA_EST_DEATHS,Estimated number of malaria deaths,text,EUR,Europe,Country,TKM,Turkmenistan,Year,2006,false,,,,,,,,,,,,,0,,,,,,0,,,EN,2025-12-19T00:00:00.000Z
MALARIA_EST_DEATHS,Estimated number of malaria deaths,text,EMR,Eastern Mediterranean,Country,ARE,United Arab Emirates,Year,2006,false,,,,,,,,,,,,,0,,,,,,0,,,EN,2025-12-19T00:00:00.000Z
MALARIA_EST_DEATHS,Estimated number of malaria deaths,text,EUR,Europe,Country,UZB,Uzbekistan,Year,2006,false,,,,,,,,,,,,,0,,,,,,0,,,EN,2025-12-19T00:00:00.000Z
MALARIA_EST_DEATHS,Estimated number of malaria deaths,text,AMR,Americas,Country,BLZ,Belize,Year,2006,false,,,,,,,,,,,,,1,,,,,,1,,,EN,2025-12-19T00:00:00.000Z
MALARIA_EST_DEATHS,Estimated number of malaria deaths,text,EMR,Eastern Mediterranean,Country,IRN,Iran (Islamic Republic of),Year,2006,false,,,,,,,,,,,,,1,,,,,,1,,,EN,2025-12-19T00:00:00.000Z
MALARIA_EST_DEATHS,Estimated number of malaria deaths,text,AMR,Americas,Country,NIC,Nicaragua,Year,2006,false,,,,,,,,,,,,,1,,,,,,1,,,EN,2025-12-19T00:00:00.000Z
MALARIA_EST_DEATHS,Estimated number of malaria deaths,text,AMR,Americas,Country,PAN,Panama,Year,2006,false,,,,,,,,,,,,,1,,,,,,1,,,EN,2025-12-19T00:00:00.000Z
MALARIA_EST_DEATHS,Estimated number of malaria deaths,text,SEAR,South-East Asia,Country,LKA,Sri Lanka,Year,2006,false,,,,,,,,,,,,,1,,,,,,1,,,EN,2025-12-19T00:00:00.000Z
MALARIA_EST_DEATHS,Estimated number of malaria deaths,text,AMR,Americas,Country,SUR,Suriname,Year,2006,false,,,,,,,,,,,,,1,,,,,,1,,,EN,2025-12-19T00:00:00.000Z
MALARIA_EST_DEATHS,Estimated number of malaria deaths,text,AMR,Americas,Country,DOM,Dominican Republic,Year,2006,false,,,,,,,,,,,,,10,,,,,,10,,,EN,2025-12-19T00:00:00.000Z
MALARIA_EST_DEATHS,Estimated number of malaria deaths,text,AFR,Africa,Country,SLE,Sierra Leone,Year,2006,false,,,,,,,,,,,,,10861,,,10200,,11600,10 861 [10 200-11 600],,,EN,2025-12-19T00:00:00.000Z
MALARIA_EST_DEATHS,Estimated number of malaria deaths,text,AFR,Africa,Country,TCD,Chad,Year,2006,false,,,,,,,,,,,,,10954,,,10200,,11800,10 954 [10 200-11 800],,,EN,2025-12-19T00:00:00.000Z
MALARIA_EST_DEATHS,Estimated number of malaria deaths,text,AFR,Africa,Country,MWI,Malawi,Year,2006,false,,,,,,,,,,,,,11265,,,10800,,11800,11 265 [10 800-11 800],,,EN,2025-12-19T00:00:00.000Z
MALARIA_EST_DEATHS,Estimated number of malaria deaths,text,AMR,Americas,Country,BRA,Brazil,Year,2006,false,,,,,,,,,,,,,110,,,,,,110,,,EN,2025-12-19T00:00:00.000Z
MALARIA_EST_DEATHS,Estimated number of malaria deaths,text,SEAR,South-East Asia,Country,THA,Thailand,Year,2006,false,,,,,,,,,,,,,113,,,,,,113,,,EN,2025-12-19T00:00:00.000Z
MALARIA_EST_DEATHS,Estimated number of malaria deaths,text,AFR,Africa,Country,COD,Democratic Republic of the Congo,Year,2006,false,,,,,,,,,,,,,115742,,,104000,,129000,115 742 [104 000-129 000],,,EN,2025-12-19T00:00:00.000Z
MALARIA_EST_DEATHS,Estimated number of malaria deaths,text,WPR,Western Pacific,Country,LAO,Lao People's Democratic Republic,Year,2006,false,,,,,,,,,,,,,123,,,47,,240,123 [47-240],,,EN,2025-12-19T00:00:00.000Z
MALARIA_EST_DEATHS,Estimated number of malaria deaths,text,AMR,Americas,Country,BOL,Bolivia (Plurinational State of),Year,2006,false,,,,,,,,,,,,,14,,,6,,23,14 [6-23],,,EN,2025-12-19T00:00:00.000Z
MALARIA_EST_DEATHS,Estimated number of malaria deaths,text,AFR,Africa,Country,BEN,Benin,Year,2006,false,,,,,,,,,,,,,14527,,,13600,,15500,14 527 [13 600-15 500],,,EN,2025-12-19T00:00:00.000Z
MALARIA_EST_DEATHS,Estimated number of malaria deaths,text,AFR,Africa,Country,ETH,Ethiopia,Year,2006,false,,,,,,,,,,,,,14955,,,3610,,47500,14 955 [3610-47 500],,,EN,2025-12-19T00:00:00.000Z
MALARIA_EST_DEATHS,Estimated number of malaria deaths,text,AFR,Africa,Country,GHA,Ghana,Year,2006,false,,,,,,,,,,,,,14959,,,14500,,15500,14 959 [14 500-15 500],,,EN,2025-12-19T00:00:00.000Z
MALARIA_EST_DEATHS,Estimated number of malaria deaths,text,AMR,Americas,Country,GTM,Guatemala,Year,2006,false,,,,,,,,,,,,,15,,,6,,25,15 [6-25],,,EN,2025-12-19T00:00:00.000Z
MALARIA_EST_DEATHS,Estimated number of malaria deaths,text,AFR,Africa,Country,NER,Niger,Year,2006,false,,,,,,,,,,,,,16688,,,15600,,17800,16 688 [15 600-17 800],,,EN,2025-12-19T00:00:00.000Z
MALARIA_EST_DEATHS,Estimated number of malaria deaths,text,AFR,Africa,Country,MDG,Madagascar,Year,2006,false,,,,,,,,,,,,,1647,,,64,,4240,1647 [64-4240],,,EN,2025-12-19T00:00:00.000Z
MALARIA_EST_DEATHS,Estimated number of malaria deaths,text,AFR,Africa,Country,AGO,Angola,Year,2006,false,,,,,,,,,,,,,19154,,,16600,,22300,19 154 [16 600-22 300],,,EN,2025-12-19T00:00:00.000Z
MALARIA_EST_DEATHS,Estimated number of malaria deaths,text,AFR,Africa,Country,CMR,Cameroon,Year,2006,false,,,,,,,,,,,,,19397,,,18100,,20800,19 397 [18 100-20 800],,,EN,2025-12-19T00:00:00.000Z
MALARIA_EST_DEATHS,Estimated number of malaria deaths,text,WPR,Western Pacific,Country,IDN,Indonesia,Year,2006,false,,,,,,,,,,,,,1957,,,1000,,2980,1957 [1000-2980],,,EN,2025-12-19T00:00:00.000Z
MALARIA_EST_DEATHS,Estimated number of malaria deaths,text,AFR,Africa,Country,MLI,Mali,Year,2006,false,,,,,,,,,,,,,20663,,,19400,,22000,20 663 [19 400-22 000],,,EN,2025-12-19T00:00:00.000Z
MALARIA_EST_DEATHS,Estimated number of malaria deaths,text,WPR,Western Pacific,Country,PHL,Philippines,Year,2006,false,,,,,,,,,,,,,203,,,88,,360,203 [88-360],,,EN,2025-12-19T00:00:00.000Z
MALARIA_EST_DEATHS,Estimated number of malaria deaths,text,AFR,Africa,Country,COG,Congo,Year,2006,false,,,,,,,,,,,,,2035,,,1930,,2150,2035 [1930-2150],,,EN,2025-12-19T00:00:00.000Z
MALARIA_EST_DEATHS,Estimated number of malaria deaths,text,SEAR,South-East Asia,Country,MMR,Myanmar,Year,2006,false,,,,,,,,,,,,,2041,,,870,,3850,2041 [870-3850],,,EN,2025-12-19T00:00:00.000Z
MALARIA_EST_DEATHS,Estimated number of malaria deaths,text,AMR,Americas,Country,HTI,Haiti,Year,2006,false,,,,,,,,,,,,,207,,,77,,420,207 [77-420],,,EN,2025-12-19T00:00:00.000Z
MALARIA_EST_DEATHS,Estimated number of malaria deaths,text,WPR,Western Pacific,Country,MYS,Malaysia,Year,2006,false,,,,,,,,,,,,,21,,,,,,21,,,EN,2025-12-19T00:00:00.000Z
MALARIA_EST_DEATHS,Estimated number of malaria deaths,text,EMR,Eastern Mediterranean,Country,AFG,Afghanistan,Year,2006,false,,,,,,,,,,,,,222,,,84,,450,222 [84-450],,,EN,2025-12-19T00:00:00.000Z
MALARIA_EST_DEATHS,Estimated number of malaria deaths,text,AFR,Africa,Country,NGA,Nigeria,Year,2006,false,,,,,,,,,,,,,238098,,,223000,,254000,238 098 [223 000-254 000],,,EN,2025-12-19T00:00:00.000Z
MALARIA_EST_DEATHS,Estimated number of malaria deaths,text,AFR,Africa,Country,TZA,United Republic of Tanzania,Year,2006,false,,,,,,,,,,,,,25312,,,24300,,26400,25 312 [24 300-26 400],,,EN,2025-12-19T00:00:00.000Z
MALARIA_EST_DEATHS,Estimated number of malaria deaths,text,SEAR,South-East Asia,Country,IND,India,Year,2006,false,,,,,,,,,,,,,25384,,,12200,,42100,25 384 [12 200-42 100],,,EN,2025-12-19T00:00:00.000Z
MALARIA_EST_DEATHS,Estimated number of malaria deaths,text,AFR,Africa,Country,STP,Sao Tome and Principe,Year,2006,false,,,,,,,,,,,,,26,,,,,,26,,,EN,2025-12-19T00:00:00.000Z
MALARIA_EST_DEATHS,Estimated number of malaria deaths,text,AFR,Africa,Country,GAB,Gabon,Year,2006,false,,,,,,,,,,,,,260,,,250,,280,260 [250-280],,,EN,2025-12-19T00:00:00.000Z
MALARIA_EST_DEATHS,Estimated number of malaria deaths,text,AFR,Africa,Country,ZWE,Zimbabwe,Year,2006,false,,,,,,,,,,,,,2613,,,480,,7280,2613 [480-7280],,,EN,2025-12-19T00:00:00.000Z
MALARIA_EST_DEATHS,Estimated number of malaria deaths,text,AFR,Africa,Country,SWZ,Eswatini,Year,2006,false,,,,,,,,,,,,,27,,,,,,27,,,EN,2025-12-19T00:00:00.000Z
MALARIA_EST_DEATHS,Estimated number of malaria deaths,text,AFR,Africa,Country,MOZ,Mozambique,Year,2006,false,,,,,,,,,,,,,27312,,,25300,,29500,27 312 [25 300-29 500],,,EN,2025-12-19T00:00:00.000Z
MALARIA_EST_DEATHS,Estimated number of malaria deaths,text,AFR,Africa,Country,UGA,Uganda,Year,2006,false,,,,,,,,,,,,,27560,,,26200,,29000,27 560 [26 200-29 000],,,EN,2025-12-19T00:00:00.000Z
MALARIA_EST_DEATHS,Estimated number of malaria deaths,text,AFR,Africa,Country,CIV,Cote d'Ivoire,Year,2006,false,,,,,,,,,,,,,28477,,,26600,,30500,28 477 [26 600-30 500],,,EN,2025-12-19T00:00:00.000Z
MALARIA_EST_DEATHS,Estimated number of malaria deaths,text,EMR,Eastern Mediterranean,Country,DJI,Djibouti,Year,2006,false,,,,,,,,,,,,,29,,,,,,29,,,EN,2025-12-19T00:00:00.000Z
MALARIA_EST_DEATHS,Estimated number of malaria deaths,text,WPR,Western Pacific,Country,PNG,Papua New Guinea,Year,2006,false,,,,,,,,,,,,,2924,,,810,,6300,2924 [810-6300],,,EN,2025-12-19T00:00:00.000Z
MALARIA_EST_DEATHS,Estimated number of malaria deaths,text,WPR,Western Pacific,Country,VUT,Vanuatu,Year,2006,false,,,,,,,,,,,,,30,,,13,,57,30 [13-57],,,EN,2025-12-19T00:00:00.000Z
MALARIA_EST_DEATHS,Estimated number of malaria deaths,text,EMR,Eastern Mediterranean,Country,YEM,Yemen,Year,2006,false,,,,,,,,,,,,,3027,,,940,,15200,3027 [940-15 200],,,EN,2025-12-19T00:00:00.000Z
MALARIA_EST_DEATHS,Estimated number of malaria deaths,text,AFR,Africa,Country,RWA,Rwanda,Year,2006,false,,,,,,,,,,,,,3153,,,3060,,3250,3153 [3060-3250],,,EN,2025-12-19T00:00:00.000Z
MALARIA_EST_DEATHS,Estimated number of malaria deaths,text,AFR,Africa,Country,MYT,Mayotte,Year,2006,false,,,,,,,,,,,,,318,,,318,,318,318 [318-318],,,EN,2025-12-19T00:00:00.000Z
MALARIA_EST_DEATHS,Estimated number of malaria deaths,text,AFR,Africa,Country,BFA,Burkina Faso,Year,2006,false,,,,,,,,,,,,,32809,,,30500,,35300,32 809 [30 500-35 300],,,EN,2025-12-19T00:00:00.000Z
MALARIA_EST_DEATHS,Estimated number of malaria deaths,text,SEAR,South-East Asia,Country,TLS,Timor-Leste,Year,2006,false,,,,,,,,,,,,,326,,,140,,600,326 [140-600],,,EN,2025-12-19T00:00:00.000Z
MALARIA_EST_DEATHS,Estimated number of malaria deaths,text,AMR,Americas,Country,VEN,Venezuela (Bolivarian Republic of),Year,2006,false,,,,,,,,,,,,,33,,,16,,50,33 [16-50],,,EN,2025-12-19T00:00:00.000Z
MALARIA_EST_DEATHS,Estimated number of malaria deaths,text,AFR,Africa,Country,LBR,Liberia,Year,2006,false,,,,,,,,,,,,,3338,,,3140,,3550,3338 [3140-3550],,,EN,2025-12-19T00:00:00.000Z
MALARIA_EST_DEATHS,Estimated number of malaria deaths,text,EMR,Eastern Mediterranean,Country,SOM,Somalia,Year,2006,false,,,,,,,,,,,,,3343,,,1440,,5770,3343 [1440-5770],,,EN,2025-12-19T00:00:00.000Z
MALARIA_EST_DEATHS,Estimated number of malaria deaths,text,AFR,Africa,Country,SEN,Senegal,Year,2006,false,,,,,,,,,,,,,3575,,,3490,,3660,3575 [3490-3660],,,EN,2025-12-19T00:00:00.000Z
MALARIA_EST_DEATHS,Estimated number of malaria deaths,text,WPR,Western Pacific,Country,CHN,China,Year,2006,false,,,,,,,,,,,,,38,,,,,,38,,,EN,2025-12-19T00:00:00.000Z
MALARIA_EST_DEATHS,Estimated number of malaria deaths,text,AFR,Africa,Country,BWA,Botswana,Year,2006,false,,,,,,,,,,,,,40,,,,,,40,,,EN,2025-12-19T00:00:00.000Z
MALARIA_EST_DEATHS,Estimated number of malaria deaths,text,AMR,Americas,Country,GUY,Guyana,Year,2006,false,,,,,,,,,,,,,40,,,19,,62,40 [19-62],,,EN,2025-12-19T00:00:00.000Z
MALARIA_EST_DEATHS,Estimated number of malaria deaths,text,SEAR,South-East Asia,Country,NPL,Nepal,Year,2006,false,,,,,,,,,,,,,42,,,,,,42,,,EN,2025-12-19T00:00:00.000Z
MALARIA_EST_DEATHS,Estimated number of malaria deaths,text,EMR,Eastern Mediterranean,Country,SDN,Sudan,Year,2006,false,,,,,,,,,,,,,4275,,,1830,,7600,4275 [1830-7600],,,EN,2025-12-19T00:00:00.000Z
MALARIA_EST_DEATHS,Estimated number of malaria deaths,text,AFR,Africa,Country,ERI,Eritrea,Year,2006,false,,,,,,,,,,,,,47,,,,,,47,,,EN,2025-12-19T00:00:00.000Z
MALARIA_EST_DEATHS,Estimated number of malaria deaths,text,AFR,Africa,Country,GMB,Gambia,Year,2006,false,,,,,,,,,,,,,483,,,470,,500,483 [470-500],,,EN,2025-12-19T00:00:00.000Z
MALARIA_EST_DEATHS,Estimated number of malaria deaths,text,AMR,Americas,Country,GUF,French Guiana,Year,2006,false,,,,,,,,,,,,,5,,,,,,5,,,EN,2025-12-19T00:00:00.000Z
MALARIA_EST_DEATHS,Estimated number of malaria deaths,text,SEAR,South-East Asia,Country,BGD,Bangladesh,Year,2006,false,,,,,,,,,,,,,508,,,,,,508,,,EN,2025-12-19T00:00:00.000Z
MALARIA_EST_DEATHS,Estimated number of malaria deaths,text,AMR,Americas,Country,PER,Peru,Year,2006,false,,,,,,,,,,,,,52,,,26,,80,52 [26-80],,,EN,2025-12-19T00:00:00.000Z
MALARIA_EST_DEATHS,Estimated number of malaria deaths,text,WPR,Western Pacific,Country,SLB,Solomon Islands,Year,2006,false,,,,,,,,,,,,,549,,,210,,1120,549 [210-1120],,,EN,2025-12-19T00:00:00.000Z
MALARIA_EST_DEATHS,Estimated number of malaria deaths,text,AFR,Africa,Country,NAM,Namibia,Year,2006,false,,,,,,,,,,,,,571,,,,,,571,,,EN,2025-12-19T00:00:00.000Z
MALARIA_EST_DEATHS,Estimated number of malaria deaths,text,AFR,Africa,Country,GNQ,Equatorial Guinea,Year,2006,false,,,,,,,,,,,,,596,,,550,,650,596 [550-650],,,EN,2025-12-19T00:00:00.000Z
MALARIA_EST_DEATHS,Estimated number of malaria deaths,text,AFR,Africa,Country,MRT,Mauritania,Year,2006,false,,,,,,,,,,,,,597,,,580,,620,597 [580-620],,,EN,2025-12-19T00:00:00.000Z
MALARIA_EST_DEATHS,Estimated number of malaria deaths,text,AFR,Africa,Country,BDI,Burundi,Year,2006,false,,,,,,,,,,,,,6335,,,5880,,6850,6335 [5880-6850],,,EN,2025-12-19T00:00:00.000Z
MALARIA_EST_DEATHS,Estimated number of malaria deaths,text,AFR,Africa,Country,TGO,Togo,Year,2006,false,,,,,,,,,,,,,6454,,,6050,,6880,6454 [6050-6880],,,EN,2025-12-19T00:00:00.000Z
MALARIA_EST_DEATHS,Estimated number of malaria deaths,text,AFR,Africa,Country,ZMB,Zambia,Year,2006,false,,,,,,,,,,,,,6805,,,6550,,7080,6805 [6550-7080],,,EN,2025-12-19T00:00:00.000Z
MALARIA_EST_DEATHS,Estimated number of malaria deaths,text,SEAR,South-East Asia,Country,BTN,Bhutan,Year,2006,false,,,,,,,,,,,,,7,,,,,,7,,,EN,2025-12-19T00:00:00.000Z
MALARIA_EST_DEATHS,Estimated number of malaria deaths,text,AFR,Africa,Country,CAF,Central African Republic,Year,2006,false,,,,,,,,,,,,,7364,,,6700,,8080,7364 [6700-8080],,,EN,2025-12-19T00:00:00.000Z
MALARIA_EST_DEATHS,Estimated number of malaria deaths,text,AMR,Americas,Country,COL,Colombia,Year,2006,false,,,,,,,,,,,,,77,,,,,,77,,,EN,2025-12-19T00:00:00.000Z
MALARIA_EST_DEATHS,Estimated number of malaria deaths,text,AFR,Africa,Country,CPV,Cabo Verde,Year,2006,false,,,,,,,,,,,,,8,,,,,,8,,,EN,2025-12-19T00:00:00.000Z
MALARIA_EST_DEATHS,Estimated number of malaria deaths,text,AMR,Americas,Country,HND,Honduras,Year,2006,false,,,,,,,,,,,,,8,,,3,,14,8 [3-14],,,EN,2025-12-19T00:00:00.000Z
MALARIA_EST_DEATHS,Estimated number of malaria deaths,text,AFR,Africa,Country,SSD,South Sudan,Year,2006,false,,,,,,,,,,,,,8066,,,6930,,9390,8066 [6930-9390],,,EN,2025-12-19T00:00:00.000Z
MALARIA_EST_DEATHS,Estimated number of malaria deaths,text,AFR,Africa,Country,GNB,Guinea-Bissau,Year,2006,false,,,,,,,,,,,,,807,,,760,,860,807 [760-860],,,EN,2025-12-19T00:00:00.000Z
MALARIA_EST_DEATHS,Estimated number of malaria deaths,text,AFR,Africa,Country,ZAF,South Africa,Year,2006,false,,,,,,,,,,,,,87,,,,,,87,,,EN,2025-12-19T00:00:00.000Z
MALARIA_EST_DEATHS,Estimated number of malaria deaths,text,EMR,Eastern Mediterranean,Country,PAK,Pakistan,Year,2006,false,,,,,,,,,,,,,882,,,280,,2360,882 [280-2360],,,EN,2025-12-19T00:00:00.000Z
MALARIA_EST_DEATHS,Estimated number of malaria deaths,text,AFR,Africa,Country,COM,Comoros,Year,2006,false,,,,,,,,,,,,,89,,,31,,180,89 [31-180],,,EN,2025-12-19T00:00:00.000Z
MALARIA_EST_DEATHS,Estimated number of malaria deaths,text,WPR,Western Pacific,Country,KHM,Cambodia,Year,2006,false,,,,,,,,,,,,,897,,,410,,1540,897 [410-1540],,,EN,2025-12-19T00:00:00.000Z
MALARIA_EST_DEATHS,Estimated number of malaria deaths,text,AMR,Americas,Country,ECU,Ecuador,Year,2006,false,,,,,,,,,,,,,9,,,,,,9,,,EN,2025-12-19T00:00:00.000Z
MALARIA_EST_DEATHS,Estimated number of malaria deaths,text,WPR,Western Pacific,Country,VNM,Viet Nam,Year,2006,false,,,,,,,,,,,,,92,,,43,,150,92 [43-150],,,EN,2025-12-19T00:00:00.000Z
MALARIA_EST_DEATHS,Estimated number of malaria deaths,text,AFR,Africa,Country,KEN,Kenya,Year,2006,false,,,,,,,,,,,,,9563,,,9300,,9840,9563 [9300-9840],,,EN,2025-12-19T00:00:00.000Z
MALARIA_EST_DEATHS,Estimated number of malaria deaths,text,AFR,Africa,Country,GIN,Guinea,Year,2006,false,,,,,,,,,,,,,9691,,,9120,,10300,9691 [9120-10 300],,,EN,2025-12-19T00:00:00.000Z
MALARIA_EST_DEATHS,Estimated number of malaria deaths,text,AFR,Africa,Country,DZA,Algeria,Year,2005,false,,,,,,,,,,,,,0,,,,,,0,,,EN,2025-12-19T00:00:00.000Z
MALARIA_EST_DEATHS,Estimated number of malaria deaths,text,AMR,Americas,Country,ARG,Argentina,Year,2005,false,,,,,,,,,,,,,0,,,,,,0,,,EN,2025-12-19T00:00:00.000Z
MALARIA_EST_DEATHS,Estimated number of malaria deaths,text,EUR,Europe,Country,ARM,Armenia,Year,2005,false,,,,,,,,,,,,,0,,,,,,0,,,EN,2025-12-19T00:00:00.000Z
MALARIA_EST_DEATHS,Estimated number of malaria deaths,text,EUR,Europe,Country,AZE,Azerbaijan,Year,2005,false,,,,,,,,,,,,,0,,,,,,0,,,EN,2025-12-19T00:00:00.000Z
MALARIA_EST_DEATHS,Estimated number of malaria deaths,text,AMR,Americas,Country,BLZ,Belize,Year,2005,false,,,,,,,,,,,,,0,,,,,,0,,,EN,2025-12-19T00:00:00.000Z
MALARIA_EST_DEATHS,Estimated number of malaria deaths,text,AMR,Americas,Country,CRI,Costa Rica,Year,2005,false,,,,,,,,,,,,,0,,,,,,0,,,EN,2025-12-19T00:00:00.000Z
MALARIA_EST_DEATHS,Estimated number of malaria deaths,text,SEAR,South-East Asia,Country,PRK,Democratic People's Republic of Korea,Year,2005,false,,,,,,,,,,,,,0,,,,,,0,,,EN,2025-12-19T00:00:00.000Z
MALARIA_EST_DEATHS,Estimated number of malaria deaths,text,EMR,Eastern Mediterranean,Country,EGY,Egypt,Year,2005,false,,,,,,,,,,,,,0,,,,,,0,,,EN,2025-12-19T00:00:00.000Z
MALARIA_EST_DEATHS,Estimated number of malaria deaths,text,AMR,Americas,Country,SLV,El Salvador,Year,2005,false,,,,,,,,,,,,,0,,,,,,0,,,EN,2025-12-19T00:00:00.000Z
MALARIA_EST_DEATHS,Estimated number of malaria deaths,text,EUR,Europe,Country,GEO,Georgia,Year,2005,false,,,,,,,,,,,,,0,,,,,,0,,,EN,2025-12-19T00:00:00.000Z
MALARIA_EST_DEATHS,Estimated number of malaria deaths,text,EMR,Eastern Mediterranean,Country,IRQ,Iraq,Year,2005,false,,,,,,,,,,,,,0,,,,,,0,,,EN,2025-12-19T00:00:00.000Z
MALARIA_EST_DEATHS,Estimated number of malaria deaths,text,EUR,Europe,Country,KAZ,Kazakhstan,Year,2005,false,,,,,,,,,,,,,0,,,,,,0,,,EN,2025-12-19T00:00:00.000Z
MALARIA_EST_DEATHS,Estimated number of malaria deaths,text,EUR,Europe,Country,KGZ,Kyrgyzstan,Year,2005,false,,,,,,,,,,,,,0,,,,,,0,,,EN,2025-12-19T00:00:00.000Z
MALARIA_EST_DEATHS,Estimated number of malaria deaths,text,AMR,Americas,Country,MEX,Mexico,Year,2005,false,,,,,,,,,,,,,0,,,,,,0,,,EN,2025-12-19T00:00:00.000Z
MALARIA_EST_DEATHS,Estimated number of malaria deaths,text,EMR,Eastern Mediterranean,Country,MAR,Morocco,Year,2005,false,,,,,,,,,,,,,0,,,,,,0,,,EN,2025-12-19T00:00:00.000Z
MALARIA_EST_DEATHS,Estimated number of malaria deaths,text,EMR,Eastern Mediterranean,Country,OMN,Oman,Year,2005,false,,,,,,,,,,,,,0,,,,,,0,,,EN,2025-12-19T00:00:00.000Z
MALARIA_EST_DEATHS,Estimated number of malaria deaths,text,AMR,Americas,Country,PRY,Paraguay,Year,2005,false,,,,,,,,,,,,,0,,,,,,0,,,EN,2025-12-19T00:00:00.000Z
MALARIA_EST_DEATHS,Estimated number of malaria deaths,text,WPR,Western Pacific,Country,KOR,Republic of Korea,Year,2005,false,,,,,,,,,,,,,0,,,,,,0,,,EN,2025-12-19T00:00:00.000Z
MALARIA_EST_DEATHS,Estimated number of malaria deaths,text,EMR,Eastern Mediterranean,Country,SAU,Saudi Arabia,Year,2005,false,,,,,,,,,,,,,0,,,,,,0,,,EN,2025-12-19T00:00:00.000Z
MALARIA_EST_DEATHS,Estimated number of malaria deaths,text,SEAR,South-East Asia,Country,LKA,Sri Lanka,Year,2005,false,,,,,,,,,,,,,0,,,,,,0,,,EN,2025-12-19T00:00:00.000Z
MALARIA_EST_DEATHS,Estimated number of malaria deaths,text,EMR,Eastern Mediterranean,Country,SYR,Syrian Arab Republic,Year,2005,false,,,,,,,,,,,,,0,,,,,,0,,,EN,2025-12-19T00:00:00.000Z
MALARIA_EST_DEATHS,Estimated number of malaria deaths,text,EUR,Europe,Country,TUR,Türkiye,Year,2005,false,,,,,,,,,,,,,0,,,,,,0,,,EN,2025-12-19T00:00:00.000Z
MALARIA_EST_DEATHS,Estimated number of malaria deaths,text,EUR,Europe,Country,TJK,Tajikistan,Year,2005,false,,,,,,,,,,,,,0,,,,,,0,,,EN,2025-12-19T00:00:00.000Z
MALARIA_EST_DEATHS,Estimated number of malaria deaths,text,EUR,Europe,Country,TKM,Turkmenistan,Year,2005,false,,,,,,,,,,,,,0,,,,,,0,,,EN,2025-12-19T00:00:00.000Z
MALARIA_EST_DEATHS,Estimated number of malaria deaths,text,EMR,Eastern Mediterranean,Country,ARE,United Arab Emirates,Year,2005,false,,,,,,,,,,,,,0,,,,,,0,,,EN,2025-12-19T00:00:00.000Z
MALARIA_EST_DEATHS,Estimated number of malaria deaths,text,EUR,Europe,Country,UZB,Uzbekistan,Year,2005,false,,,,,,,,,,,,,0,,,,,,0,,,EN,2025-12-19T00:00:00.000Z
MALARIA_EST_DEATHS,Estimated number of malaria deaths,text,EMR,Eastern Mediterranean,Country,IRN,Iran (Islamic Republic of),Year,2005,false,,,,,,,,,,,,,1,,,,,,1,,,EN,2025-12-19T00:00:00.000Z
MALARIA_EST_DEATHS,Estimated number of malaria deaths,text,AMR,Americas,Country,PAN,Panama,Year,2005,false,,,,,,,,,,,,,1,,,,,,1,,,EN,2025-12-19T00:00:00.000Z
MALARIA_EST_DEATHS,Estimated number of malaria deaths,text,AMR,Americas,Country,SUR,Suriname,Year,2005,false,,,,,,,,,,,,,1,,,,,,1,,,EN,2025-12-19T00:00:00.000Z
MALARIA_EST_DEATHS,Estimated number of malaria deaths,text,SEAR,South-East Asia,Country,NPL,Nepal,Year,2005,false,,,,,,,,,,,,,10,,,,,,10,,,EN,2025-12-19T00:00:00.000Z
MALARIA_EST_DEATHS,Estimated number of malaria deaths,text,AFR,Africa,Country,KEN,Kenya,Year,2005,false,,,,,,,,,,,,,10157,,,9850,,10500,10 157 [9850-10 500],,,EN,2025-12-19T00:00:00.000Z
MALARIA_EST_DEATHS,Estimated number of malaria deaths,text,AFR,Africa,Country,TCD,Chad,Year,2005,false,,,,,,,,,,,,,10532,,,9860,,11300,10 532 [9860-11 300],,,EN,2025-12-19T00:00:00.000Z
MALARIA_EST_DEATHS,Estimated number of malaria deaths,text,AFR,Africa,Country,BWA,Botswana,Year,2005,false,,,,,,,,,,,,,11,,,,,,11,,,EN,2025-12-19T00:00:00.000Z
MALARIA_EST_DEATHS,Estimated number of malaria deaths,text,AMR,Americas,Country,HND,Honduras,Year,2005,false,,,,,,,,,,,,,11,,,4,,20,11 [4-20],,,EN,2025-12-19T00:00:00.000Z
MALARIA_EST_DEATHS,Estimated number of malaria deaths,text,AFR,Africa,Country,SLE,Sierra Leone,Year,2005,false,,,,,,,,,,,,,11172,,,10500,,11900,11 172 [10 500-11 900],,,EN,2025-12-19T00:00:00.000Z
MALARIA_EST_DEATHS,Estimated number of malaria deaths,text,AFR,Africa,Country,MWI,Malawi,Year,2005,false,,,,,,,,,,,,,11742,,,11200,,12300,11 742 [11 200-12 300],,,EN,2025-12-19T00:00:00.000Z
MALARIA_EST_DEATHS,Estimated number of malaria deaths,text,AFR,Africa,Country,COD,Democratic Republic of the Congo,Year,2005,false,,,,,,,,,,,,,112534,,,102000,,124000,112 534 [102 000-124 000],,,EN,2025-12-19T00:00:00.000Z
MALARIA_EST_DEATHS,Estimated number of malaria deaths,text,AMR,Americas,Country,BOL,Bolivia (Plurinational State of),Year,2005,false,,,,,,,,,,,,,12,,,5,,21,12 [5-21],,,EN,2025-12-19T00:00:00.000Z
MALARIA_EST_DEATHS,Estimated number of malaria deaths,text,AMR,Americas,Country,BRA,Brazil,Year,2005,false,,,,,,,,,,,,,123,,,,,,123,,,EN,2025-12-19T00:00:00.000Z
MALARIA_EST_DEATHS,Estimated number of malaria deaths,text,AFR,Africa,Country,BEN,Benin,Year,2005,false,,,,,,,,,,,,,13391,,,12600,,14200,13 391 [12 600-14 200],,,EN,2025-12-19T00:00:00.000Z
MALARIA_EST_DEATHS,Estimated number of malaria deaths,text,AFR,Africa,Country,NAM,Namibia,Year,2005,false,,,,,,,,,,,,,1325,,,,,,1325,,,EN,2025-12-19T00:00:00.000Z
MALARIA_EST_DEATHS,Estimated number of malaria deaths,text,AFR,Africa,Country,GHA,Ghana,Year,2005,false,,,,,,,,,,,,,14843,,,14300,,15400,14 843 [14 300-15 400],,,EN,2025-12-19T00:00:00.000Z
MALARIA_EST_DEATHS,Estimated number of malaria deaths,text,AMR,Americas,Country,DOM,Dominican Republic,Year,2005,false,,,,,,,,,,,,,16,,,,,,16,,,EN,2025-12-19T00:00:00.000Z
MALARIA_EST_DEATHS,Estimated number of malaria deaths,text,AFR,Africa,Country,ETH,Ethiopia,Year,2005,false,,,,,,,,,,,,,16511,,,4420,,52900,16 511 [4420-52 900],,,EN,2025-12-19T00:00:00.000Z
MALARIA_EST_DEATHS,Estimated number of malaria deaths,text,SEAR,South-East Asia,Country,THA,Thailand,Year,2005,false,,,,,,,,,,,,,161,,,,,,161,,,EN,2025-12-19T00:00:00.000Z
MALARIA_EST_DEATHS,Estimated number of malaria deaths,text,AFR,Africa,Country,MDG,Madagascar,Year,2005,false,,,,,,,,,,,,,1638,,,69,,4300,1638 [69-4300],,,EN,2025-12-19T00:00:00.000Z
MALARIA_EST_DEATHS,Estimated number of malaria deaths,text,WPR,Western Pacific,Country,IDN,Indonesia,Year,2005,false,,,,,,,,,,,,,1647,,,840,,2510,1647 [840-2510],,,EN,2025-12-19T00:00:00.000Z
MALARIA_EST_DEATHS,Estimated number of malaria deaths,text,WPR,Western Pacific,Country,PHL,Philippines,Year,2005,false,,,,,,,,,,,,,167,,,72,,290,167 [72-290],,,EN,2025-12-19T00:00:00.000Z
MALARIA_EST_DEATHS,Estimated number of malaria deaths,text,AFR,Africa,Country,SWZ,Eswatini,Year,2005,false,,,,,,,,,,,,,17,,,,,,17,,,EN,2025-12-19T00:00:00.000Z
MALARIA_EST_DEATHS,Estimated number of malaria deaths,text,AFR,Africa,Country,CPV,Cabo Verde,Year,2005,false,,,,,,,,,,,,,2,,,,,,2,,,EN,2025-12-19T00:00:00.000Z
MALARIA_EST_DEATHS,Estimated number of malaria deaths,text,AMR,Americas,Country,GUF,French Guiana,Year,2005,false,,,,,,,,,,,,,2,,,,,,2,,,EN,2025-12-19T00:00:00.000Z
MALARIA_EST_DEATHS,Estimated number of malaria deaths,text,AMR,Americas,Country,GTM,Guatemala,Year,2005,false,,,,,,,,,,,,,20,,,8,,32,20 [8-32],,,EN,2025-12-19T00:00:00.000Z
MALARIA_EST_DEATHS,Estimated number of malaria deaths,text,AFR,Africa,Country,CMR,Cameroon,Year,2005,false,,,,,,,,,,,,,20550,,,19200,,22000,20 550 [19 200-22 000],,,EN,2025-12-19T00:00:00.000Z
MALARIA_EST_DEATHS,Estimated number of malaria deaths,text,AFR,Africa,Country,AGO,Angola,Year,2005,false,,,,,,,,,,,,,20668,,,18100,,23800,20 668 [18 100-23 800],,,EN,2025-12-19T00:00:00.000Z
MALARIA_EST_DEATHS,Estimated number of malaria deaths,text,AFR,Africa,Country,MLI,Mali,Year,2005,false,,,,,,,,,,,,,20957,,,19700,,22200,20 957 [19 700-22 200],,,EN,2025-12-19T00:00:00.000Z
MALARIA_EST_DEATHS,Estimated number of malaria deaths,text,AMR,Americas,Country,HTI,Haiti,Year,2005,false,,,,,,,,,,,,,201,,,74,,410,201 [74-410],,,EN,2025-12-19T00:00:00.000Z
MALARIA_EST_DEATHS,Estimated number of malaria deaths,text,AFR,Africa,Country,NGA,Nigeria,Year,2005,false,,,,,,,,,,,,,209804,,,197000,,223000,209 804 [197 000-223 000],,,EN,2025-12-19T00:00:00.000Z
MALARIA_EST_DEATHS,Estimated number of malaria deaths,text,AFR,Africa,Country,NER,Niger,Year,2005,false,,,,,,,,,,,,,21033,,,19700,,22400,21 033 [19 700-22 400],,,EN,2025-12-19T00:00:00.000Z
MALARIA_EST_DEATHS,Estimated number of malaria deaths,text,AMR,Americas,Country,ECU,Ecuador,Year,2005,false,,,,,,,,,,,,,22,,,,,,22,,,EN,2025-12-19T00:00:00.000Z
MALARIA_EST_DEATHS,Estimated number of malaria deaths,text,AFR,Africa,Country,COG,Congo,Year,2005,false,,,,,,,,,,,,,2204,,,2080,,2340,2204 [2080-2340],,,EN,2025-12-19T00:00:00.000Z
MALARIA_EST_DEATHS,Estimated number of malaria deaths,text,EMR,Eastern Mediterranean,Country,YEM,Yemen,Year,2005,false,,,,,,,,,,,,,2495,,,750,,11900,2495 [750-11 900],,,EN,2025-12-19T00:00:00.000Z
MALARIA_EST_DEATHS,Estimated number of malaria deaths,text,AFR,Africa,Country,GAB,Gabon,Year,2005,false,,,,,,,,,,,,,256,,,240,,270,256 [240-270],,,EN,2025-12-19T00:00:00.000Z
MALARIA_EST_DEATHS,Estimated number of malaria deaths,text,AFR,Africa,Country,ZWE,Zimbabwe,Year,2005,false,,,,,,,,,,,,,2581,,,480,,7370,2581 [480-7370],,,EN,2025-12-19T00:00:00.000Z
MALARIA_EST_DEATHS,Estimated number of malaria deaths,text,EMR,Eastern Mediterranean,Country,AFG,Afghanistan,Year,2005,false,,,,,,,,,,,,,259,,,100,,510,259 [100-510],,,EN,2025-12-19T00:00:00.000Z
MALARIA_EST_DEATHS,Estimated number of malaria deaths,text,AFR,Africa,Country,TZA,United Republic of Tanzania,Year,2005,false,,,,,,,,,,,,,27472,,,26400,,28600,27 472 [26 400-28 600],,,EN,2025-12-19T00:00:00.000Z
MALARIA_EST_DEATHS,Estimated number of malaria deaths,text,WPR,Western Pacific,Country,PNG,Papua New Guinea,Year,2005,false,,,,,,,,,,,,,2796,,,680,,6030,2796 [680-6030],,,EN,2025-12-19T00:00:00.000Z
MALARIA_EST_DEATHS,Estimated number of malaria deaths,text,AFR,Africa,Country,MOZ,Mozambique,Year,2005,false,,,,,,,,,,,,,28667,,,26600,,31000,28 667 [26 600-31 000],,,EN,2025-12-19T00:00:00.000Z
MALARIA_EST_DEATHS,Estimated number of malaria deaths,text,SEAR,South-East Asia,Country,MMR,Myanmar,Year,2005,false,,,,,,,,,,,,,2878,,,1250,,5340,2878 [1250-5340],,,EN,2025-12-19T00:00:00.000Z
MALARIA_EST_DEATHS,Estimated number of malaria deaths,text,AFR,Africa,Country,CIV,Cote d'Ivoire,Year,2005,false,,,,,,,,,,,,,29484,,,27600,,31600,29 484 [27 600-31 600],,,EN,2025-12-19T00:00:00.000Z
MALARIA_EST_DEATHS,Estimated number of malaria deaths,text,AFR,Africa,Country,UGA,Uganda,Year,2005,false,,,,,,,,,,,,,30951,,,29400,,32600,30 951 [29 400-32 600],,,EN,2025-12-19T00:00:00.000Z
MALARIA_EST_DEATHS,Estimated number of malaria deaths,text,SEAR,South-East Asia,Country,TLS,Timor-Leste,Year,2005,false,,,,,,,,,,,,,304,,,130,,530,304 [130-530],,,EN,2025-12-19T00:00:00.000Z
MALARIA_EST_DEATHS,Estimated number of malaria deaths,text,SEAR,South-East Asia,Country,IND,India,Year,2005,false,,,,,,,,,,,,,32481,,,16000,,54600,32 481 [16 000-54 600],,,EN,2025-12-19T00:00:00.000Z
MALARIA_EST_DEATHS,Estimated number of malaria deaths,text,WPR,Western Pacific,Country,MYS,Malaysia,Year,2005,false,,,,,,,,,,,,,33,,,,,,33,,,EN,2025-12-19T00:00:00.000Z
MALARIA_EST_DEATHS,Estimated number of malaria deaths,text,AFR,Africa,Country,BFA,Burkina Faso,Year,2005,false,,,,,,,,,,,,,33283,,,31000,,35800,33 283 [31 000-35 800],,,EN,2025-12-19T00:00:00.000Z
MALARIA_EST_DEATHS,Estimated number of malaria deaths,text,AFR,Africa,Country,RWA,Rwanda,Year,2005,false,,,,,,,,,,,,,3371,,,3260,,3480,3371 [3260-3480],,,EN,2025-12-19T00:00:00.000Z
MALARIA_EST_DEATHS,Estimated number of malaria deaths,text,AMR,Americas,Country,VEN,Venezuela (Bolivarian Republic of),Year,2005,false,,,,,,,,,,,,,34,,,17,,53,34 [17-53],,,EN,2025-12-19T00:00:00.000Z
MALARIA_EST_DEATHS,Estimated number of malaria deaths,text,AFR,Africa,Country,SEN,Senegal,Year,2005,false,,,,,,,,,,,,,3493,,,3420,,3580,3493 [3420-3580],,,EN,2025-12-19T00:00:00.000Z
MALARIA_EST_DEATHS,Estimated number of malaria deaths,text,WPR,Western Pacific,Country,VUT,Vanuatu,Year,2005,false,,,,,,,,,,,,,35,,,15,,65,35 [15-65],,,EN,2025-12-19T00:00:00.000Z
MALARIA_EST_DEATHS,Estimated number of malaria deaths,text,EMR,Eastern Mediterranean,Country,SOM,Somalia,Year,2005,false,,,,,,,,,,,,,3587,,,1520,,6300,3587 [1520-6300],,,EN,2025-12-19T00:00:00.000Z
MALARIA_EST_DEATHS,Estimated number of malaria deaths,text,AFR,Africa,Country,LBR,Liberia,Year,2005,false,,,,,,,,,,,,,3969,,,3730,,4230,3969 [3730-4230],,,EN,2025-12-19T00:00:00.000Z
MALARIA_EST_DEATHS,Estimated number of malaria deaths,text,EMR,Eastern Mediterranean,Country,DJI,Djibouti,Year,2005,false,,,,,,,,,,,,,4,,,1,,9,4 [1-9],,,EN,2025-12-19T00:00:00.000Z
MALARIA_EST_DEATHS,Estimated number of malaria deaths,text,EMR,Eastern Mediterranean,Country,SDN,Sudan,Year,2005,false,,,,,,,,,,,,,4261,,,1780,,7650,4261 [1780-7650],,,EN,2025-12-19T00:00:00.000Z
MALARIA_EST_DEATHS,Estimated number of malaria deaths,text,AFR,Africa,Country,GMB,Gambia,Year,2005,false,,,,,,,,,,,,,470,,,460,,490,470 [460-490],,,EN,2025-12-19T00:00:00.000Z
MALARIA_EST_DEATHS,Estimated number of malaria deaths,text,WPR,Western Pacific,Country,CHN,China,Year,2005,false,,,,,,,,,,,,,48,,,,,,48,,,EN,2025-12-19T00:00:00.000Z
MALARIA_EST_DEATHS,Estimated number of malaria deaths,text,SEAR,South-East Asia,Country,BTN,Bhutan,Year,2005,false,,,,,,,,,,,,,5,,,,,,5,,,EN,2025-12-19T00:00:00.000Z
MALARIA_EST_DEATHS,Estimated number of malaria deaths,text,AFR,Africa,Country,MYT,Mayotte,Year,2005,false,,,,,,,,,,,,,500,,,500,,500,500 [500-500],,,EN,2025-12-19T00:00:00.000Z
MALARIA_EST_DEATHS,Estimated number of malaria deaths,text,SEAR,South-East Asia,Country,BGD,Bangladesh,Year,2005,false,,,,,,,,,,,,,501,,,,,,501,,,EN,2025-12-19T00:00:00.000Z
MALARIA_EST_DEATHS,Estimated number of malaria deaths,text,WPR,Western Pacific,Country,SLB,Solomon Islands,Year,2005,false,,,,,,,,,,,,,547,,,210,,1090,547 [210-1090],,,EN,2025-12-19T00:00:00.000Z
MALARIA_EST_DEATHS,Estimated number of malaria deaths,text,AFR,Africa,Country,ERI,Eritrea,Year,2005,false,,,,,,,,,,,,,59,,,22,,110,59 [22-110],,,EN,2025-12-19T00:00:00.000Z
MALARIA_EST_DEATHS,Estimated number of malaria deaths,text,AMR,Americas,Country,NIC,Nicaragua,Year,2005,false,,,,,,,,,,,,,6,,,,,,6,,,EN,2025-12-19T00:00:00.000Z
MALARIA_EST_DEATHS,Estimated number of malaria deaths,text,AFR,Africa,Country,GNQ,Equatorial Guinea,Year,2005,false,,,,,,,,,,,,,614,,,570,,670,614 [570-670],,,EN,2025-12-19T00:00:00.000Z
MALARIA_EST_DEATHS,Estimated number of malaria deaths,text,AFR,Africa,Country,MRT,Mauritania,Year,2005,false,,,,,,,,,,,,,617,,,600,,640,617 [600-640],,,EN,2025-12-19T00:00:00.000Z
MALARIA_EST_DEATHS,Estimated number of malaria deaths,text,AFR,Africa,Country,ZAF,South Africa,Year,2005,false,,,,,,,,,,,,,63,,,,,,63,,,EN,2025-12-19T00:00:00.000Z
MALARIA_EST_DEATHS,Estimated number of malaria deaths,text,AFR,Africa,Country,TGO,Togo,Year,2005,false,,,,,,,,,,,,,6824,,,6400,,7270,6824 [6400-7270],,,EN,2025-12-19T00:00:00.000Z
MALARIA_EST_DEATHS,Estimated number of malaria deaths,text,AMR,Americas,Country,GUY,Guyana,Year,2005,false,,,,,,,,,,,,,69,,,34,,110,69 [34-110],,,EN,2025-12-19T00:00:00.000Z
MALARIA_EST_DEATHS,Estimated number of malaria deaths,text,AFR,Africa,Country,BDI,Burundi,Year,2005,false,,,,,,,,,,,,,6993,,,6480,,7580,6993 [6480-7580],,,EN,2025-12-19T00:00:00.000Z
MALARIA_EST_DEATHS,Estimated number of malaria deaths,text,WPR,Western Pacific,Country,KHM,Cambodia,Year,2005,false,,,,,,,,,,,,,705,,,340,,1120,705 [340-1120],,,EN,2025-12-19T00:00:00.000Z
MALARIA_EST_DEATHS,Estimated number of malaria deaths,text,AFR,Africa,Country,CAF,Central African Republic,Year,2005,false,,,,,,,,,,,,,7050,,,6430,,7730,7050 [6430-7730],,,EN,2025-12-19T00:00:00.000Z
MALARIA_EST_DEATHS,Estimated number of malaria deaths,text,AFR,Africa,Country,ZMB,Zambia,Year,2005,false,,,,,,,,,,,,,7515,,,7200,,7840,7515 [7200-7840],,,EN,2025-12-19T00:00:00.000Z
MALARIA_EST_DEATHS,Estimated number of malaria deaths,text,WPR,Western Pacific,Country,VNM,Viet Nam,Year,2005,false,,,,,,,,,,,,,79,,,38,,130,79 [38-130],,,EN,2025-12-19T00:00:00.000Z
MALARIA_EST_DEATHS,Estimated number of malaria deaths,text,AMR,Americas,Country,PER,Peru,Year,2005,false,,,,,,,,,,,,,80,,,41,,120,80 [41-120],,,EN,2025-12-19T00:00:00.000Z
MALARIA_EST_DEATHS,Estimated number of malaria deaths,text,AFR,Africa,Country,SSD,South Sudan,Year,2005,false,,,,,,,,,,,,,8259,,,7160,,9490,8259 [7160-9490],,,EN,2025-12-19T00:00:00.000Z
MALARIA_EST_DEATHS,Estimated number of malaria deaths,text,AFR,Africa,Country,GNB,Guinea-Bissau,Year,2005,false,,,,,,,,,,,,,827,,,780,,880,827 [780-880],,,EN,2025-12-19T00:00:00.000Z
MALARIA_EST_DEATHS,Estimated number of malaria deaths,text,AFR,Africa,Country,STP,Sao Tome and Principe,Year,2005,false,,,,,,,,,,,,,85,,,,,,85,,,EN,2025-12-19T00:00:00.000Z
MALARIA_EST_DEATHS,Estimated number of malaria deaths,text,WPR,Western Pacific,Country,LAO,Lao People's Democratic Republic,Year,2005,false,,,,,,,,,,,,,86,,,33,,160,86 [33-160],,,EN,2025-12-19T00:00:00.000Z
MALARIA_EST_DEATHS,Estimated number of malaria deaths,text,AMR,Americas,Country,COL,Colombia,Year,2005,false,,,,,,,,,,,,,87,,,,,,87,,,EN,2025-12-19T00:00:00.000Z
MALARIA_EST_DEATHS,Estimated number of malaria deaths,text,AFR,Africa,Country,COM,Comoros,Year,2005,false,,,,,,,,,,,,,92,,,,,,92,,,EN,2025-12-19T00:00:00.000Z
MALARIA_EST_DEATHS,Estimated number of malaria deaths,text,EMR,Eastern Mediterranean,Country,PAK,Pakistan,Year,2005,false,,,,,,,,,,,,,923,,,300,,2410,923 [300-2410],,,EN,2025-12-19T00:00:00.000Z
MALARIA_EST_DEATHS,Estimated number of malaria deaths,text,AFR,Africa,Country,GIN,Guinea,Year,2005,false,,,,,,,,,,,,,9803,,,9230,,10400,9803 [9230-10 400],,,EN,2025-12-19T00:00:00.000Z
MALARIA_EST_DEATHS,Estimated number of malaria deaths,text,AFR,Africa,Country,DZA,Algeria,Year,2004,false,,,,,,,,,,,,,0,,,,,,0,,,EN,2025-12-19T00:00:00.000Z
MALARIA_EST_DEATHS,Estimated number of malaria deaths,text,AMR,Americas,Country,ARG,Argentina,Year,2004,false,,,,,,,,,,,,,0,,,,,,0,,,EN,2025-12-19T00:00:00.000Z
MALARIA_EST_DEATHS,Estimated number of malaria deaths,text,EUR,Europe,Country,ARM,Armenia,Year,2004,false,,,,,,,,,,,,,0,,,,,,0,,,EN,2025-12-19T00:00:00.000Z
MALARIA_EST_DEATHS,Estimated number of malaria deaths,text,EUR,Europe,Country,AZE,Azerbaijan,Year,2004,false,,,,,,,,,,,,,0,,,,,,0,,,EN,2025-12-19T00:00:00.000Z
MALARIA_EST_DEATHS,Estimated number of malaria deaths,text,AMR,Americas,Country,CRI,Costa Rica,Year,2004,false,,,,,,,,,,,,,0,,,,,,0,,,EN,2025-12-19T00:00:00.000Z
MALARIA_EST_DEATHS,Estimated number of malaria deaths,text,SEAR,South-East Asia,Country,PRK,Democratic People's Republic of Korea,Year,2004,false,,,,,,,,,,,,,0,,,,,,0,,,EN,2025-12-19T00:00:00.000Z
MALARIA_EST_DEATHS,Estimated number of malaria deaths,text,EMR,Eastern Mediterranean,Country,EGY,Egypt,Year,2004,false,,,,,,,,,,,,,0,,,,,,0,,,EN,2025-12-19T00:00:00.000Z
MALARIA_EST_DEATHS,Estimated number of malaria deaths,text,AMR,Americas,Country,SLV,El Salvador,Year,2004,false,,,,,,,,,,,,,0,,,,,,0,,,EN,2025-12-19T00:00:00.000Z
MALARIA_EST_DEATHS,Estimated number of malaria deaths,text,EUR,Europe,Country,GEO,Georgia,Year,2004,false,,,,,,,,,,,,,0,,,,,,0,,,EN,2025-12-19T00:00:00.000Z
MALARIA_EST_DEATHS,Estimated number of malaria deaths,text,EMR,Eastern Mediterranean,Country,IRQ,Iraq,Year,2004,false,,,,,,,,,,,,,0,,,,,,0,,,EN,2025-12-19T00:00:00.000Z
MALARIA_EST_DEATHS,Estimated number of malaria deaths,text,EUR,Europe,Country,KAZ,Kazakhstan,Year,2004,false,,,,,,,,,,,,,0,,,,,,0,,,EN,2025-12-19T00:00:00.000Z
MALARIA_EST_DEATHS,Estimated number of malaria deaths,text,EUR,Europe,Country,KGZ,Kyrgyzstan,Year,2004,false,,,,,,,,,,,,,0,,,,,,0,,,EN,2025-12-19T00:00:00.000Z
MALARIA_EST_DEATHS,Estimated number of malaria deaths,text,AMR,Americas,Country,MEX,Mexico,Year,2004,false,,,,,,,,,,,,,0,,,,,,0,,,EN,2025-12-19T00:00:00.000Z
MALARIA_EST_DEATHS,Estimated number of malaria deaths,text,EMR,Eastern Mediterranean,Country,MAR,Morocco,Year,2004,false,,,,,,,,,,,,,0,,,,,,0,,,EN,2025-12-19T00:00:00.000Z
MALARIA_EST_DEATHS,Estimated number of malaria deaths,text,EMR,Eastern Mediterranean,Country,OMN,Oman,Year,2004,false,,,,,,,,,,,,,0,,,,,,0,,,EN,2025-12-19T00:00:00.000Z
MALARIA_EST_DEATHS,Estimated number of malaria deaths,text,AMR,Americas,Country,PRY,Paraguay,Year,2004,false,,,,,,,,,,,,,0,,,,,,0,,,EN,2025-12-19T00:00:00.000Z
MALARIA_EST_DEATHS,Estimated number of malaria deaths,text,WPR,Western Pacific,Country,KOR,Republic of Korea,Year,2004,false,,,,,,,,,,,,,0,,,,,,0,,,EN,2025-12-19T00:00:00.000Z
MALARIA_EST_DEATHS,Estimated number of malaria deaths,text,EMR,Eastern Mediterranean,Country,SAU,Saudi Arabia,Year,2004,false,,,,,,,,,,,,,0,,,,,,0,,,EN,2025-12-19T00:00:00.000Z
MALARIA_EST_DEATHS,Estimated number of malaria deaths,text,EMR,Eastern Mediterranean,Country,SYR,Syrian Arab Republic,Year,2004,false,,,,,,,,,,,,,0,,,,,,0,,,EN,2025-12-19T00:00:00.000Z
MALARIA_EST_DEATHS,Estimated number of malaria deaths,text,EUR,Europe,Country,TUR,Türkiye,Year,2004,false,,,,,,,,,,,,,0,,,,,,0,,,EN,2025-12-19T00:00:00.000Z
MALARIA_EST_DEATHS,Estimated number of malaria deaths,text,EUR,Europe,Country,TJK,Tajikistan,Year,2004,false,,,,,,,,,,,,,0,,,,,,0,,,EN,2025-12-19T00:00:00.000Z
MALARIA_EST_DEATHS,Estimated number of malaria deaths,text,EUR,Europe,Country,TKM,Turkmenistan,Year,2004,false,,,,,,,,,,,,,0,,,,,,0,,,EN,2025-12-19T00:00:00.000Z
MALARIA_EST_DEATHS,Estimated number of malaria deaths,text,EMR,Eastern Mediterranean,Country,ARE,United Arab Emirates,Year,2004,false,,,,,,,,,,,,,0,,,,,,0,,,EN,2025-12-19T00:00:00.000Z
MALARIA_EST_DEATHS,Estimated number of malaria deaths,text,EUR,Europe,Country,UZB,Uzbekistan,Year,2004,false,,,,,,,,,,,,,0,,,,,,0,,,EN,2025-12-19T00:00:00.000Z
MALARIA_EST_DEATHS,Estimated number of malaria deaths,text,AMR,Americas,Country,BLZ,Belize,Year,2004,false,,,,,,,,,,,,,1,,,,,,1,,,EN,2025-12-19T00:00:00.000Z
MALARIA_EST_DEATHS,Estimated number of malaria deaths,text,AMR,Americas,Country,GUF,French Guiana,Year,2004,false,,,,,,,,,,,,,1,,,,,,1,,,EN,2025-12-19T00:00:00.000Z
MALARIA_EST_DEATHS,Estimated number of malaria deaths,text,EMR,Eastern Mediterranean,Country,IRN,Iran (Islamic Republic of),Year,2004,false,,,,,,,,,,,,,1,,,,,,1,,,EN,2025-12-19T00:00:00.000Z
MALARIA_EST_DEATHS,Estimated number of malaria deaths,text,AMR,Americas,Country,NIC,Nicaragua,Year,2004,false,,,,,,,,,,,,,1,,,,,,1,,,EN,2025-12-19T00:00:00.000Z
MALARIA_EST_DEATHS,Estimated number of malaria deaths,text,SEAR,South-East Asia,Country,LKA,Sri Lanka,Year,2004,false,,,,,,,,,,,,,1,,,,,,1,,,EN,2025-12-19T00:00:00.000Z
MALARIA_EST_DEATHS,Estimated number of malaria deaths,text,AFR,Africa,Country,GIN,Guinea,Year,2004,false,,,,,,,,,,,,,10657,,,10000,,11300,10 657 [10 000-11 300],,,EN,2025-12-19T00:00:00.000Z
MALARIA_EST_DEATHS,Estimated number of malaria deaths,text,AMR,Americas,Country,BRA,Brazil,Year,2004,false,,,,,,,,,,,,,102,,,,,,102,,,EN,2025-12-19T00:00:00.000Z
MALARIA_EST_DEATHS,Estimated number of malaria deaths,text,WPR,Western Pacific,Country,LAO,Lao People's Democratic Republic,Year,2004,false,,,,,,,,,,,,,105,,,,,,105,,,EN,2025-12-19T00:00:00.000Z
MALARIA_EST_DEATHS,Estimated number of malaria deaths,text,AFR,Africa,Country,COD,Democratic Republic of the Congo,Year,2004,false,,,,,,,,,,,,,108750,,,98500,,120000,108 750 [98 500-120 000],,,EN,2025-12-19T00:00:00.000Z
MALARIA_EST_DEATHS,Estimated number of malaria deaths,text,AFR,Africa,Country,KEN,Kenya,Year,2004,false,,,,,,,,,,,,,11284,,,10900,,11700,11 284 [10 900-11 700],,,EN,2025-12-19T00:00:00.000Z
MALARIA_EST_DEATHS,Estimated number of malaria deaths,text,AFR,Africa,Country,BEN,Benin,Year,2004,false,,,,,,,,,,,,,11380,,,10700,,12100,11 380 [10 700-12 100],,,EN,2025-12-19T00:00:00.000Z
MALARIA_EST_DEATHS,Estimated number of malaria deaths,text,AFR,Africa,Country,SLE,Sierra Leone,Year,2004,false,,,,,,,,,,,,,11799,,,11100,,12500,11 799 [11 100-12 500],,,EN,2025-12-19T00:00:00.000Z
MALARIA_EST_DEATHS,Estimated number of malaria deaths,text,AFR,Africa,Country,MWI,Malawi,Year,2004,false,,,,,,,,,,,,,11893,,,11300,,12500,11 893 [11 300-12 500],,,EN,2025-12-19T00:00:00.000Z
MALARIA_EST_DEATHS,Estimated number of malaria deaths,text,WPR,Western Pacific,Country,VNM,Viet Nam,Year,2004,false,,,,,,,,,,,,,115,,,54,,190,115 [54-190],,,EN,2025-12-19T00:00:00.000Z
MALARIA_EST_DEATHS,Estimated number of malaria deaths,text,AFR,Africa,Country,NAM,Namibia,Year,2004,false,,,,,,,,,,,,,1185,,,,,,1185,,,EN,2025-12-19T00:00:00.000Z
MALARIA_EST_DEATHS,Estimated number of malaria deaths,text,AMR,Americas,Country,HND,Honduras,Year,2004,false,,,,,,,,,,,,,12,,,4,,20,12 [4-20],,,EN,2025-12-19T00:00:00.000Z
MALARIA_EST_DEATHS,Estimated number of malaria deaths,text,AMR,Americas,Country,COL,Colombia,Year,2004,false,,,,,,,,,,,,,126,,,,,,126,,,EN,2025-12-19T00:00:00.000Z
MALARIA_EST_DEATHS,Estimated number of malaria deaths,text,WPR,Western Pacific,Country,IDN,Indonesia,Year,2004,false,,,,,,,,,,,,,1367,,,700,,2070,1367 [700-2070],,,EN,2025-12-19T00:00:00.000Z
MALARIA_EST_DEATHS,Estimated number of malaria deaths,text,AMR,Americas,Country,GTM,Guatemala,Year,2004,false,,,,,,,,,,,,,14,,,6,,23,14 [6-23],,,EN,2025-12-19T00:00:00.000Z
MALARIA_EST_DEATHS,Estimated number of malaria deaths,text,AFR,Africa,Country,GHA,Ghana,Year,2004,false,,,,,,,,,,,,,15615,,,15100,,16200,15 615 [15 100-16 200],,,EN,2025-12-19T00:00:00.000Z
MALARIA_EST_DEATHS,Estimated number of malaria deaths,text,AMR,Americas,Country,DOM,Dominican Republic,Year,2004,false,,,,,,,,,,,,,16,,,,,,16,,,EN,2025-12-19T00:00:00.000Z
MALARIA_EST_DEATHS,Estimated number of malaria deaths,text,AFR,Africa,Country,STP,Sao Tome and Principe,Year,2004,false,,,,,,,,,,,,,169,,,,,,169,,,EN,2025-12-19T00:00:00.000Z
MALARIA_EST_DEATHS,Estimated number of malaria deaths,text,AFR,Africa,Country,NER,Niger,Year,2004,false,,,,,,,,,,,,,17868,,,16800,,19000,17 868 [16 800-19 000],,,EN,2025-12-19T00:00:00.000Z
MALARIA_EST_DEATHS,Estimated number of malaria deaths,text,AFR,Africa,Country,BWA,Botswana,Year,2004,false,,,,,,,,,,,,,19,,,,,,19,,,EN,2025-12-19T00:00:00.000Z
MALARIA_EST_DEATHS,Estimated number of malaria deaths,text,AMR,Americas,Country,HTI,Haiti,Year,2004,false,,,,,,,,,,,,,197,,,72,,400,197 [72-400],,,EN,2025-12-19T00:00:00.000Z
MALARIA_EST_DEATHS,Estimated number of malaria deaths,text,AMR,Americas,Country,PAN,Panama,Year,2004,false,,,,,,,,,,,,,2,,,,,,2,,,EN,2025-12-19T00:00:00.000Z
MALARIA_EST_DEATHS,Estimated number of malaria deaths,text,AFR,Africa,Country,MLI,Mali,Year,2004,false,,,,,,,,,,,,,20574,,,19400,,21800,20 574 [19 400-21 800],,,EN,2025-12-19T00:00:00.000Z
MALARIA_EST_DEATHS,Estimated number of malaria deaths,text,AFR,Africa,Country,CMR,Cameroon,Year,2004,false,,,,,,,,,,,,,20746,,,19400,,22200,20 746 [19 400-22 200],,,EN,2025-12-19T00:00:00.000Z
MALARIA_EST_DEATHS,Estimated number of malaria deaths,text,AFR,Africa,Country,MDG,Madagascar,Year,2004,false,,,,,,,,,,,,,2062,,,82,,5360,2062 [82-5360],,,EN,2025-12-19T00:00:00.000Z
MALARIA_EST_DEATHS,Estimated number of malaria deaths,text,AFR,Africa,Country,AGO,Angola,Year,2004,false,,,,,,,,,,,,,21219,,,18800,,24100,21 219 [18 800-24 100],,,EN,2025-12-19T00:00:00.000Z
MALARIA_EST_DEATHS,Estimated number of malaria deaths,text,AFR,Africa,Country,NGA,Nigeria,Year,2004,false,,,,,,,,,,,,,226329,,,213000,,241000,226 329 [213 000-241 000],,,EN,2025-12-19T00:00:00.000Z
MALARIA_EST_DEATHS,Estimated number of malaria deaths,text,AFR,Africa,Country,ETH,Ethiopia,Year,2004,false,,,,,,,,,,,,,23117,,,6220,,73200,23 117 [6220-73 200],,,EN,2025-12-19T00:00:00.000Z
MALARIA_EST_DEATHS,Estimated number of malaria deaths,text,SEAR,South-East Asia,Country,THA,Thailand,Year,2004,false,,,,,,,,,,,,,230,,,,,,230,,,EN,2025-12-19T00:00:00.000Z
MALARIA_EST_DEATHS,Estimated number of malaria deaths,text,AFR,Africa,Country,COG,Congo,Year,2004,false,,,,,,,,,,,,,2324,,,2190,,2470,2324 [2190-2470],,,EN,2025-12-19T00:00:00.000Z
MALARIA_EST_DEATHS,Estimated number of malaria deaths,text,WPR,Western Pacific,Country,PHL,Philippines,Year,2004,false,,,,,,,,,,,,,233,,,98,,410,233 [98-410],,,EN,2025-12-19T00:00:00.000Z
MALARIA_EST_DEATHS,Estimated number of malaria deaths,text,EMR,Eastern Mediterranean,Country,YEM,Yemen,Year,2004,false,,,,,,,,,,,,,2391,,,770,,11700,2391 [770-11 700],,,EN,2025-12-19T00:00:00.000Z
MALARIA_EST_DEATHS,Estimated number of malaria deaths,text,AFR,Africa,Country,GAB,Gabon,Year,2004,false,,,,,,,,,,,,,253,,,240,,270,253 [240-270],,,EN,2025-12-19T00:00:00.000Z
MALARIA_EST_DEATHS,Estimated number of malaria deaths,text,AFR,Africa,Country,ZWE,Zimbabwe,Year,2004,false,,,,,,,,,,,,,2557,,,470,,7140,2557 [470-7140],,,EN,2025-12-19T00:00:00.000Z
MALARIA_EST_DEATHS,Estimated number of malaria deaths,text,AFR,Africa,Country,SWZ,Eswatini,Year,2004,false,,,,,,,,,,,,,28,,,,,,28,,,EN,2025-12-19T00:00:00.000Z
MALARIA_EST_DEATHS,Estimated number of malaria deaths,text,SEAR,South-East Asia,Country,MMR,Myanmar,Year,2004,false,,,,,,,,,,,,,2855,,,1250,,5300,2855 [1250-5300],,,EN,2025-12-19T00:00:00.000Z
MALARIA_EST_DEATHS,Estimated number of malaria deaths,text,AFR,Africa,Country,TZA,United Republic of Tanzania,Year,2004,false,,,,,,,,,,,,,29973,,,28700,,31300,29 973 [28 700-31 300],,,EN,2025-12-19T00:00:00.000Z
MALARIA_EST_DEATHS,Estimated number of malaria deaths,text,WPR,Western Pacific,Country,CHN,China,Year,2004,false,,,,,,,,,,,,,31,,,,,,31,,,EN,2025-12-19T00:00:00.000Z
MALARIA_EST_DEATHS,Estimated number of malaria deaths,text,EMR,Eastern Mediterranean,Country,SOM,Somalia,Year,2004,false,,,,,,,,,,,,,3177,,,1360,,5680,3177 [1360-5680],,,EN,2025-12-19T00:00:00.000Z
MALARIA_EST_DEATHS,Estimated number of malaria deaths,text,AFR,Africa,Country,ERI,Eritrea,Year,2004,false,,,,,,,,,,,,,32,,,11,,69,32 [11-69],,,EN,2025-12-19T00:00:00.000Z
MALARIA_EST_DEATHS,Estimated number of malaria deaths,text,SEAR,South-East Asia,Country,IND,India,Year,2004,false,,,,,,,,,,,,,32106,,,15600,,53000,32 106 [15 600-53 000],,,EN,2025-12-19T00:00:00.000Z
MALARIA_EST_DEATHS,Estimated number of malaria deaths,text,AFR,Africa,Country,MOZ,Mozambique,Year,2004,false,,,,,,,,,,,,,32801,,,30400,,35500,32 801 [30 400-35 500],,,EN,2025-12-19T00:00:00.000Z
MALARIA_EST_DEATHS,Estimated number of malaria deaths,text,AFR,Africa,Country,CIV,Cote d'Ivoire,Year,2004,false,,,,,,,,,,,,,34158,,,32000,,36500,34 158 [32 000-36 500],,,EN,2025-12-19T00:00:00.000Z
MALARIA_EST_DEATHS,Estimated number of malaria deaths,text,WPR,Western Pacific,Country,MYS,Malaysia,Year,2004,false,,,,,,,,,,,,,35,,,,,,35,,,EN,2025-12-19T00:00:00.000Z
MALARIA_EST_DEATHS,Estimated number of malaria deaths,text,AMR,Americas,Country,VEN,Venezuela (Bolivarian Republic of),Year,2004,false,,,,,,,,,,,,,35,,,,,,35,,,EN,2025-12-19T00:00:00.000Z
MALARIA_EST_DEATHS,Estimated number of malaria deaths,text,AFR,Africa,Country,UGA,Uganda,Year,2004,false,,,,,,,,,,,,,35430,,,33600,,37300,35 430 [33 600-37 300],,,EN,2025-12-19T00:00:00.000Z
MALARIA_EST_DEATHS,Estimated number of malaria deaths,text,EMR,Eastern Mediterranean,Country,AFG,Afghanistan,Year,2004,false,,,,,,,,,,,,,350,,,150,,660,350 [150-660],,,EN,2025-12-19T00:00:00.000Z
MALARIA_EST_DEATHS,Estimated number of malaria deaths,text,WPR,Western Pacific,Country,PNG,Papua New Guinea,Year,2004,false,,,,,,,,,,,,,3517,,,990,,7630,3517 [990-7630],,,EN,2025-12-19T00:00:00.000Z
MALARIA_EST_DEATHS,Estimated number of malaria deaths,text,AFR,Africa,Country,SEN,Senegal,Year,2004,false,,,,,,,,,,,,,3550,,,3470,,3640,3550 [3470-3640],,,EN,2025-12-19T00:00:00.000Z
MALARIA_EST_DEATHS,Estimated number of malaria deaths,text,AFR,Africa,Country,RWA,Rwanda,Year,2004,false,,,,,,,,,,,,,3689,,,3560,,3820,3689 [3560-3820],,,EN,2025-12-19T00:00:00.000Z
MALARIA_EST_DEATHS,Estimated number of malaria deaths,text,AMR,Americas,Country,ECU,Ecuador,Year,2004,false,,,,,,,,,,,,,37,,,,,,37,,,EN,2025-12-19T00:00:00.000Z
MALARIA_EST_DEATHS,Estimated number of malaria deaths,text,AFR,Africa,Country,BFA,Burkina Faso,Year,2004,false,,,,,,,,,,,,,37437,,,34900,,40200,37 437 [34 900-40 200],,,EN,2025-12-19T00:00:00.000Z
MALARIA_EST_DEATHS,Estimated number of malaria deaths,text,AFR,Africa,Country,LBR,Liberia,Year,2004,false,,,,,,,,,,,,,3789,,,3570,,4030,3789 [3570-4030],,,EN,2025-12-19T00:00:00.000Z
MALARIA_EST_DEATHS,Estimated number of malaria deaths,text,AFR,Africa,Country,CPV,Cabo Verde,Year,2004,false,,,,,,,,,,,,,4,,,,,,4,,,EN,2025-12-19T00:00:00.000Z
MALARIA_EST_DEATHS,Estimated number of malaria deaths,text,EMR,Eastern Mediterranean,Country,DJI,Djibouti,Year,2004,false,,,,,,,,,,,,,4,,,1,,9,4 [1-9],,,EN,2025-12-19T00:00:00.000Z
MALARIA_EST_DEATHS,Estimated number of malaria deaths,text,EMR,Eastern Mediterranean,Country,SDN,Sudan,Year,2004,false,,,,,,,,,,,,,4245,,,1790,,7660,4245 [1790-7660],,,EN,2025-12-19T00:00:00.000Z
MALARIA_EST_DEATHS,Estimated number of malaria deaths,text,SEAR,South-East Asia,Country,TLS,Timor-Leste,Year,2004,false,,,,,,,,,,,,,449,,,180,,800,449 [180-800],,,EN,2025-12-19T00:00:00.000Z
MALARIA_EST_DEATHS,Estimated number of malaria deaths,text,WPR,Western Pacific,Country,VUT,Vanuatu,Year,2004,false,,,,,,,,,,,,,46,,,20,,78,46 [20-78],,,EN,2025-12-19T00:00:00.000Z
MALARIA_EST_DEATHS,Estimated number of malaria deaths,text,AFR,Africa,Country,GMB,Gambia,Year,2004,false,,,,,,,,,,,,,471,,,460,,490,471 [460-490],,,EN,2025-12-19T00:00:00.000Z
MALARIA_EST_DEATHS,Estimated number of malaria deaths,text,SEAR,South-East Asia,Country,BGD,Bangladesh,Year,2004,false,,,,,,,,,,,,,505,,,,,,505,,,EN,2025-12-19T00:00:00.000Z
MALARIA_EST_DEATHS,Estimated number of malaria deaths,text,AMR,Americas,Country,GUY,Guyana,Year,2004,false,,,,,,,,,,,,,51,,,25,,83,51 [25-83],,,EN,2025-12-19T00:00:00.000Z
MALARIA_EST_DEATHS,Estimated number of malaria deaths,text,AFR,Africa,Country,GNQ,Equatorial Guinea,Year,2004,false,,,,,,,,,,,,,550,,,510,,590,550 [510-590],,,EN,2025-12-19T00:00:00.000Z
MALARIA_EST_DEATHS,Estimated number of malaria deaths,text,AFR,Africa,Country,CAF,Central African Republic,Year,2004,false,,,,,,,,,,,,,6141,,,5620,,6740,6141 [5620-6740],,,EN,2025-12-19T00:00:00.000Z
MALARIA_EST_DEATHS,Estimated number of malaria deaths,text,AFR,Africa,Country,MRT,Mauritania,Year,2004,false,,,,,,,,,,,,,620,,,600,,640,620 [600-640],,,EN,2025-12-19T00:00:00.000Z
MALARIA_EST_DEATHS,Estimated number of malaria deaths,text,EMR,Eastern Mediterranean,Country,PAK,Pakistan,Year,2004,false,,,,,,,,,,,,,643,,,270,,1410,643 [270-1410],,,EN,2025-12-19T00:00:00.000Z
MALARIA_EST_DEATHS,Estimated number of malaria deaths,text,WPR,Western Pacific,Country,SLB,Solomon Islands,Year,2004,false,,,,,,,,,,,,,652,,,250,,1290,652 [250-1290],,,EN,2025-12-19T00:00:00.000Z
MALARIA_EST_DEATHS,Estimated number of malaria deaths,text,AFR,Africa,Country,TGO,Togo,Year,2004,false,,,,,,,,,,,,,6728,,,6330,,7160,6728 [6330-7160],,,EN,2025-12-19T00:00:00.000Z
MALARIA_EST_DEATHS,Estimated number of malaria deaths,text,SEAR,South-East Asia,Country,BTN,Bhutan,Year,2004,false,,,,,,,,,,,,,7,,,,,,7,,,EN,2025-12-19T00:00:00.000Z
MALARIA_EST_DEATHS,Estimated number of malaria deaths,text,SEAR,South-East Asia,Country,NPL,Nepal,Year,2004,false,,,,,,,,,,,,,7,,,,,,7,,,EN,2025-12-19T00:00:00.000Z
MALARIA_EST_DEATHS,Estimated number of malaria deaths,text,AMR,Americas,Country,SUR,Suriname,Year,2004,false,,,,,,,,,,,,,7,,,,,,7,,,EN,2025-12-19T00:00:00.000Z
MALARIA_EST_DEATHS,Estimated number of malaria deaths,text,AFR,Africa,Country,MYT,Mayotte,Year,2004,false,,,,,,,,,,,,,743,,,743,,743,743 [743-743],,,EN,2025-12-19T00:00:00.000Z
MALARIA_EST_DEATHS,Estimated number of malaria deaths,text,AFR,Africa,Country,BDI,Burundi,Year,2004,false,,,,,,,,,,,,,8155,,,7530,,8880,8155 [7530-8880],,,EN,2025-12-19T00:00:00.000Z
MALARIA_EST_DEATHS,Estimated number of malaria deaths,text,AFR,Africa,Country,ZMB,Zambia,Year,2004,false,,,,,,,,,,,,,8669,,,8280,,9070,8669 [8280-9070],,,EN,2025-12-19T00:00:00.000Z
MALARIA_EST_DEATHS,Estimated number of malaria deaths,text,AFR,Africa,Country,GNB,Guinea-Bissau,Year,2004,false,,,,,,,,,,,,,867,,,820,,930,867 [820-930],,,EN,2025-12-19T00:00:00.000Z
MALARIA_EST_DEATHS,Estimated number of malaria deaths,text,AFR,Africa,Country,ZAF,South Africa,Year,2004,false,,,,,,,,,,,,,88,,,,,,88,,,EN,2025-12-19T00:00:00.000Z
MALARIA_EST_DEATHS,Estimated number of malaria deaths,text,AFR,Africa,Country,TCD,Chad,Year,2004,false,,,,,,,,,,,,,8848,,,8310,,9440,8848 [8310-9440],,,EN,2025-12-19T00:00:00.000Z
MALARIA_EST_DEATHS,Estimated number of malaria deaths,text,AFR,Africa,Country,COM,Comoros,Year,2004,false,,,,,,,,,,,,,89,,,31,,180,89 [31-180],,,EN,2025-12-19T00:00:00.000Z
MALARIA_EST_DEATHS,Estimated number of malaria deaths,text,WPR,Western Pacific,Country,KHM,Cambodia,Year,2004,false,,,,,,,,,,,,,894,,,410,,1460,894 [410-1460],,,EN,2025-12-19T00:00:00.000Z
MALARIA_EST_DEATHS,Estimated number of malaria deaths,text,AFR,Africa,Country,SSD,South Sudan,Year,2004,false,,,,,,,,,,,,,8967,,,7830,,10200,8967 [7830-10 200],,,EN,2025-12-19T00:00:00.000Z
MALARIA_EST_DEATHS,Estimated number of malaria deaths,text,AMR,Americas,Country,BOL,Bolivia (Plurinational State of),Year,2004,false,,,,,,,,,,,,,9,,,3,,15,9 [3-15],,,EN,2025-12-19T00:00:00.000Z
MALARIA_EST_DEATHS,Estimated number of malaria deaths,text,AMR,Americas,Country,PER,Peru,Year,2004,false,,,,,,,,,,,,,98,,,51,,150,98 [51-150],,,EN,2025-12-19T00:00:00.000Z
MALARIA_EST_DEATHS,Estimated number of malaria deaths,text,AFR,Africa,Country,DZA,Algeria,Year,2003,false,,,,,,,,,,,,,0,,,,,,0,,,EN,2025-12-19T00:00:00.000Z
MALARIA_EST_DEATHS,Estimated number of malaria deaths,text,EUR,Europe,Country,ARM,Armenia,Year,2003,false,,,,,,,,,,,,,0,,,,,,0,,,EN,2025-12-19T00:00:00.000Z
MALARIA_EST_DEATHS,Estimated number of malaria deaths,text,EUR,Europe,Country,AZE,Azerbaijan,Year,2003,false,,,,,,,,,,,,,0,,,,,,0,,,EN,2025-12-19T00:00:00.000Z
MALARIA_EST_DEATHS,Estimated number of malaria deaths,text,AMR,Americas,Country,BLZ,Belize,Year,2003,false,,,,,,,,,,,,,0,,,,,,0,,,EN,2025-12-19T00:00:00.000Z
MALARIA_EST_DEATHS,Estimated number of malaria deaths,text,AMR,Americas,Country,CRI,Costa Rica,Year,2003,false,,,,,,,,,,,,,0,,,,,,0,,,EN,2025-12-19T00:00:00.000Z
MALARIA_EST_DEATHS,Estimated number of malaria deaths,text,SEAR,South-East Asia,Country,PRK,Democratic People's Republic of Korea,Year,2003,false,,,,,,,,,,,,,0,,,,,,0,,,EN,2025-12-19T00:00:00.000Z
MALARIA_EST_DEATHS,Estimated number of malaria deaths,text,EMR,Eastern Mediterranean,Country,EGY,Egypt,Year,2003,false,,,,,,,,,,,,,0,,,,,,0,,,EN,2025-12-19T00:00:00.000Z
MALARIA_EST_DEATHS,Estimated number of malaria deaths,text,AMR,Americas,Country,SLV,El Salvador,Year,2003,false,,,,,,,,,,,,,0,,,,,,0,,,EN,2025-12-19T00:00:00.000Z
MALARIA_EST_DEATHS,Estimated number of malaria deaths,text,EUR,Europe,Country,GEO,Georgia,Year,2003,false,,,,,,,,,,,,,0,,,,,,0,,,EN,2025-12-19T00:00:00.000Z
MALARIA_EST_DEATHS,Estimated number of malaria deaths,text,EMR,Eastern Mediterranean,Country,IRQ,Iraq,Year,2003,false,,,,,,,,,,,,,0,,,,,,0,,,EN,2025-12-19T00:00:00.000Z
MALARIA_EST_DEATHS,Estimated number of malaria deaths,text,EUR,Europe,Country,KAZ,Kazakhstan,Year,2003,false,,,,,,,,,,,,,0,,,,,,0,,,EN,2025-12-19T00:00:00.000Z
MALARIA_EST_DEATHS,Estimated number of malaria deaths,text,EUR,Europe,Country,KGZ,Kyrgyzstan,Year,2003,false,,,,,,,,,,,,,0,,,,,,0,,,EN,2025-12-19T00:00:00.000Z
MALARIA_EST_DEATHS,Estimated number of malaria deaths,text,AMR,Americas,Country,MEX,Mexico,Year,2003,false,,,,,,,,,,,,,0,,,,,,0,,,EN,2025-12-19T00:00:00.000Z
MALARIA_EST_DEATHS,Estimated number of malaria deaths,text,EMR,Eastern Mediterranean,Country,MAR,Morocco,Year,2003,false,,,,,,,,,,,,,0,,,,,,0,,,EN,2025-12-19T00:00:00.000Z
MALARIA_EST_DEATHS,Estimated number of malaria deaths,text,EMR,Eastern Mediterranean,Country,OMN,Oman,Year,2003,false,,,,,,,,,,,,,0,,,,,,0,,,EN,2025-12-19T00:00:00.000Z
MALARIA_EST_DEATHS,Estimated number of malaria deaths,text,AMR,Americas,Country,PRY,Paraguay,Year,2003,false,,,,,,,,,,,,,0,,,,,,0,,,EN,2025-12-19T00:00:00.000Z
MALARIA_EST_DEATHS,Estimated number of malaria deaths,text,WPR,Western Pacific,Country,KOR,Republic of Korea,Year,2003,false,,,,,,,,,,,,,0,,,,,,0,,,EN,2025-12-19T00:00:00.000Z
MALARIA_EST_DEATHS,Estimated number of malaria deaths,text,EMR,Eastern Mediterranean,Country,SAU,Saudi Arabia,Year,2003,false,,,,,,,,,,,,,0,,,,,,0,,,EN,2025-12-19T00:00:00.000Z
MALARIA_EST_DEATHS,Estimated number of malaria deaths,text,EMR,Eastern Mediterranean,Country,SYR,Syrian Arab Republic,Year,2003,false,,,,,,,,,,,,,0,,,,,,0,,,EN,2025-12-19T00:00:00.000Z
MALARIA_EST_DEATHS,Estimated number of malaria deaths,text,EUR,Europe,Country,TUR,Türkiye,Year,2003,false,,,,,,,,,,,,,0,,,,,,0,,,EN,2025-12-19T00:00:00.000Z
MALARIA_EST_DEATHS,Estimated number of malaria deaths,text,EUR,Europe,Country,TJK,Tajikistan,Year,2003,false,,,,,,,,,,,,,0,,,,,,0,,,EN,2025-12-19T00:00:00.000Z
MALARIA_EST_DEATHS,Estimated number of malaria deaths,text,EUR,Europe,Country,TKM,Turkmenistan,Year,2003,false,,,,,,,,,,,,,0,,,,,,0,,,EN,2025-12-19T00:00:00.000Z
MALARIA_EST_DEATHS,Estimated number of malaria deaths,text,EMR,Eastern Mediterranean,Country,ARE,United Arab Emirates,Year,2003,false,,,,,,,,,,,,,0,,,,,,0,,,EN,2025-12-19T00:00:00.000Z
MALARIA_EST_DEATHS,Estimated number of malaria deaths,text,EUR,Europe,Country,UZB,Uzbekistan,Year,2003,false,,,,,,,,,,,,,0,,,,,,0,,,EN,2025-12-19T00:00:00.000Z
MALARIA_EST_DEATHS,Estimated number of malaria deaths,text,AMR,Americas,Country,ARG,Argentina,Year,2003,false,,,,,,,,,,,,,1,,,,,,1,,,EN,2025-12-19T00:00:00.000Z
MALARIA_EST_DEATHS,Estimated number of malaria deaths,text,AFR,Africa,Country,ZMB,Zambia,Year,2003,false,,,,,,,,,,,,,10245,,,9770,,10700,10 245 [9770-10 700],,,EN,2025-12-19T00:00:00.000Z
MALARIA_EST_DEATHS,Estimated number of malaria deaths,text,AFR,Africa,Country,COD,Democratic Republic of the Congo,Year,2003,false,,,,,,,,,,,,,103447,,,94200,,114000,103 447 [94 200-114 000],,,EN,2025-12-19T00:00:00.000Z
MALARIA_EST_DEATHS,Estimated number of malaria deaths,text,AMR,Americas,Country,BRA,Brazil,Year,2003,false,,,,,,,,,,,,,104,,,,,,104,,,EN,2025-12-19T00:00:00.000Z
MALARIA_EST_DEATHS,Estimated number of malaria deaths,text,WPR,Western Pacific,Country,KHM,Cambodia,Year,2003,false,,,,,,,,,,,,,1062,,,480,,1790,1062 [480-1790],,,EN,2025-12-19T00:00:00.000Z
MALARIA_EST_DEATHS,Estimated number of malaria deaths,text,AFR,Africa,Country,NAM,Namibia,Year,2003,false,,,,,,,,,,,,,1106,,,,,,1106,,,EN,2025-12-19T00:00:00.000Z
MALARIA_EST_DEATHS,Estimated number of malaria deaths,text,AFR,Africa,Country,ERI,Eritrea,Year,2003,false,,,,,,,,,,,,,112,,,36,,240,112 [36-240],,,EN,2025-12-19T00:00:00.000Z
MALARIA_EST_DEATHS,Estimated number of malaria deaths,text,AMR,Americas,Country,COL,Colombia,Year,2003,false,,,,,,,,,,,,,118,,,,,,118,,,EN,2025-12-19T00:00:00.000Z
MALARIA_EST_DEATHS,Estimated number of malaria deaths,text,AMR,Americas,Country,DOM,Dominican Republic,Year,2003,false,,,,,,,,,,,,,12,,,,,,12,,,EN,2025-12-19T00:00:00.000Z
MALARIA_EST_DEATHS,Estimated number of malaria deaths,text,AMR,Americas,Country,BOL,Bolivia (Plurinational State of),Year,2003,false,,,,,,,,,,,,,12,,,5,,21,12 [5-21],,,EN,2025-12-19T00:00:00.000Z
MALARIA_EST_DEATHS,Estimated number of malaria deaths,text,AFR,Africa,Country,GIN,Guinea,Year,2003,false,,,,,,,,,,,,,12188,,,11500,,13000,12 188 [11 500-13 000],,,EN,2025-12-19T00:00:00.000Z
MALARIA_EST_DEATHS,Estimated number of malaria deaths,text,AFR,Africa,Country,KEN,Kenya,Year,2003,false,,,,,,,,,,,,,12672,,,12200,,13200,12 672 [12 200-13 200],,,EN,2025-12-19T00:00:00.000Z
MALARIA_EST_DEATHS,Estimated number of malaria deaths,text,AFR,Africa,Country,SLE,Sierra Leone,Year,2003,false,,,,,,,,,,,,,12823,,,12000,,13600,12 823 [12 000-13 600],,,EN,2025-12-19T00:00:00.000Z
MALARIA_EST_DEATHS,Estimated number of malaria deaths,text,SEAR,South-East Asia,Country,TLS,Timor-Leste,Year,2003,false,,,,,,,,,,,,,125,,,59,,200,125 [59-200],,,EN,2025-12-19T00:00:00.000Z
MALARIA_EST_DEATHS,Estimated number of malaria deaths,text,AFR,Africa,Country,MWI,Malawi,Year,2003,false,,,,,,,,,,,,,13882,,,13200,,14600,13 882 [13 200-14 600],,,EN,2025-12-19T00:00:00.000Z
MALARIA_EST_DEATHS,Estimated number of malaria deaths,text,SEAR,South-East Asia,Country,BTN,Bhutan,Year,2003,false,,,,,,,,,,,,,14,,,,,,14,,,EN,2025-12-19T00:00:00.000Z
MALARIA_EST_DEATHS,Estimated number of malaria deaths,text,AFR,Africa,Country,ZAF,South Africa,Year,2003,false,,,,,,,,,,,,,142,,,,,,142,,,EN,2025-12-19T00:00:00.000Z
MALARIA_EST_DEATHS,Estimated number of malaria deaths,text,AMR,Americas,Country,GTM,Guatemala,Year,2003,false,,,,,,,,,,,,,16,,,7,,27,16 [7-27],,,EN,2025-12-19T00:00:00.000Z
MALARIA_EST_DEATHS,Estimated number of malaria deaths,text,AFR,Africa,Country,GHA,Ghana,Year,2003,false,,,,,,,,,,,,,16738,,,16100,,17400,16 738 [16 100-17 400],,,EN,2025-12-19T00:00:00.000Z
MALARIA_EST_DEATHS,Estimated number of malaria deaths,text,WPR,Western Pacific,Country,IDN,Indonesia,Year,2003,false,,,,,,,,,,,,,1615,,,780,,2730,1615 [780-2730],,,EN,2025-12-19T00:00:00.000Z
MALARIA_EST_DEATHS,Estimated number of malaria deaths,text,AFR,Africa,Country,BWA,Botswana,Year,2003,false,,,,,,,,,,,,,18,,,,,,18,,,EN,2025-12-19T00:00:00.000Z
MALARIA_EST_DEATHS,Estimated number of malaria deaths,text,AMR,Americas,Country,SUR,Suriname,Year,2003,false,,,,,,,,,,,,,18,,,,,,18,,,EN,2025-12-19T00:00:00.000Z
MALARIA_EST_DEATHS,Estimated number of malaria deaths,text,AFR,Africa,Country,NER,Niger,Year,2003,false,,,,,,,,,,,,,18243,,,17100,,19400,18 243 [17 100-19 400],,,EN,2025-12-19T00:00:00.000Z
MALARIA_EST_DEATHS,Estimated number of malaria deaths,text,WPR,Western Pacific,Country,LAO,Lao People's Democratic Republic,Year,2003,false,,,,,,,,,,,,,187,,,,,,187,,,EN,2025-12-19T00:00:00.000Z
MALARIA_EST_DEATHS,Estimated number of malaria deaths,text,AFR,Africa,Country,CMR,Cameroon,Year,2003,false,,,,,,,,,,,,,19955,,,18700,,21300,19 955 [18 700-21 300],,,EN,2025-12-19T00:00:00.000Z
MALARIA_EST_DEATHS,Estimated number of malaria deaths,text,AFR,Africa,Country,STP,Sao Tome and Principe,Year,2003,false,,,,,,,,,,,,,193,,,,,,193,,,EN,2025-12-19T00:00:00.000Z
MALARIA_EST_DEATHS,Estimated number of malaria deaths,text,AMR,Americas,Country,HTI,Haiti,Year,2003,false,,,,,,,,,,,,,194,,,72,,390,194 [72-390],,,EN,2025-12-19T00:00:00.000Z
MALARIA_EST_DEATHS,Estimated number of malaria deaths,text,WPR,Western Pacific,Country,VNM,Viet Nam,Year,2003,false,,,,,,,,,,,,,197,,,92,,330,197 [92-330],,,EN,2025-12-19T00:00:00.000Z
MALARIA_EST_DEATHS,Estimated number of malaria deaths,text,AFR,Africa,Country,MLI,Mali,Year,2003,false,,,,,,,,,,,,,20976,,,19800,,22200,20 976 [19 800-22 200],,,EN,2025-12-19T00:00:00.000Z
MALARIA_EST_DEATHS,Estimated number of malaria deaths,text,SEAR,South-East Asia,Country,THA,Thailand,Year,2003,false,,,,,,,,,,,,,204,,,,,,204,,,EN,2025-12-19T00:00:00.000Z
MALARIA_EST_DEATHS,Estimated number of malaria deaths,text,AFR,Africa,Country,NGA,Nigeria,Year,2003,false,,,,,,,,,,,,,205773,,,194000,,218000,205 773 [194 000-218 000],,,EN,2025-12-19T00:00:00.000Z
MALARIA_EST_DEATHS,Estimated number of malaria deaths,text,WPR,Western Pacific,Country,MYS,Malaysia,Year,2003,false,,,,,,,,,,,,,21,,,,,,21,,,EN,2025-12-19T00:00:00.000Z
MALARIA_EST_DEATHS,Estimated number of malaria deaths,text,AFR,Africa,Country,ETH,Ethiopia,Year,2003,false,,,,,,,,,,,,,21797,,,6220,,49400,21 797 [6220-49 400],,,EN,2025-12-19T00:00:00.000Z
MALARIA_EST_DEATHS,Estimated number of malaria deaths,text,AFR,Africa,Country,AGO,Angola,Year,2003,false,,,,,,,,,,,,,21842,,,19500,,24700,21 842 [19 500-24 700],,,EN,2025-12-19T00:00:00.000Z
MALARIA_EST_DEATHS,Estimated number of malaria deaths,text,AFR,Africa,Country,COG,Congo,Year,2003,false,,,,,,,,,,,,,2370,,,2230,,2530,2370 [2230-2530],,,EN,2025-12-19T00:00:00.000Z
MALARIA_EST_DEATHS,Estimated number of malaria deaths,text,AFR,Africa,Country,ZWE,Zimbabwe,Year,2003,false,,,,,,,,,,,,,2529,,,460,,7140,2529 [460-7140],,,EN,2025-12-19T00:00:00.000Z
MALARIA_EST_DEATHS,Estimated number of malaria deaths,text,WPR,Western Pacific,Country,PHL,Philippines,Year,2003,false,,,,,,,,,,,,,257,,,110,,440,257 [110-440],,,EN,2025-12-19T00:00:00.000Z
MALARIA_EST_DEATHS,Estimated number of malaria deaths,text,WPR,Western Pacific,Country,PNG,Papua New Guinea,Year,2003,false,,,,,,,,,,,,,2816,,,690,,6150,2816 [690-6150],,,EN,2025-12-19T00:00:00.000Z
MALARIA_EST_DEATHS,Estimated number of malaria deaths,text,SEAR,South-East Asia,Country,MMR,Myanmar,Year,2003,false,,,,,,,,,,,,,2831,,,1250,,5250,2831 [1250-5250],,,EN,2025-12-19T00:00:00.000Z
MALARIA_EST_DEATHS,Estimated number of malaria deaths,text,SEAR,South-East Asia,Country,IND,India,Year,2003,false,,,,,,,,,,,,,29134,,,14200,,47500,29 134 [14 200-47 500],,,EN,2025-12-19T00:00:00.000Z
MALARIA_EST_DEATHS,Estimated number of malaria deaths,text,AFR,Africa,Country,MDG,Madagascar,Year,2003,false,,,,,,,,,,,,,2917,,,69,,7760,2917 [69-7760],,,EN,2025-12-19T00:00:00.000Z
MALARIA_EST_DEATHS,Estimated number of malaria deaths,text,EMR,Eastern Mediterranean,Country,YEM,Yemen,Year,2003,false,,,,,,,,,,,,,2964,,,920,,14800,2964 [920-14 800],,,EN,2025-12-19T00:00:00.000Z
MALARIA_EST_DEATHS,Estimated number of malaria deaths,text,AFR,Africa,Country,SWZ,Eswatini,Year,2003,false,,,,,,,,,,,,,30,,,,,,30,,,EN,2025-12-19T00:00:00.000Z
MALARIA_EST_DEATHS,Estimated number of malaria deaths,text,AFR,Africa,Country,GAB,Gabon,Year,2003,false,,,,,,,,,,,,,300,,,280,,320,300 [280-320],,,EN,2025-12-19T00:00:00.000Z
MALARIA_EST_DEATHS,Estimated number of malaria deaths,text,AFR,Africa,Country,TZA,United Republic of Tanzania,Year,2003,false,,,,,,,,,,,,,33124,,,31700,,34600,33 124 [31 700-34 600],,,EN,2025-12-19T00:00:00.000Z
MALARIA_EST_DEATHS,Estimated number of malaria deaths,text,EMR,Eastern Mediterranean,Country,SOM,Somalia,Year,2003,false,,,,,,,,,,,,,3353,,,1370,,6210,3353 [1370-6210],,,EN,2025-12-19T00:00:00.000Z
MALARIA_EST_DEATHS,Estimated number of malaria deaths,text,AFR,Africa,Country,CIV,Cote d'Ivoire,Year,2003,false,,,,,,,,,,,,,34601,,,32400,,37000,34 601 [32 400-37 000],,,EN,2025-12-19T00:00:00.000Z
MALARIA_EST_DEATHS,Estimated number of malaria deaths,text,AFR,Africa,Country,SEN,Senegal,Year,2003,false,,,,,,,,,,,,,3641,,,3550,,3730,3641 [3550-3730],,,EN,2025-12-19T00:00:00.000Z
MALARIA_EST_DEATHS,Estimated number of malaria deaths,text,AFR,Africa,Country,MOZ,Mozambique,Year,2003,false,,,,,,,,,,,,,37027,,,34400,,40000,37 027 [34 400-40 000],,,EN,2025-12-19T00:00:00.000Z
MALARIA_EST_DEATHS,Estimated number of malaria deaths,text,AFR,Africa,Country,CPV,Cabo Verde,Year,2003,false,,,,,,,,,,,,,4,,,,,,4,,,EN,2025-12-19T00:00:00.000Z
MALARIA_EST_DEATHS,Estimated number of malaria deaths,text,AMR,Americas,Country,PAN,Panama,Year,2003,false,,,,,,,,,,,,,4,,,,,,4,,,EN,2025-12-19T00:00:00.000Z
MALARIA_EST_DEATHS,Estimated number of malaria deaths,text,SEAR,South-East Asia,Country,LKA,Sri Lanka,Year,2003,false,,,,,,,,,,,,,4,,,,,,4,,,EN,2025-12-19T00:00:00.000Z
MALARIA_EST_DEATHS,Estimated number of malaria deaths,text,EMR,Eastern Mediterranean,Country,DJI,Djibouti,Year,2003,false,,,,,,,,,,,,,4,,,1,,8,4 [1-8],,,EN,2025-12-19T00:00:00.000Z
MALARIA_EST_DEATHS,Estimated number of malaria deaths,text,AMR,Americas,Country,VEN,Venezuela (Bolivarian Republic of),Year,2003,false,,,,,,,,,,,,,40,,,,,,40,,,EN,2025-12-19T00:00:00.000Z
MALARIA_EST_DEATHS,Estimated number of malaria deaths,text,AFR,Africa,Country,BFA,Burkina Faso,Year,2003,false,,,,,,,,,,,,,41606,,,38800,,44600,41 606 [38 800-44 600],,,EN,2025-12-19T00:00:00.000Z
MALARIA_EST_DEATHS,Estimated number of malaria deaths,text,AFR,Africa,Country,UGA,Uganda,Year,2003,false,,,,,,,,,,,,,44798,,,42400,,47300,44 798 [42 400-47 300],,,EN,2025-12-19T00:00:00.000Z
MALARIA_EST_DEATHS,Estimated number of malaria deaths,text,AFR,Africa,Country,RWA,Rwanda,Year,2003,false,,,,,,,,,,,,,4420,,,4250,,4600,4420 [4250-4600],,,EN,2025-12-19T00:00:00.000Z
MALARIA_EST_DEATHS,Estimated number of malaria deaths,text,WPR,Western Pacific,Country,SLB,Solomon Islands,Year,2003,false,,,,,,,,,,,,,456,,,200,,820,456 [200-820],,,EN,2025-12-19T00:00:00.000Z
MALARIA_EST_DEATHS,Estimated number of malaria deaths,text,AMR,Americas,Country,ECU,Ecuador,Year,2003,false,,,,,,,,,,,,,46,,,,,,46,,,EN,2025-12-19T00:00:00.000Z
MALARIA_EST_DEATHS,Estimated number of malaria deaths,text,SEAR,South-East Asia,Country,NPL,Nepal,Year,2003,false,,,,,,,,,,,,,46,,,15,,110,46 [15-110],,,EN,2025-12-19T00:00:00.000Z
MALARIA_EST_DEATHS,Estimated number of malaria deaths,text,EMR,Eastern Mediterranean,Country,SDN,Sudan,Year,2003,false,,,,,,,,,,,,,4624,,,1910,,8310,4624 [1910-8310],,,EN,2025-12-19T00:00:00.000Z
MALARIA_EST_DEATHS,Estimated number of malaria deaths,text,AFR,Africa,Country,GMB,Gambia,Year,2003,false,,,,,,,,,,,,,481,,,460,,500,481 [460-500],,,EN,2025-12-19T00:00:00.000Z
MALARIA_EST_DEATHS,Estimated number of malaria deaths,text,AFR,Africa,Country,LBR,Liberia,Year,2003,false,,,,,,,,,,,,,4903,,,4610,,5220,4903 [4610-5220],,,EN,2025-12-19T00:00:00.000Z
MALARIA_EST_DEATHS,Estimated number of malaria deaths,text,AMR,Americas,Country,GUF,French Guiana,Year,2003,false,,,,,,,,,,,,,5,,,,,,5,,,EN,2025-12-19T00:00:00.000Z
MALARIA_EST_DEATHS,Estimated number of malaria deaths,text,EMR,Eastern Mediterranean,Country,IRN,Iran (Islamic Republic of),Year,2003,false,,,,,,,,,,,,,5,,,,,,5,,,EN,2025-12-19T00:00:00.000Z
MALARIA_EST_DEATHS,Estimated number of malaria deaths,text,WPR,Western Pacific,Country,CHN,China,Year,2003,false,,,,,,,,,,,,,52,,,,,,52,,,EN,2025-12-19T00:00:00.000Z
MALARIA_EST_DEATHS,Estimated number of malaria deaths,text,AFR,Africa,Country,GNQ,Equatorial Guinea,Year,2003,false,,,,,,,,,,,,,523,,,490,,570,523 [490-570],,,EN,2025-12-19T00:00:00.000Z
MALARIA_EST_DEATHS,Estimated number of malaria deaths,text,AMR,Americas,Country,GUY,Guyana,Year,2003,false,,,,,,,,,,,,,53,,,26,,86,53 [26-86],,,EN,2025-12-19T00:00:00.000Z
MALARIA_EST_DEATHS,Estimated number of malaria deaths,text,SEAR,South-East Asia,Country,BGD,Bangladesh,Year,2003,false,,,,,,,,,,,,,574,,,,,,574,,,EN,2025-12-19T00:00:00.000Z
MALARIA_EST_DEATHS,Estimated number of malaria deaths,text,AFR,Africa,Country,CAF,Central African Republic,Year,2003,false,,,,,,,,,,,,,6069,,,5560,,6660,6069 [5560-6660],,,EN,2025-12-19T00:00:00.000Z
MALARIA_EST_DEATHS,Estimated number of malaria deaths,text,AFR,Africa,Country,TGO,Togo,Year,2003,false,,,,,,,,,,,,,6124,,,5770,,6520,6124 [5770-6520],,,EN,2025-12-19T00:00:00.000Z
MALARIA_EST_DEATHS,Estimated number of malaria deaths,text,AFR,Africa,Country,MRT,Mauritania,Year,2003,false,,,,,,,,,,,,,642,,,620,,670,642 [620-670],,,EN,2025-12-19T00:00:00.000Z
MALARIA_EST_DEATHS,Estimated number of malaria deaths,text,WPR,Western Pacific,Country,VUT,Vanuatu,Year,2003,false,,,,,,,,,,,,,68,,,29,,120,68 [29-120],,,EN,2025-12-19T00:00:00.000Z
MALARIA_EST_DEATHS,Estimated number of malaria deaths,text,AMR,Americas,Country,NIC,Nicaragua,Year,2003,false,,,,,,,,,,,,,7,,,,,,7,,,EN,2025-12-19T00:00:00.000Z
MALARIA_EST_DEATHS,Estimated number of malaria deaths,text,AFR,Africa,Country,MYT,Mayotte,Year,2003,false,,,,,,,,,,,,,792,,,792,,792,792 [792-792],,,EN,2025-12-19T00:00:00.000Z
MALARIA_EST_DEATHS,Estimated number of malaria deaths,text,EMR,Eastern Mediterranean,Country,AFG,Afghanistan,Year,2003,false,,,,,,,,,,,,,798,,,370,,1440,798 [370-1440],,,EN,2025-12-19T00:00:00.000Z
MALARIA_EST_DEATHS,Estimated number of malaria deaths,text,AFR,Africa,Country,COM,Comoros,Year,2003,false,,,,,,,,,,,,,89,,,31,,180,89 [31-180],,,EN,2025-12-19T00:00:00.000Z
MALARIA_EST_DEATHS,Estimated number of malaria deaths,text,AMR,Americas,Country,HND,Honduras,Year,2003,false,,,,,,,,,,,,,9,,,3,,16,9 [3-16],,,EN,2025-12-19T00:00:00.000Z
MALARIA_EST_DEATHS,Estimated number of malaria deaths,text,AFR,Africa,Country,BDI,Burundi,Year,2003,false,,,,,,,,,,,,,9311,,,8580,,10100,9311 [8580-10 100],,,EN,2025-12-19T00:00:00.000Z
MALARIA_EST_DEATHS,Estimated number of malaria deaths,text,AMR,Americas,Country,PER,Peru,Year,2003,false,,,,,,,,,,,,,95,,,49,,150,95 [49-150],,,EN,2025-12-19T00:00:00.000Z
MALARIA_EST_DEATHS,Estimated number of malaria deaths,text,AFR,Africa,Country,GNB,Guinea-Bissau,Year,2003,false,,,,,,,,,,,,,964,,,900,,1030,964 [900-1030],,,EN,2025-12-19T00:00:00.000Z
MALARIA_EST_DEATHS,Estimated number of malaria deaths,text,AFR,Africa,Country,SSD,South Sudan,Year,2003,false,,,,,,,,,,,,,9668,,,8440,,11000,9668 [8440-11 000],,,EN,2025-12-19T00:00:00.000Z
MALARIA_EST_DEATHS,Estimated number of malaria deaths,text,AFR,Africa,Country,TCD,Chad,Year,2003,false,,,,,,,,,,,,,9696,,,9100,,10400,9696 [9100-10 400],,,EN,2025-12-19T00:00:00.000Z
MALARIA_EST_DEATHS,Estimated number of malaria deaths,text,AFR,Africa,Country,BEN,Benin,Year,2003,false,,,,,,,,,,,,,9850,,,9300,,10400,9850 [9300-10 400],,,EN,2025-12-19T00:00:00.000Z
MALARIA_EST_DEATHS,Estimated number of malaria deaths,text,EMR,Eastern Mediterranean,Country,PAK,Pakistan,Year,2003,false,,,,,,,,,,,,,991,,,320,,2680,991 [320-2680],,,EN,2025-12-19T00:00:00.000Z
MALARIA_EST_DEATHS,Estimated number of malaria deaths,text,AFR,Africa,Country,DZA,Algeria,Year,2002,false,,,,,,,,,,,,,0,,,,,,0,,,EN,2025-12-19T00:00:00.000Z
MALARIA_EST_DEATHS,Estimated number of malaria deaths,text,AMR,Americas,Country,ARG,Argentina,Year,2002,false,,,,,,,,,,,,,0,,,,,,0,,,EN,2025-12-19T00:00:00.000Z
MALARIA_EST_DEATHS,Estimated number of malaria deaths,text,EUR,Europe,Country,ARM,Armenia,Year,2002,false,,,,,,,,,,,,,0,,,,,,0,,,EN,2025-12-19T00:00:00.000Z
MALARIA_EST_DEATHS,Estimated number of malaria deaths,text,EUR,Europe,Country,AZE,Azerbaijan,Year,2002,false,,,,,,,,,,,,,0,,,,,,0,,,EN,2025-12-19T00:00:00.000Z
MALARIA_EST_DEATHS,Estimated number of malaria deaths,text,AMR,Americas,Country,BLZ,Belize,Year,2002,false,,,,,,,,,,,,,0,,,,,,0,,,EN,2025-12-19T00:00:00.000Z
MALARIA_EST_DEATHS,Estimated number of malaria deaths,text,AMR,Americas,Country,CRI,Costa Rica,Year,2002,false,,,,,,,,,,,,,0,,,,,,0,,,EN,2025-12-19T00:00:00.000Z
MALARIA_EST_DEATHS,Estimated number of malaria deaths,text,SEAR,South-East Asia,Country,PRK,Democratic People's Republic of Korea,Year,2002,false,,,,,,,,,,,,,0,,,,,,0,,,EN,2025-12-19T00:00:00.000Z
MALARIA_EST_DEATHS,Estimated number of malaria deaths,text,EMR,Eastern Mediterranean,Country,EGY,Egypt,Year,2002,false,,,,,,,,,,,,,0,,,,,,0,,,EN,2025-12-19T00:00:00.000Z
MALARIA_EST_DEATHS,Estimated number of malaria deaths,text,AMR,Americas,Country,SLV,El Salvador,Year,2002,false,,,,,,,,,,,,,0,,,,,,0,,,EN,2025-12-19T00:00:00.000Z
MALARIA_EST_DEATHS,Estimated number of malaria deaths,text,EUR,Europe,Country,GEO,Georgia,Year,2002,false,,,,,,,,,,,,,0,,,,,,0,,,EN,2025-12-19T00:00:00.000Z
MALARIA_EST_DEATHS,Estimated number of malaria deaths,text,EMR,Eastern Mediterranean,Country,IRQ,Iraq,Year,2002,false,,,,,,,,,,,,,0,,,,,,0,,,EN,2025-12-19T00:00:00.000Z
MALARIA_EST_DEATHS,Estimated number of malaria deaths,text,EUR,Europe,Country,KAZ,Kazakhstan,Year,2002,false,,,,,,,,,,,,,0,,,,,,0,,,EN,2025-12-19T00:00:00.000Z
MALARIA_EST_DEATHS,Estimated number of malaria deaths,text,EUR,Europe,Country,KGZ,Kyrgyzstan,Year,2002,false,,,,,,,,,,,,,0,,,,,,0,,,EN,2025-12-19T00:00:00.000Z
MALARIA_EST_DEATHS,Estimated number of malaria deaths,text,AMR,Americas,Country,MEX,Mexico,Year,2002,false,,,,,,,,,,,,,0,,,,,,0,,,EN,2025-12-19T00:00:00.000Z
MALARIA_EST_DEATHS,Estimated number of malaria deaths,text,EMR,Eastern Mediterranean,Country,MAR,Morocco,Year,2002,false,,,,,,,,,,,,,0,,,,,,0,,,EN,2025-12-19T00:00:00.000Z
MALARIA_EST_DEATHS,Estimated number of malaria deaths,text,EMR,Eastern Mediterranean,Country,OMN,Oman,Year,2002,false,,,,,,,,,,,,,0,,,,,,0,,,EN,2025-12-19T00:00:00.000Z
MALARIA_EST_DEATHS,Estimated number of malaria deaths,text,AMR,Americas,Country,PRY,Paraguay,Year,2002,false,,,,,,,,,,,,,0,,,,,,0,,,EN,2025-12-19T00:00:00.000Z
MALARIA_EST_DEATHS,Estimated number of malaria deaths,text,WPR,Western Pacific,Country,KOR,Republic of Korea,Year,2002,false,,,,,,,,,,,,,0,,,,,,0,,,EN,2025-12-19T00:00:00.000Z
MALARIA_EST_DEATHS,Estimated number of malaria deaths,text,EMR,Eastern Mediterranean,Country,SAU,Saudi Arabia,Year,2002,false,,,,,,,,,,,,,0,,,,,,0,,,EN,2025-12-19T00:00:00.000Z
MALARIA_EST_DEATHS,Estimated number of malaria deaths,text,EMR,Eastern Mediterranean,Country,SYR,Syrian Arab Republic,Year,2002,false,,,,,,,,,,,,,0,,,,,,0,,,EN,2025-12-19T00:00:00.000Z
MALARIA_EST_DEATHS,Estimated number of malaria deaths,text,EUR,Europe,Country,TUR,Türkiye,Year,2002,false,,,,,,,,,,,,,0,,,,,,0,,,EN,2025-12-19T00:00:00.000Z
MALARIA_EST_DEATHS,Estimated number of malaria deaths,text,EUR,Europe,Country,TJK,Tajikistan,Year,2002,false,,,,,,,,,,,,,0,,,,,,0,,,EN,2025-12-19T00:00:00.000Z
MALARIA_EST_DEATHS,Estimated number of malaria deaths,text,EUR,Europe,Country,TKM,Turkmenistan,Year,2002,false,,,,,,,,,,,,,0,,,,,,0,,,EN,2025-12-19T00:00:00.000Z
MALARIA_EST_DEATHS,Estimated number of malaria deaths,text,EMR,Eastern Mediterranean,Country,ARE,United Arab Emirates,Year,2002,false,,,,,,,,,,,,,0,,,,,,0,,,EN,2025-12-19T00:00:00.000Z
MALARIA_EST_DEATHS,Estimated number of malaria deaths,text,EUR,Europe,Country,UZB,Uzbekistan,Year,2002,false,,,,,,,,,,,,,0,,,,,,0,,,EN,2025-12-19T00:00:00.000Z
MALARIA_EST_DEATHS,Estimated number of malaria deaths,text,AFR,Africa,Country,SSD,South Sudan,Year,2002,false,,,,,,,,,,,,,10534,,,9200,,12000,10 534 [9200-12 000],,,EN,2025-12-19T00:00:00.000Z
MALARIA_EST_DEATHS,Estimated number of malaria deaths,text,AFR,Africa,Country,BDI,Burundi,Year,2002,false,,,,,,,,,,,,,10803,,,9950,,11700,10 803 [9950-11 700],,,EN,2025-12-19T00:00:00.000Z
MALARIA_EST_DEATHS,Estimated number of malaria deaths,text,EMR,Eastern Mediterranean,Country,PAK,Pakistan,Year,2002,false,,,,,,,,,,,,,1001,,,280,,2730,1001 [280-2730],,,EN,2025-12-19T00:00:00.000Z
MALARIA_EST_DEATHS,Estimated number of malaria deaths,text,AMR,Americas,Country,PER,Peru,Year,2002,false,,,,,,,,,,,,,108,,,54,,170,108 [54-170],,,EN,2025-12-19T00:00:00.000Z
MALARIA_EST_DEATHS,Estimated number of malaria deaths,text,SEAR,South-East Asia,Country,BTN,Bhutan,Year,2002,false,,,,,,,,,,,,,11,,,,,,11,,,EN,2025-12-19T00:00:00.000Z
MALARIA_EST_DEATHS,Estimated number of malaria deaths,text,AMR,Americas,Country,DOM,Dominican Republic,Year,2002,false,,,,,,,,,,,,,11,,,,,,11,,,EN,2025-12-19T00:00:00.000Z
MALARIA_EST_DEATHS,Estimated number of malaria deaths,text,AMR,Americas,Country,HND,Honduras,Year,2002,false,,,,,,,,,,,,,11,,,4,,19,11 [4-19],,,EN,2025-12-19T00:00:00.000Z
MALARIA_EST_DEATHS,Estimated number of malaria deaths,text,EMR,Eastern Mediterranean,Country,AFG,Afghanistan,Year,2002,false,,,,,,,,,,,,,1133,,,530,,2040,1133 [530-2040],,,EN,2025-12-19T00:00:00.000Z
MALARIA_EST_DEATHS,Estimated number of malaria deaths,text,AFR,Africa,Country,ZMB,Zambia,Year,2002,false,,,,,,,,,,,,,12203,,,11600,,12800,12 203 [11 600-12 800],,,EN,2025-12-19T00:00:00.000Z
MALARIA_EST_DEATHS,Estimated number of malaria deaths,text,AFR,Africa,Country,GIN,Guinea,Year,2002,false,,,,,,,,,,,,,12932,,,12200,,13700,12 932 [12 200-13 700],,,EN,2025-12-19T00:00:00.000Z
MALARIA_EST_DEATHS,Estimated number of malaria deaths,text,AFR,Africa,Country,GNB,Guinea-Bissau,Year,2002,false,,,,,,,,,,,,,1216,,,1130,,1310,1216 [1130-1310],,,EN,2025-12-19T00:00:00.000Z
MALARIA_EST_DEATHS,Estimated number of malaria deaths,text,AFR,Africa,Country,KEN,Kenya,Year,2002,false,,,,,,,,,,,,,13391,,,12900,,13900,13 391 [12 900-13 900],,,EN,2025-12-19T00:00:00.000Z
MALARIA_EST_DEATHS,Estimated number of malaria deaths,text,AFR,Africa,Country,SLE,Sierra Leone,Year,2002,false,,,,,,,,,,,,,13721,,,12900,,14600,13 721 [12 900-14 600],,,EN,2025-12-19T00:00:00.000Z
MALARIA_EST_DEATHS,Estimated number of malaria deaths,text,AMR,Americas,Country,SUR,Suriname,Year,2002,false,,,,,,,,,,,,,15,,,,,,15,,,EN,2025-12-19T00:00:00.000Z
MALARIA_EST_DEATHS,Estimated number of malaria deaths,text,AFR,Africa,Country,NAM,Namibia,Year,2002,false,,,,,,,,,,,,,1504,,,,,,1504,,,EN,2025-12-19T00:00:00.000Z
MALARIA_EST_DEATHS,Estimated number of malaria deaths,text,WPR,Western Pacific,Country,IDN,Indonesia,Year,2002,false,,,,,,,,,,,,,1593,,,760,,2710,1593 [760-2710],,,EN,2025-12-19T00:00:00.000Z
MALARIA_EST_DEATHS,Estimated number of malaria deaths,text,AFR,Africa,Country,MWI,Malawi,Year,2002,false,,,,,,,,,,,,,16518,,,15700,,17300,16 518 [15 700-17 300],,,EN,2025-12-19T00:00:00.000Z
MALARIA_EST_DEATHS,Estimated number of malaria deaths,text,AMR,Americas,Country,COL,Colombia,Year,2002,false,,,,,,,,,,,,,162,,,,,,162,,,EN,2025-12-19T00:00:00.000Z
MALARIA_EST_DEATHS,Estimated number of malaria deaths,text,AFR,Africa,Country,GHA,Ghana,Year,2002,false,,,,,,,,,,,,,17932,,,17300,,18700,17 932 [17 300-18 700],,,EN,2025-12-19T00:00:00.000Z
MALARIA_EST_DEATHS,Estimated number of malaria deaths,text,AFR,Africa,Country,CMR,Cameroon,Year,2002,false,,,,,,,,,,,,,18854,,,17600,,20100,18 854 [17 600-20 100],,,EN,2025-12-19T00:00:00.000Z
MALARIA_EST_DEATHS,Estimated number of malaria deaths,text,WPR,Western Pacific,Country,PHL,Philippines,Year,2002,false,,,,,,,,,,,,,180,,,78,,310,180 [78-310],,,EN,2025-12-19T00:00:00.000Z
MALARIA_EST_DEATHS,Estimated number of malaria deaths,text,AMR,Americas,Country,HTI,Haiti,Year,2002,false,,,,,,,,,,,,,191,,,70,,380,191 [70-380],,,EN,2025-12-19T00:00:00.000Z
MALARIA_EST_DEATHS,Estimated number of malaria deaths,text,WPR,Western Pacific,Country,LAO,Lao People's Democratic Republic,Year,2002,false,,,,,,,,,,,,,195,,,,,,195,,,EN,2025-12-19T00:00:00.000Z
MALARIA_EST_DEATHS,Estimated number of malaria deaths,text,SEAR,South-East Asia,Country,TLS,Timor-Leste,Year,2002,false,,,,,,,,,,,,,199,,,86,,350,199 [86-350],,,EN,2025-12-19T00:00:00.000Z
MALARIA_EST_DEATHS,Estimated number of malaria deaths,text,AFR,Africa,Country,CPV,Cabo Verde,Year,2002,false,,,,,,,,,,,,,2,,,,,,2,,,EN,2025-12-19T00:00:00.000Z
MALARIA_EST_DEATHS,Estimated number of malaria deaths,text,AMR,Americas,Country,GUF,French Guiana,Year,2002,false,,,,,,,,,,,,,2,,,,,,2,,,EN,2025-12-19T00:00:00.000Z
MALARIA_EST_DEATHS,Estimated number of malaria deaths,text,EMR,Eastern Mediterranean,Country,IRN,Iran (Islamic Republic of),Year,2002,false,,,,,,,,,,,,,2,,,,,,2,,,EN,2025-12-19T00:00:00.000Z
MALARIA_EST_DEATHS,Estimated number of malaria deaths,text,AMR,Americas,Country,PAN,Panama,Year,2002,false,,,,,,,,,,,,,2,,,,,,2,,,EN,2025-12-19T00:00:00.000Z
MALARIA_EST_DEATHS,Estimated number of malaria deaths,text,AMR,Americas,Country,GTM,Guatemala,Year,2002,false,,,,,,,,,,,,,20,,,9,,32,20 [9-32],,,EN,2025-12-19T00:00:00.000Z
MALARIA_EST_DEATHS,Estimated number of malaria deaths,text,AFR,Africa,Country,ETH,Ethiopia,Year,2002,false,,,,,,,,,,,,,20217,,,4650,,43800,20 217 [4650-43 800],,,EN,2025-12-19T00:00:00.000Z
MALARIA_EST_DEATHS,Estimated number of malaria deaths,text,AFR,Africa,Country,NER,Niger,Year,2002,false,,,,,,,,,,,,,20549,,,19300,,21900,20 549 [19 300-21 900],,,EN,2025-12-19T00:00:00.000Z
MALARIA_EST_DEATHS,Estimated number of malaria deaths,text,AFR,Africa,Country,MLI,Mali,Year,2002,false,,,,,,,,,,,,,21208,,,20000,,22400,21 208 [20 000-22 400],,,EN,2025-12-19T00:00:00.000Z
MALARIA_EST_DEATHS,Estimated number of malaria deaths,text,AFR,Africa,Country,AGO,Angola,Year,2002,false,,,,,,,,,,,,,21691,,,19500,,24400,21 691 [19 500-24 400],,,EN,2025-12-19T00:00:00.000Z
MALARIA_EST_DEATHS,Estimated number of malaria deaths,text,AFR,Africa,Country,MDG,Madagascar,Year,2002,false,,,,,,,,,,,,,2221,,,58,,6000,2221 [58-6000],,,EN,2025-12-19T00:00:00.000Z
MALARIA_EST_DEATHS,Estimated number of malaria deaths,text,AFR,Africa,Country,BWA,Botswana,Year,2002,false,,,,,,,,,,,,,23,,,,,,23,,,EN,2025-12-19T00:00:00.000Z
MALARIA_EST_DEATHS,Estimated number of malaria deaths,text,AMR,Americas,Country,VEN,Venezuela (Bolivarian Republic of),Year,2002,false,,,,,,,,,,,,,23,,,,,,23,,,EN,2025-12-19T00:00:00.000Z
MALARIA_EST_DEATHS,Estimated number of malaria deaths,text,AFR,Africa,Country,NGA,Nigeria,Year,2002,false,,,,,,,,,,,,,230268,,,217000,,244000,230 268 [217 000-244 000],,,EN,2025-12-19T00:00:00.000Z
MALARIA_EST_DEATHS,Estimated number of malaria deaths,text,AFR,Africa,Country,COG,Congo,Year,2002,false,,,,,,,,,,,,,2374,,,2240,,2530,2374 [2240-2530],,,EN,2025-12-19T00:00:00.000Z
MALARIA_EST_DEATHS,Estimated number of malaria deaths,text,AFR,Africa,Country,ZWE,Zimbabwe,Year,2002,false,,,,,,,,,,,,,2499,,,440,,7080,2499 [440-7080],,,EN,2025-12-19T00:00:00.000Z
MALARIA_EST_DEATHS,Estimated number of malaria deaths,text,WPR,Western Pacific,Country,PNG,Papua New Guinea,Year,2002,false,,,,,,,,,,,,,2635,,,670,,5860,2635 [670-5860],,,EN,2025-12-19T00:00:00.000Z
MALARIA_EST_DEATHS,Estimated number of malaria deaths,text,WPR,Western Pacific,Country,VNM,Viet Nam,Year,2002,false,,,,,,,,,,,,,271,,,130,,460,271 [130-460],,,EN,2025-12-19T00:00:00.000Z
MALARIA_EST_DEATHS,Estimated number of malaria deaths,text,SEAR,South-East Asia,Country,IND,India,Year,2002,false,,,,,,,,,,,,,28816,,,14000,,47300,28 816 [14 000-47 300],,,EN,2025-12-19T00:00:00.000Z
MALARIA_EST_DEATHS,Estimated number of malaria deaths,text,SEAR,South-East Asia,Country,MMR,Myanmar,Year,2002,false,,,,,,,,,,,,,2805,,,1230,,5220,2805 [1230-5220],,,EN,2025-12-19T00:00:00.000Z
MALARIA_EST_DEATHS,Estimated number of malaria deaths,text,SEAR,South-East Asia,Country,LKA,Sri Lanka,Year,2002,false,,,,,,,,,,,,,30,,,,,,30,,,EN,2025-12-19T00:00:00.000Z
MALARIA_EST_DEATHS,Estimated number of malaria deaths,text,AFR,Africa,Country,CIV,Cote d'Ivoire,Year,2002,false,,,,,,,,,,,,,32699,,,30700,,35000,32 699 [30 700-35 000],,,EN,2025-12-19T00:00:00.000Z
MALARIA_EST_DEATHS,Estimated number of malaria deaths,text,AFR,Africa,Country,STP,Sao Tome and Principe,Year,2002,false,,,,,,,,,,,,,321,,,,,,321,,,EN,2025-12-19T00:00:00.000Z
MALARIA_EST_DEATHS,Estimated number of malaria deaths,text,EMR,Eastern Mediterranean,Country,SOM,Somalia,Year,2002,false,,,,,,,,,,,,,3260,,,1240,,6350,3260 [1240-6350],,,EN,2025-12-19T00:00:00.000Z
MALARIA_EST_DEATHS,Estimated number of malaria deaths,text,EMR,Eastern Mediterranean,Country,YEM,Yemen,Year,2002,false,,,,,,,,,,,,,3283,,,1080,,15400,3283 [1080-15 400],,,EN,2025-12-19T00:00:00.000Z
MALARIA_EST_DEATHS,Estimated number of malaria deaths,text,AFR,Africa,Country,GAB,Gabon,Year,2002,false,,,,,,,,,,,,,329,,,310,,350,329 [310-350],,,EN,2025-12-19T00:00:00.000Z
MALARIA_EST_DEATHS,Estimated number of malaria deaths,text,AFR,Africa,Country,SEN,Senegal,Year,2002,false,,,,,,,,,,,,,3343,,,3270,,3420,3343 [3270-3420],,,EN,2025-12-19T00:00:00.000Z
MALARIA_EST_DEATHS,Estimated number of malaria deaths,text,AFR,Africa,Country,TZA,United Republic of Tanzania,Year,2002,false,,,,,,,,,,,,,35943,,,34400,,37500,35 943 [34 400-37 500],,,EN,2025-12-19T00:00:00.000Z
MALARIA_EST_DEATHS,Estimated number of malaria deaths,text,SEAR,South-East Asia,Country,THA,Thailand,Year,2002,false,,,,,,,,,,,,,361,,,,,,361,,,EN,2025-12-19T00:00:00.000Z
MALARIA_EST_DEATHS,Estimated number of malaria deaths,text,WPR,Western Pacific,Country,MYS,Malaysia,Year,2002,false,,,,,,,,,,,,,38,,,,,,38,,,EN,2025-12-19T00:00:00.000Z
MALARIA_EST_DEATHS,Estimated number of malaria deaths,text,EMR,Eastern Mediterranean,Country,DJI,Djibouti,Year,2002,false,,,,,,,,,,,,,4,,,1,,8,4 [1-8],,,EN,2025-12-19T00:00:00.000Z
MALARIA_EST_DEATHS,Estimated number of malaria deaths,text,AFR,Africa,Country,MOZ,Mozambique,Year,2002,false,,,,,,,,,,,,,40612,,,37800,,43700,40 612 [37 800-43 700],,,EN,2025-12-19T00:00:00.000Z
MALARIA_EST_DEATHS,Estimated number of malaria deaths,text,WPR,Western Pacific,Country,CHN,China,Year,2002,false,,,,,,,,,,,,,42,,,,,,42,,,EN,2025-12-19T00:00:00.000Z
MALARIA_EST_DEATHS,Estimated number of malaria deaths,text,AMR,Americas,Country,GUY,Guyana,Year,2002,false,,,,,,,,,,,,,42,,,21,,69,42 [21-69],,,EN,2025-12-19T00:00:00.000Z
MALARIA_EST_DEATHS,Estimated number of malaria deaths,text,AFR,Africa,Country,BFA,Burkina Faso,Year,2002,false,,,,,,,,,,,,,44881,,,42000,,48000,44 881 [42 000-48 000],,,EN,2025-12-19T00:00:00.000Z
MALARIA_EST_DEATHS,Estimated number of malaria deaths,text,AFR,Africa,Country,SWZ,Eswatini,Year,2002,false,,,,,,,,,,,,,46,,,,,,46,,,EN,2025-12-19T00:00:00.000Z
MALARIA_EST_DEATHS,Estimated number of malaria deaths,text,AFR,Africa,Country,UGA,Uganda,Year,2002,false,,,,,,,,,,,,,46832,,,44400,,49500,46 832 [44 400-49 500],,,EN,2025-12-19T00:00:00.000Z
MALARIA_EST_DEATHS,Estimated number of malaria deaths,text,AFR,Africa,Country,GMB,Gambia,Year,2002,false,,,,,,,,,,,,,485,,,470,,500,485 [470-500],,,EN,2025-12-19T00:00:00.000Z
MALARIA_EST_DEATHS,Estimated number of malaria deaths,text,EMR,Eastern Mediterranean,Country,SDN,Sudan,Year,2002,false,,,,,,,,,,,,,4901,,,2020,,8810,4901 [2020-8810],,,EN,2025-12-19T00:00:00.000Z
MALARIA_EST_DEATHS,Estimated number of malaria deaths,text,AFR,Africa,Country,GNQ,Equatorial Guinea,Year,2002,false,,,,,,,,,,,,,495,,,460,,540,495 [460-540],,,EN,2025-12-19T00:00:00.000Z
MALARIA_EST_DEATHS,Estimated number of malaria deaths,text,WPR,Western Pacific,Country,SLB,Solomon Islands,Year,2002,false,,,,,,,,,,,,,513,,,210,,1010,513 [210-1010],,,EN,2025-12-19T00:00:00.000Z
MALARIA_EST_DEATHS,Estimated number of malaria deaths,text,AFR,Africa,Country,CAF,Central African Republic,Year,2002,false,,,,,,,,,,,,,5181,,,4750,,5700,5181 [4750-5700],,,EN,2025-12-19T00:00:00.000Z
MALARIA_EST_DEATHS,Estimated number of malaria deaths,text,WPR,Western Pacific,Country,VUT,Vanuatu,Year,2002,false,,,,,,,,,,,,,52,,,23,,96,52 [23-96],,,EN,2025-12-19T00:00:00.000Z
MALARIA_EST_DEATHS,Estimated number of malaria deaths,text,AFR,Africa,Country,LBR,Liberia,Year,2002,false,,,,,,,,,,,,,5373,,,5050,,5720,5373 [5050-5720],,,EN,2025-12-19T00:00:00.000Z
MALARIA_EST_DEATHS,Estimated number of malaria deaths,text,AFR,Africa,Country,RWA,Rwanda,Year,2002,false,,,,,,,,,,,,,5385,,,5150,,5630,5385 [5150-5630],,,EN,2025-12-19T00:00:00.000Z
MALARIA_EST_DEATHS,Estimated number of malaria deaths,text,AFR,Africa,Country,TGO,Togo,Year,2002,false,,,,,,,,,,,,,5666,,,5350,,6010,5666 [5350-6010],,,EN,2025-12-19T00:00:00.000Z
MALARIA_EST_DEATHS,Estimated number of malaria deaths,text,SEAR,South-East Asia,Country,BGD,Bangladesh,Year,2002,false,,,,,,,,,,,,,598,,,,,,598,,,EN,2025-12-19T00:00:00.000Z
MALARIA_EST_DEATHS,Estimated number of malaria deaths,text,SEAR,South-East Asia,Country,NPL,Nepal,Year,2002,false,,,,,,,,,,,,,62,,,24,,130,62 [24-130],,,EN,2025-12-19T00:00:00.000Z
MALARIA_EST_DEATHS,Estimated number of malaria deaths,text,AMR,Americas,Country,ECU,Ecuador,Year,2002,false,,,,,,,,,,,,,64,,,,,,64,,,EN,2025-12-19T00:00:00.000Z
MALARIA_EST_DEATHS,Estimated number of malaria deaths,text,AFR,Africa,Country,MRT,Mauritania,Year,2002,false,,,,,,,,,,,,,644,,,620,,670,644 [620-670],,,EN,2025-12-19T00:00:00.000Z
MALARIA_EST_DEATHS,Estimated number of malaria deaths,text,AMR,Americas,Country,NIC,Nicaragua,Year,2002,false,,,,,,,,,,,,,8,,,,,,8,,,EN,2025-12-19T00:00:00.000Z
MALARIA_EST_DEATHS,Estimated number of malaria deaths,text,WPR,Western Pacific,Country,KHM,Cambodia,Year,2002,false,,,,,,,,,,,,,803,,,350,,1390,803 [350-1390],,,EN,2025-12-19T00:00:00.000Z
MALARIA_EST_DEATHS,Estimated number of malaria deaths,text,AFR,Africa,Country,BEN,Benin,Year,2002,false,,,,,,,,,,,,,8583,,,8120,,9090,8583 [8120-9090],,,EN,2025-12-19T00:00:00.000Z
MALARIA_EST_DEATHS,Estimated number of malaria deaths,text,AFR,Africa,Country,ERI,Eritrea,Year,2002,false,,,,,,,,,,,,,86,,,,,,86,,,EN,2025-12-19T00:00:00.000Z
MALARIA_EST_DEATHS,Estimated number of malaria deaths,text,AFR,Africa,Country,COM,Comoros,Year,2002,false,,,,,,,,,,,,,89,,,31,,180,89 [31-180],,,EN,2025-12-19T00:00:00.000Z
MALARIA_EST_DEATHS,Estimated number of malaria deaths,text,AFR,Africa,Country,COD,Democratic Republic of the Congo,Year,2002,false,,,,,,,,,,,,,89442,,,81600,,98300,89 442 [81 600-98 300],,,EN,2025-12-19T00:00:00.000Z
MALARIA_EST_DEATHS,Estimated number of malaria deaths,text,AFR,Africa,Country,TCD,Chad,Year,2002,false,,,,,,,,,,,,,8980,,,8450,,9570,8980 [8450-9570],,,EN,2025-12-19T00:00:00.000Z
MALARIA_EST_DEATHS,Estimated number of malaria deaths,text,AMR,Americas,Country,BOL,Bolivia (Plurinational State of),Year,2002,false,,,,,,,,,,,,,9,,,3,,15,9 [3-15],,,EN,2025-12-19T00:00:00.000Z
MALARIA_EST_DEATHS,Estimated number of malaria deaths,text,AMR,Americas,Country,BRA,Brazil,Year,2002,false,,,,,,,,,,,,,95,,,,,,95,,,EN,2025-12-19T00:00:00.000Z
MALARIA_EST_DEATHS,Estimated number of malaria deaths,text,AFR,Africa,Country,ZAF,South Africa,Year,2002,false,,,,,,,,,,,,,96,,,,,,96,,,EN,2025-12-19T00:00:00.000Z
MALARIA_EST_DEATHS,Estimated number of malaria deaths,text,AMR,Americas,Country,ARG,Argentina,Year,2001,false,,,,,,,,,,,,,0,,,,,,0,,,EN,2025-12-19T00:00:00.000Z
MALARIA_EST_DEATHS,Estimated number of malaria deaths,text,EUR,Europe,Country,ARM,Armenia,Year,2001,false,,,,,,,,,,,,,0,,,,,,0,,,EN,2025-12-19T00:00:00.000Z
MALARIA_EST_DEATHS,Estimated number of malaria deaths,text,EUR,Europe,Country,AZE,Azerbaijan,Year,2001,false,,,,,,,,,,,,,0,,,,,,0,,,EN,2025-12-19T00:00:00.000Z
MALARIA_EST_DEATHS,Estimated number of malaria deaths,text,AMR,Americas,Country,BLZ,Belize,Year,2001,false,,,,,,,,,,,,,0,,,,,,0,,,EN,2025-12-19T00:00:00.000Z
MALARIA_EST_DEATHS,Estimated number of malaria deaths,text,AFR,Africa,Country,CPV,Cabo Verde,Year,2001,false,,,,,,,,,,,,,0,,,,,,0,,,EN,2025-12-19T00:00:00.000Z
MALARIA_EST_DEATHS,Estimated number of malaria deaths,text,AMR,Americas,Country,CRI,Costa Rica,Year,2001,false,,,,,,,,,,,,,0,,,,,,0,,,EN,2025-12-19T00:00:00.000Z
MALARIA_EST_DEATHS,Estimated number of malaria deaths,text,SEAR,South-East Asia,Country,PRK,Democratic People's Republic of Korea,Year,2001,false,,,,,,,,,,,,,0,,,,,,0,,,EN,2025-12-19T00:00:00.000Z
MALARIA_EST_DEATHS,Estimated number of malaria deaths,text,EMR,Eastern Mediterranean,Country,EGY,Egypt,Year,2001,false,,,,,,,,,,,,,0,,,,,,0,,,EN,2025-12-19T00:00:00.000Z
MALARIA_EST_DEATHS,Estimated number of malaria deaths,text,AMR,Americas,Country,SLV,El Salvador,Year,2001,false,,,,,,,,,,,,,0,,,,,,0,,,EN,2025-12-19T00:00:00.000Z
MALARIA_EST_DEATHS,Estimated number of malaria deaths,text,EUR,Europe,Country,GEO,Georgia,Year,2001,false,,,,,,,,,,,,,0,,,,,,0,,,EN,2025-12-19T00:00:00.000Z
MALARIA_EST_DEATHS,Estimated number of malaria deaths,text,EMR,Eastern Mediterranean,Country,IRQ,Iraq,Year,2001,false,,,,,,,,,,,,,0,,,,,,0,,,EN,2025-12-19T00:00:00.000Z
MALARIA_EST_DEATHS,Estimated number of malaria deaths,text,EUR,Europe,Country,KAZ,Kazakhstan,Year,2001,false,,,,,,,,,,,,,0,,,,,,0,,,EN,2025-12-19T00:00:00.000Z
MALARIA_EST_DEATHS,Estimated number of malaria deaths,text,EUR,Europe,Country,KGZ,Kyrgyzstan,Year,2001,false,,,,,,,,,,,,,0,,,,,,0,,,EN,2025-12-19T00:00:00.000Z
MALARIA_EST_DEATHS,Estimated number of malaria deaths,text,AMR,Americas,Country,MEX,Mexico,Year,2001,false,,,,,,,,,,,,,0,,,,,,0,,,EN,2025-12-19T00:00:00.000Z
MALARIA_EST_DEATHS,Estimated number of malaria deaths,text,EMR,Eastern Mediterranean,Country,MAR,Morocco,Year,2001,false,,,,,,,,,,,,,0,,,,,,0,,,EN,2025-12-19T00:00:00.000Z
MALARIA_EST_DEATHS,Estimated number of malaria deaths,text,EMR,Eastern Mediterranean,Country,OMN,Oman,Year,2001,false,,,,,,,,,,,,,0,,,,,,0,,,EN,2025-12-19T00:00:00.000Z
MALARIA_EST_DEATHS,Estimated number of malaria deaths,text,AMR,Americas,Country,PRY,Paraguay,Year,2001,false,,,,,,,,,,,,,0,,,,,,0,,,EN,2025-12-19T00:00:00.000Z
MALARIA_EST_DEATHS,Estimated number of malaria deaths,text,WPR,Western Pacific,Country,KOR,Republic of Korea,Year,2001,false,,,,,,,,,,,,,0,,,,,,0,,,EN,2025-12-19T00:00:00.000Z
MALARIA_EST_DEATHS,Estimated number of malaria deaths,text,EMR,Eastern Mediterranean,Country,SAU,Saudi Arabia,Year,2001,false,,,,,,,,,,,,,0,,,,,,0,,,EN,2025-12-19T00:00:00.000Z
MALARIA_EST_DEATHS,Estimated number of malaria deaths,text,EMR,Eastern Mediterranean,Country,SYR,Syrian Arab Republic,Year,2001,false,,,,,,,,,,,,,0,,,,,,0,,,EN,2025-12-19T00:00:00.000Z
MALARIA_EST_DEATHS,Estimated number of malaria deaths,text,EUR,Europe,Country,TUR,Türkiye,Year,2001,false,,,,,,,,,,,,,0,,,,,,0,,,EN,2025-12-19T00:00:00.000Z
MALARIA_EST_DEATHS,Estimated number of malaria deaths,text,EUR,Europe,Country,TJK,Tajikistan,Year,2001,false,,,,,,,,,,,,,0,,,,,,0,,,EN,2025-12-19T00:00:00.000Z
MALARIA_EST_DEATHS,Estimated number of malaria deaths,text,EUR,Europe,Country,TKM,Turkmenistan,Year,2001,false,,,,,,,,,,,,,0,,,,,,0,,,EN,2025-12-19T00:00:00.000Z
MALARIA_EST_DEATHS,Estimated number of malaria deaths,text,EMR,Eastern Mediterranean,Country,ARE,United Arab Emirates,Year,2001,false,,,,,,,,,,,,,0,,,,,,0,,,EN,2025-12-19T00:00:00.000Z
MALARIA_EST_DEATHS,Estimated number of malaria deaths,text,EUR,Europe,Country,UZB,Uzbekistan,Year,2001,false,,,,,,,,,,,,,0,,,,,,0,,,EN,2025-12-19T00:00:00.000Z
MALARIA_EST_DEATHS,Estimated number of malaria deaths,text,AFR,Africa,Country,DZA,Algeria,Year,2001,false,,,,,,,,,,,,,1,,,,,,1,,,EN,2025-12-19T00:00:00.000Z
MALARIA_EST_DEATHS,Estimated number of malaria deaths,text,AMR,Americas,Country,PAN,Panama,Year,2001,false,,,,,,,,,,,,,1,,,,,,1,,,EN,2025-12-19T00:00:00.000Z
MALARIA_EST_DEATHS,Estimated number of malaria deaths,text,AFR,Africa,Country,COD,Democratic Republic of the Congo,Year,2001,false,,,,,,,,,,,,,102551,,,93800,,113000,102 551 [93 800-113 000],,,EN,2025-12-19T00:00:00.000Z
MALARIA_EST_DEATHS,Estimated number of malaria deaths,text,AFR,Africa,Country,SSD,South Sudan,Year,2001,false,,,,,,,,,,,,,11420,,,9960,,13000,11 420 [9960-13 000],,,EN,2025-12-19T00:00:00.000Z
MALARIA_EST_DEATHS,Estimated number of malaria deaths,text,AFR,Africa,Country,BDI,Burundi,Year,2001,false,,,,,,,,,,,,,11872,,,10900,,12900,11 872 [10 900-12 900],,,EN,2025-12-19T00:00:00.000Z
MALARIA_EST_DEATHS,Estimated number of malaria deaths,text,EMR,Eastern Mediterranean,Country,PAK,Pakistan,Year,2001,false,,,,,,,,,,,,,1144,,,360,,2980,1144 [360-2980],,,EN,2025-12-19T00:00:00.000Z
MALARIA_EST_DEATHS,Estimated number of malaria deaths,text,AFR,Africa,Country,GIN,Guinea,Year,2001,false,,,,,,,,,,,,,12271,,,11600,,13000,12 271 [11 600-13 000],,,EN,2025-12-19T00:00:00.000Z
MALARIA_EST_DEATHS,Estimated number of malaria deaths,text,AFR,Africa,Country,KEN,Kenya,Year,2001,false,,,,,,,,,,,,,13613,,,13100,,14200,13 613 [13 100-14 200],,,EN,2025-12-19T00:00:00.000Z
MALARIA_EST_DEATHS,Estimated number of malaria deaths,text,AFR,Africa,Country,SLE,Sierra Leone,Year,2001,false,,,,,,,,,,,,,13832,,,13000,,14700,13 832 [13 000-14 700],,,EN,2025-12-19T00:00:00.000Z
MALARIA_EST_DEATHS,Estimated number of malaria deaths,text,AFR,Africa,Country,ERI,Eritrea,Year,2001,false,,,,,,,,,,,,,133,,,,,,133,,,EN,2025-12-19T00:00:00.000Z
MALARIA_EST_DEATHS,Estimated number of malaria deaths,text,SEAR,South-East Asia,Country,BTN,Bhutan,Year,2001,false,,,,,,,,,,,,,14,,,,,,14,,,EN,2025-12-19T00:00:00.000Z
MALARIA_EST_DEATHS,Estimated number of malaria deaths,text,AFR,Africa,Country,ZMB,Zambia,Year,2001,false,,,,,,,,,,,,,14486,,,13700,,15300,14 486 [13 700-15 300],,,EN,2025-12-19T00:00:00.000Z
MALARIA_EST_DEATHS,Estimated number of malaria deaths,text,AMR,Americas,Country,BRA,Brazil,Year,2001,false,,,,,,,,,,,,,142,,,,,,142,,,EN,2025-12-19T00:00:00.000Z
MALARIA_EST_DEATHS,Estimated number of malaria deaths,text,AMR,Americas,Country,HND,Honduras,Year,2001,false,,,,,,,,,,,,,15,,,6,,27,15 [6-27],,,EN,2025-12-19T00:00:00.000Z
MALARIA_EST_DEATHS,Estimated number of malaria deaths,text,AFR,Africa,Country,GNB,Guinea-Bissau,Year,2001,false,,,,,,,,,,,,,1568,,,1450,,1700,1568 [1450-1700],,,EN,2025-12-19T00:00:00.000Z
MALARIA_EST_DEATHS,Estimated number of malaria deaths,text,WPR,Western Pacific,Country,IDN,Indonesia,Year,2001,false,,,,,,,,,,,,,1572,,,750,,2660,1572 [750-2660],,,EN,2025-12-19T00:00:00.000Z
MALARIA_EST_DEATHS,Estimated number of malaria deaths,text,AMR,Americas,Country,COL,Colombia,Year,2001,false,,,,,,,,,,,,,168,,,,,,168,,,EN,2025-12-19T00:00:00.000Z
MALARIA_EST_DEATHS,Estimated number of malaria deaths,text,AMR,Americas,Country,DOM,Dominican Republic,Year,2001,false,,,,,,,,,,,,,17,,,,,,17,,,EN,2025-12-19T00:00:00.000Z
MALARIA_EST_DEATHS,Estimated number of malaria deaths,text,AFR,Africa,Country,NAM,Namibia,Year,2001,false,,,,,,,,,,,,,1728,,,,,,1728,,,EN,2025-12-19T00:00:00.000Z
MALARIA_EST_DEATHS,Estimated number of malaria deaths,text,AMR,Americas,Country,GTM,Guatemala,Year,2001,false,,,,,,,,,,,,,18,,,7,,30,18 [7-30],,,EN,2025-12-19T00:00:00.000Z
MALARIA_EST_DEATHS,Estimated number of malaria deaths,text,AFR,Africa,Country,MWI,Malawi,Year,2001,false,,,,,,,,,,,,,18226,,,17400,,19100,18 226 [17 400-19 100],,,EN,2025-12-19T00:00:00.000Z
MALARIA_EST_DEATHS,Estimated number of malaria deaths,text,AFR,Africa,Country,GHA,Ghana,Year,2001,false,,,,,,,,,,,,,18932,,,18200,,19700,18 932 [18 200-19 700],,,EN,2025-12-19T00:00:00.000Z
MALARIA_EST_DEATHS,Estimated number of malaria deaths,text,AMR,Americas,Country,HTI,Haiti,Year,2001,false,,,,,,,,,,,,,187,,,69,,380,187 [69-380],,,EN,2025-12-19T00:00:00.000Z
MALARIA_EST_DEATHS,Estimated number of malaria deaths,text,AFR,Africa,Country,CMR,Cameroon,Year,2001,false,,,,,,,,,,,,,19003,,,17800,,20300,19 003 [17 800-20 300],,,EN,2025-12-19T00:00:00.000Z
MALARIA_EST_DEATHS,Estimated number of malaria deaths,text,EMR,Eastern Mediterranean,Country,IRN,Iran (Islamic Republic of),Year,2001,false,,,,,,,,,,,,,2,,,,,,2,,,EN,2025-12-19T00:00:00.000Z
MALARIA_EST_DEATHS,Estimated number of malaria deaths,text,AMR,Americas,Country,NIC,Nicaragua,Year,2001,false,,,,,,,,,,,,,2,,,,,,2,,,EN,2025-12-19T00:00:00.000Z
MALARIA_EST_DEATHS,Estimated number of malaria deaths,text,AFR,Africa,Country,ETH,Ethiopia,Year,2001,false,,,,,,,,,,,,,21343,,,4960,,46700,21 343 [4960-46 700],,,EN,2025-12-19T00:00:00.000Z
MALARIA_EST_DEATHS,Estimated number of malaria deaths,text,AFR,Africa,Country,NER,Niger,Year,2001,false,,,,,,,,,,,,,22246,,,20800,,23800,22 246 [20 800-23 800],,,EN,2025-12-19T00:00:00.000Z
MALARIA_EST_DEATHS,Estimated number of malaria deaths,text,AFR,Africa,Country,MLI,Mali,Year,2001,false,,,,,,,,,,,,,22848,,,21600,,24200,22 848 [21 600-24 200],,,EN,2025-12-19T00:00:00.000Z
MALARIA_EST_DEATHS,Estimated number of malaria deaths,text,AFR,Africa,Country,NGA,Nigeria,Year,2001,false,,,,,,,,,,,,,226394,,,213000,,240000,226 394 [213 000-240 000],,,EN,2025-12-19T00:00:00.000Z
MALARIA_EST_DEATHS,Estimated number of malaria deaths,text,AMR,Americas,Country,SUR,Suriname,Year,2001,false,,,,,,,,,,,,,23,,,,,,23,,,EN,2025-12-19T00:00:00.000Z
MALARIA_EST_DEATHS,Estimated number of malaria deaths,text,AFR,Africa,Country,AGO,Angola,Year,2001,false,,,,,,,,,,,,,23559,,,21200,,26500,23 559 [21 200-26 500],,,EN,2025-12-19T00:00:00.000Z
MALARIA_EST_DEATHS,Estimated number of malaria deaths,text,SEAR,South-East Asia,Country,TLS,Timor-Leste,Year,2001,false,,,,,,,,,,,,,230,,,60,,640,230 [60-640],,,EN,2025-12-19T00:00:00.000Z
MALARIA_EST_DEATHS,Estimated number of malaria deaths,text,WPR,Western Pacific,Country,VUT,Vanuatu,Year,2001,false,,,,,,,,,,,,,24,,,11,,44,24 [11-44],,,EN,2025-12-19T00:00:00.000Z
MALARIA_EST_DEATHS,Estimated number of malaria deaths,text,WPR,Western Pacific,Country,LAO,Lao People's Democratic Republic,Year,2001,false,,,,,,,,,,,,,242,,,,,,242,,,EN,2025-12-19T00:00:00.000Z
MALARIA_EST_DEATHS,Estimated number of malaria deaths,text,AFR,Africa,Country,ZWE,Zimbabwe,Year,2001,false,,,,,,,,,,,,,2475,,,450,,7210,2475 [450-7210],,,EN,2025-12-19T00:00:00.000Z
MALARIA_EST_DEATHS,Estimated number of malaria deaths,text,AFR,Africa,Country,STP,Sao Tome and Principe,Year,2001,false,,,,,,,,,,,,,248,,,,,,248,,,EN,2025-12-19T00:00:00.000Z
MALARIA_EST_DEATHS,Estimated number of malaria deaths,text,AFR,Africa,Country,COG,Congo,Year,2001,false,,,,,,,,,,,,,2648,,,2480,,2840,2648 [2480-2840],,,EN,2025-12-19T00:00:00.000Z
MALARIA_EST_DEATHS,Estimated number of malaria deaths,text,AFR,Africa,Country,MDG,Madagascar,Year,2001,false,,,,,,,,,,,,,2747,,,290,,6900,2747 [290-6900],,,EN,2025-12-19T00:00:00.000Z
MALARIA_EST_DEATHS,Estimated number of malaria deaths,text,AMR,Americas,Country,VEN,Venezuela (Bolivarian Republic of),Year,2001,false,,,,,,,,,,,,,28,,,,,,28,,,EN,2025-12-19T00:00:00.000Z
MALARIA_EST_DEATHS,Estimated number of malaria deaths,text,SEAR,South-East Asia,Country,NPL,Nepal,Year,2001,false,,,,,,,,,,,,,28,,,7,,68,28 [7-68],,,EN,2025-12-19T00:00:00.000Z
MALARIA_EST_DEATHS,Estimated number of malaria deaths,text,SEAR,South-East Asia,Country,MMR,Myanmar,Year,2001,false,,,,,,,,,,,,,2814,,,,,,2814,,,EN,2025-12-19T00:00:00.000Z
MALARIA_EST_DEATHS,Estimated number of malaria deaths,text,AFR,Africa,Country,BWA,Botswana,Year,2001,false,,,,,,,,,,,,,29,,,,,,29,,,EN,2025-12-19T00:00:00.000Z
MALARIA_EST_DEATHS,Estimated number of malaria deaths,text,EMR,Eastern Mediterranean,Country,YEM,Yemen,Year,2001,false,,,,,,,,,,,,,2944,,,910,,14400,2944 [910-14 400],,,EN,2025-12-19T00:00:00.000Z
MALARIA_EST_DEATHS,Estimated number of malaria deaths,text,AMR,Americas,Country,GUF,French Guiana,Year,2001,false,,,,,,,,,,,,,3,,,,,,3,,,EN,2025-12-19T00:00:00.000Z
MALARIA_EST_DEATHS,Estimated number of malaria deaths,text,WPR,Western Pacific,Country,CHN,China,Year,2001,false,,,,,,,,,,,,,30,,,,,,30,,,EN,2025-12-19T00:00:00.000Z
MALARIA_EST_DEATHS,Estimated number of malaria deaths,text,WPR,Western Pacific,Country,PNG,Papua New Guinea,Year,2001,false,,,,,,,,,,,,,3075,,,830,,6570,3075 [830-6570],,,EN,2025-12-19T00:00:00.000Z
MALARIA_EST_DEATHS,Estimated number of malaria deaths,text,SEAR,South-East Asia,Country,IND,India,Year,2001,false,,,,,,,,,,,,,31114,,,15200,,50400,31 114 [15 200-50 400],,,EN,2025-12-19T00:00:00.000Z
MALARIA_EST_DEATHS,Estimated number of malaria deaths,text,AFR,Africa,Country,CIV,Cote d'Ivoire,Year,2001,false,,,,,,,,,,,,,31639,,,29700,,33800,31 639 [29 700-33 800],,,EN,2025-12-19T00:00:00.000Z
MALARIA_EST_DEATHS,Estimated number of malaria deaths,text,EMR,Eastern Mediterranean,Country,SOM,Somalia,Year,2001,false,,,,,,,,,,,,,3321,,,1240,,6480,3321 [1240-6480],,,EN,2025-12-19T00:00:00.000Z
MALARIA_EST_DEATHS,Estimated number of malaria deaths,text,AFR,Africa,Country,GAB,Gabon,Year,2001,false,,,,,,,,,,,,,347,,,320,,380,347 [320-380],,,EN,2025-12-19T00:00:00.000Z
MALARIA_EST_DEATHS,Estimated number of malaria deaths,text,AFR,Africa,Country,SEN,Senegal,Year,2001,false,,,,,,,,,,,,,3562,,,3480,,3660,3562 [3480-3660],,,EN,2025-12-19T00:00:00.000Z
MALARIA_EST_DEATHS,Estimated number of malaria deaths,text,WPR,Western Pacific,Country,VNM,Viet Nam,Year,2001,false,,,,,,,,,,,,,380,,,180,,650,380 [180-650],,,EN,2025-12-19T00:00:00.000Z
MALARIA_EST_DEATHS,Estimated number of malaria deaths,text,EMR,Eastern Mediterranean,Country,DJI,Djibouti,Year,2001,false,,,,,,,,,,,,,4,,,1,,8,4 [1-8],,,EN,2025-12-19T00:00:00.000Z
MALARIA_EST_DEATHS,Estimated number of malaria deaths,text,AFR,Africa,Country,TZA,United Republic of Tanzania,Year,2001,false,,,,,,,,,,,,,41667,,,39800,,43600,41 667 [39 800-43 600],,,EN,2025-12-19T00:00:00.000Z
MALARIA_EST_DEATHS,Estimated number of malaria deaths,text,AFR,Africa,Country,MOZ,Mozambique,Year,2001,false,,,,,,,,,,,,,42565,,,39600,,45800,42 565 [39 600-45 800],,,EN,2025-12-19T00:00:00.000Z
MALARIA_EST_DEATHS,Estimated number of malaria deaths,text,SEAR,South-East Asia,Country,THA,Thailand,Year,2001,false,,,,,,,,,,,,,424,,,,,,424,,,EN,2025-12-19T00:00:00.000Z
MALARIA_EST_DEATHS,Estimated number of malaria deaths,text,WPR,Western Pacific,Country,PHL,Philippines,Year,2001,false,,,,,,,,,,,,,439,,,,,,439,,,EN,2025-12-19T00:00:00.000Z
MALARIA_EST_DEATHS,Estimated number of malaria deaths,text,AFR,Africa,Country,BFA,Burkina Faso,Year,2001,false,,,,,,,,,,,,,45815,,,42900,,48900,45 815 [42 900-48 900],,,EN,2025-12-19T00:00:00.000Z
MALARIA_EST_DEATHS,Estimated number of malaria deaths,text,WPR,Western Pacific,Country,MYS,Malaysia,Year,2001,false,,,,,,,,,,,,,46,,,,,,46,,,EN,2025-12-19T00:00:00.000Z
MALARIA_EST_DEATHS,Estimated number of malaria deaths,text,AFR,Africa,Country,UGA,Uganda,Year,2001,false,,,,,,,,,,,,,46341,,,43900,,48900,46 341 [43 900-48 900],,,EN,2025-12-19T00:00:00.000Z
MALARIA_EST_DEATHS,Estimated number of malaria deaths,text,AFR,Africa,Country,GMB,Gambia,Year,2001,false,,,,,,,,,,,,,469,,,450,,490,469 [450-490],,,EN,2025-12-19T00:00:00.000Z
MALARIA_EST_DEATHS,Estimated number of malaria deaths,text,SEAR,South-East Asia,Country,BGD,Bangladesh,Year,2001,false,,,,,,,,,,,,,470,,,,,,470,,,EN,2025-12-19T00:00:00.000Z
MALARIA_EST_DEATHS,Estimated number of malaria deaths,text,AFR,Africa,Country,GNQ,Equatorial Guinea,Year,2001,false,,,,,,,,,,,,,490,,,460,,530,490 [460-530],,,EN,2025-12-19T00:00:00.000Z
MALARIA_EST_DEATHS,Estimated number of malaria deaths,text,AFR,Africa,Country,CAF,Central African Republic,Year,2001,false,,,,,,,,,,,,,4906,,,4500,,5400,4906 [4500-5400],,,EN,2025-12-19T00:00:00.000Z
MALARIA_EST_DEATHS,Estimated number of malaria deaths,text,SEAR,South-East Asia,Country,LKA,Sri Lanka,Year,2001,false,,,,,,,,,,,,,52,,,,,,52,,,EN,2025-12-19T00:00:00.000Z
MALARIA_EST_DEATHS,Estimated number of malaria deaths,text,AMR,Americas,Country,GUY,Guyana,Year,2001,false,,,,,,,,,,,,,52,,,25,,84,52 [25-84],,,EN,2025-12-19T00:00:00.000Z
MALARIA_EST_DEATHS,Estimated number of malaria deaths,text,WPR,Western Pacific,Country,SLB,Solomon Islands,Year,2001,false,,,,,,,,,,,,,521,,,200,,1040,521 [200-1040],,,EN,2025-12-19T00:00:00.000Z
MALARIA_EST_DEATHS,Estimated number of malaria deaths,text,AFR,Africa,Country,TGO,Togo,Year,2001,false,,,,,,,,,,,,,5214,,,4930,,5530,5214 [4930-5530],,,EN,2025-12-19T00:00:00.000Z
MALARIA_EST_DEATHS,Estimated number of malaria deaths,text,AFR,Africa,Country,RWA,Rwanda,Year,2001,false,,,,,,,,,,,,,5525,,,5290,,5770,5525 [5290-5770],,,EN,2025-12-19T00:00:00.000Z
MALARIA_EST_DEATHS,Estimated number of malaria deaths,text,AFR,Africa,Country,LBR,Liberia,Year,2001,false,,,,,,,,,,,,,5713,,,5360,,6090,5713 [5360-6090],,,EN,2025-12-19T00:00:00.000Z
MALARIA_EST_DEATHS,Estimated number of malaria deaths,text,EMR,Eastern Mediterranean,Country,SDN,Sudan,Year,2001,false,,,,,,,,,,,,,6098,,,2570,,10800,6098 [2570-10 800],,,EN,2025-12-19T00:00:00.000Z
MALARIA_EST_DEATHS,Estimated number of malaria deaths,text,AFR,Africa,Country,SWZ,Eswatini,Year,2001,false,,,,,,,,,,,,,62,,,,,,62,,,EN,2025-12-19T00:00:00.000Z
MALARIA_EST_DEATHS,Estimated number of malaria deaths,text,AFR,Africa,Country,MRT,Mauritania,Year,2001,false,,,,,,,,,,,,,659,,,640,,690,659 [640-690],,,EN,2025-12-19T00:00:00.000Z
MALARIA_EST_DEATHS,Estimated number of malaria deaths,text,AFR,Africa,Country,BEN,Benin,Year,2001,false,,,,,,,,,,,,,7608,,,7200,,8050,7608 [7200-8050],,,EN,2025-12-19T00:00:00.000Z
MALARIA_EST_DEATHS,Estimated number of malaria deaths,text,AFR,Africa,Country,TCD,Chad,Year,2001,false,,,,,,,,,,,,,7984,,,7520,,8490,7984 [7520-8490],,,EN,2025-12-19T00:00:00.000Z
MALARIA_EST_DEATHS,Estimated number of malaria deaths,text,AFR,Africa,Country,ZAF,South Africa,Year,2001,false,,,,,,,,,,,,,81,,,,,,81,,,EN,2025-12-19T00:00:00.000Z
MALARIA_EST_DEATHS,Estimated number of malaria deaths,text,AMR,Americas,Country,ECU,Ecuador,Year,2001,false,,,,,,,,,,,,,84,,,,,,84,,,EN,2025-12-19T00:00:00.000Z
MALARIA_EST_DEATHS,Estimated number of malaria deaths,text,AFR,Africa,Country,COM,Comoros,Year,2001,false,,,,,,,,,,,,,89,,,32,,180,89 [32-180],,,EN,2025-12-19T00:00:00.000Z
MALARIA_EST_DEATHS,Estimated number of malaria deaths,text,AMR,Americas,Country,PER,Peru,Year,2001,false,,,,,,,,,,,,,89,,,44,,140,89 [44-140],,,EN,2025-12-19T00:00:00.000Z
MALARIA_EST_DEATHS,Estimated number of malaria deaths,text,AMR,Americas,Country,BOL,Bolivia (Plurinational State of),Year,2001,false,,,,,,,,,,,,,9,,,4,,17,9 [4-17],,,EN,2025-12-19T00:00:00.000Z
MALARIA_EST_DEATHS,Estimated number of malaria deaths,text,WPR,Western Pacific,Country,KHM,Cambodia,Year,2001,false,,,,,,,,,,,,,904,,,390,,1590,904 [390-1590],,,EN,2025-12-19T00:00:00.000Z
MALARIA_EST_DEATHS,Estimated number of malaria deaths,text,EMR,Eastern Mediterranean,Country,AFG,Afghanistan,Year,2001,false,,,,,,,,,,,,,965,,,400,,1880,965 [400-1880],,,EN,2025-12-19T00:00:00.000Z
MALARIA_EST_DEATHS,Estimated number of malaria deaths,text,AMR,Americas,Country,ARG,Argentina,Year,2000,false,,,,,,,,,,,,,0,,,,,,0,,,EN,2025-12-19T00:00:00.000Z
MALARIA_EST_DEATHS,Estimated number of malaria deaths,text,EUR,Europe,Country,ARM,Armenia,Year,2000,false,,,,,,,,,,,,,0,,,,,,0,,,EN,2025-12-19T00:00:00.000Z
MALARIA_EST_DEATHS,Estimated number of malaria deaths,text,EUR,Europe,Country,AZE,Azerbaijan,Year,2000,false,,,,,,,,,,,,,0,,,,,,0,,,EN,2025-12-19T00:00:00.000Z
MALARIA_EST_DEATHS,Estimated number of malaria deaths,text,AMR,Americas,Country,BLZ,Belize,Year,2000,false,,,,,,,,,,,,,0,,,,,,0,,,EN,2025-12-19T00:00:00.000Z
MALARIA_EST_DEATHS,Estimated number of malaria deaths,text,AFR,Africa,Country,CPV,Cabo Verde,Year,2000,false,,,,,,,,,,,,,0,,,,,,0,,,EN,2025-12-19T00:00:00.000Z
MALARIA_EST_DEATHS,Estimated number of malaria deaths,text,AMR,Americas,Country,CRI,Costa Rica,Year,2000,false,,,,,,,,,,,,,0,,,,,,0,,,EN,2025-12-19T00:00:00.000Z
MALARIA_EST_DEATHS,Estimated number of malaria deaths,text,SEAR,South-East Asia,Country,PRK,Democratic People's Republic of Korea,Year,2000,false,,,,,,,,,,,,,0,,,,,,0,,,EN,2025-12-19T00:00:00.000Z
MALARIA_EST_DEATHS,Estimated number of malaria deaths,text,EMR,Eastern Mediterranean,Country,EGY,Egypt,Year,2000,false,,,,,,,,,,,,,0,,,,,,0,,,EN,2025-12-19T00:00:00.000Z
MALARIA_EST_DEATHS,Estimated number of malaria deaths,text,AMR,Americas,Country,SLV,El Salvador,Year,2000,false,,,,,,,,,,,,,0,,,,,,0,,,EN,2025-12-19T00:00:00.000Z
MALARIA_EST_DEATHS,Estimated number of malaria deaths,text,AMR,Americas,Country,GUF,French Guiana,Year,2000,false,,,,,,,,,,,,,0,,,,,,0,,,EN,2025-12-19T00:00:00.000Z
MALARIA_EST_DEATHS,Estimated number of malaria deaths,text,EUR,Europe,Country,GEO,Georgia,Year,2000,false,,,,,,,,,,,,,0,,,,,,0,,,EN,2025-12-19T00:00:00.000Z
MALARIA_EST_DEATHS,Estimated number of malaria deaths,text,EMR,Eastern Mediterranean,Country,IRQ,Iraq,Year,2000,false,,,,,,,,,,,,,0,,,,,,0,,,EN,2025-12-19T00:00:00.000Z
MALARIA_EST_DEATHS,Estimated number of malaria deaths,text,EUR,Europe,Country,KAZ,Kazakhstan,Year,2000,false,,,,,,,,,,,,,0,,,,,,0,,,EN,2025-12-19T00:00:00.000Z
MALARIA_EST_DEATHS,Estimated number of malaria deaths,text,EUR,Europe,Country,KGZ,Kyrgyzstan,Year,2000,false,,,,,,,,,,,,,0,,,,,,0,,,EN,2025-12-19T00:00:00.000Z
MALARIA_EST_DEATHS,Estimated number of malaria deaths,text,AMR,Americas,Country,MEX,Mexico,Year,2000,false,,,,,,,,,,,,,0,,,,,,0,,,EN,2025-12-19T00:00:00.000Z
MALARIA_EST_DEATHS,Estimated number of malaria deaths,text,EMR,Eastern Mediterranean,Country,MAR,Morocco,Year,2000,false,,,,,,,,,,,,,0,,,,,,0,,,EN,2025-12-19T00:00:00.000Z
MALARIA_EST_DEATHS,Estimated number of malaria deaths,text,EMR,Eastern Mediterranean,Country,OMN,Oman,Year,2000,false,,,,,,,,,,,,,0,,,,,,0,,,EN,2025-12-19T00:00:00.000Z
MALARIA_EST_DEATHS,Estimated number of malaria deaths,text,AMR,Americas,Country,PRY,Paraguay,Year,2000,false,,,,,,,,,,,,,0,,,,,,0,,,EN,2025-12-19T00:00:00.000Z
MALARIA_EST_DEATHS,Estimated number of malaria deaths,text,WPR,Western Pacific,Country,KOR,Republic of Korea,Year,2000,false,,,,,,,,,,,,,0,,,,,,0,,,EN,2025-12-19T00:00:00.000Z
MALARIA_EST_DEATHS,Estimated number of malaria deaths,text,EMR,Eastern Mediterranean,Country,SAU,Saudi Arabia,Year,2000,false,,,,,,,,,,,,,0,,,,,,0,,,EN,2025-12-19T00:00:00.000Z
MALARIA_EST_DEATHS,Estimated number of malaria deaths,text,EMR,Eastern Mediterranean,Country,SYR,Syrian Arab Republic,Year,2000,false,,,,,,,,,,,,,0,,,,,,0,,,EN,2025-12-19T00:00:00.000Z
MALARIA_EST_DEATHS,Estimated number of malaria deaths,text,EUR,Europe,Country,TUR,Türkiye,Year,2000,false,,,,,,,,,,,,,0,,,,,,0,,,EN,2025-12-19T00:00:00.000Z
MALARIA_EST_DEATHS,Estimated number of malaria deaths,text,EUR,Europe,Country,TJK,Tajikistan,Year,2000,false,,,,,,,,,,,,,0,,,,,,0,,,EN,2025-12-19T00:00:00.000Z
MALARIA_EST_DEATHS,Estimated number of malaria deaths,text,EUR,Europe,Country,TKM,Turkmenistan,Year,2000,false,,,,,,,,,,,,,0,,,,,,0,,,EN,2025-12-19T00:00:00.000Z
MALARIA_EST_DEATHS,Estimated number of malaria deaths,text,EMR,Eastern Mediterranean,Country,ARE,United Arab Emirates,Year,2000,false,,,,,,,,,,,,,0,,,,,,0,,,EN,2025-12-19T00:00:00.000Z
MALARIA_EST_DEATHS,Estimated number of malaria deaths,text,EUR,Europe,Country,UZB,Uzbekistan,Year,2000,false,,,,,,,,,,,,,0,,,,,,0,,,EN,2025-12-19T00:00:00.000Z
MALARIA_EST_DEATHS,Estimated number of malaria deaths,text,AMR,Americas,Country,PAN,Panama,Year,2000,false,,,,,,,,,,,,,1,,,,,,1,,,EN,2025-12-19T00:00:00.000Z
MALARIA_EST_DEATHS,Estimated number of malaria deaths,text,AFR,Africa,Country,SSD,South Sudan,Year,2000,false,,,,,,,,,,,,,11590,,,10100,,13200,11 590 [10 100-13 200],,,EN,2025-12-19T00:00:00.000Z
MALARIA_EST_DEATHS,Estimated number of malaria deaths,text,AFR,Africa,Country,KEN,Kenya,Year,2000,false,,,,,,,,,,,,,11766,,,11300,,12200,11 766 [11 300-12 200],,,EN,2025-12-19T00:00:00.000Z
MALARIA_EST_DEATHS,Estimated number of malaria deaths,text,AFR,Africa,Country,BDI,Burundi,Year,2000,false,,,,,,,,,,,,,11803,,,10900,,12800,11 803 [10 900-12 800],,,EN,2025-12-19T00:00:00.000Z
MALARIA_EST_DEATHS,Estimated number of malaria deaths,text,AMR,Americas,Country,COL,Colombia,Year,2000,false,,,,,,,,,,,,,124,,,,,,124,,,EN,2025-12-19T00:00:00.000Z
MALARIA_EST_DEATHS,Estimated number of malaria deaths,text,AFR,Africa,Country,SLE,Sierra Leone,Year,2000,false,,,,,,,,,,,,,13827,,,13000,,14700,13 827 [13 000-14 700],,,EN,2025-12-19T00:00:00.000Z
MALARIA_EST_DEATHS,Estimated number of malaria deaths,text,AFR,Africa,Country,GIN,Guinea,Year,2000,false,,,,,,,,,,,,,14603,,,13800,,15500,14 603 [13 800-15 500],,,EN,2025-12-19T00:00:00.000Z
MALARIA_EST_DEATHS,Estimated number of malaria deaths,text,AFR,Africa,Country,ZMB,Zambia,Year,2000,false,,,,,,,,,,,,,14647,,,13900,,15500,14 647 [13 900-15 500],,,EN,2025-12-19T00:00:00.000Z
MALARIA_EST_DEATHS,Estimated number of malaria deaths,text,AMR,Americas,Country,PER,Peru,Year,2000,false,,,,,,,,,,,,,142,,,67,,250,142 [67-250],,,EN,2025-12-19T00:00:00.000Z
MALARIA_EST_DEATHS,Estimated number of malaria deaths,text,SEAR,South-East Asia,Country,BTN,Bhutan,Year,2000,false,,,,,,,,,,,,,15,,,,,,15,,,EN,2025-12-19T00:00:00.000Z
MALARIA_EST_DEATHS,Estimated number of malaria deaths,text,WPR,Western Pacific,Country,IDN,Indonesia,Year,2000,false,,,,,,,,,,,,,1550,,,740,,2620,1550 [740-2620],,,EN,2025-12-19T00:00:00.000Z
MALARIA_EST_DEATHS,Estimated number of malaria deaths,text,WPR,Western Pacific,Country,KHM,Cambodia,Year,2000,false,,,,,,,,,,,,,1582,,,640,,2960,1582 [640-2960],,,EN,2025-12-19T00:00:00.000Z
MALARIA_EST_DEATHS,Estimated number of malaria deaths,text,AFR,Africa,Country,CMR,Cameroon,Year,2000,false,,,,,,,,,,,,,17946,,,16900,,19100,17 946 [16 900-19 100],,,EN,2025-12-19T00:00:00.000Z
MALARIA_EST_DEATHS,Estimated number of malaria deaths,text,AFR,Africa,Country,MWI,Malawi,Year,2000,false,,,,,,,,,,,,,18912,,,18000,,19900,18 912 [18 000-19 900],,,EN,2025-12-19T00:00:00.000Z
MALARIA_EST_DEATHS,Estimated number of malaria deaths,text,AMR,Americas,Country,HTI,Haiti,Year,2000,false,,,,,,,,,,,,,184,,,69,,370,184 [69-370],,,EN,2025-12-19T00:00:00.000Z
MALARIA_EST_DEATHS,Estimated number of malaria deaths,text,AFR,Africa,Country,GHA,Ghana,Year,2000,false,,,,,,,,,,,,,19744,,,19000,,20600,19 744 [19 000-20 600],,,EN,2025-12-19T00:00:00.000Z
MALARIA_EST_DEATHS,Estimated number of malaria deaths,text,AFR,Africa,Country,NAM,Namibia,Year,2000,false,,,,,,,,,,,,,1985,,,,,,1985,,,EN,2025-12-19T00:00:00.000Z
MALARIA_EST_DEATHS,Estimated number of malaria deaths,text,AFR,Africa,Country,DZA,Algeria,Year,2000,false,,,,,,,,,,,,,2,,,,,,2,,,EN,2025-12-19T00:00:00.000Z
MALARIA_EST_DEATHS,Estimated number of malaria deaths,text,AFR,Africa,Country,GNB,Guinea-Bissau,Year,2000,false,,,,,,,,,,,,,2045,,,1880,,2220,2045 [1880-2220],,,EN,2025-12-19T00:00:00.000Z
MALARIA_EST_DEATHS,Estimated number of malaria deaths,text,SEAR,South-East Asia,Country,TLS,Timor-Leste,Year,2000,false,,,,,,,,,,,,,211,,,55,,580,211 [55-580],,,EN,2025-12-19T00:00:00.000Z
MALARIA_EST_DEATHS,Estimated number of malaria deaths,text,AFR,Africa,Country,COG,Congo,Year,2000,false,,,,,,,,,,,,,2160,,,2030,,2300,2160 [2030-2300],,,EN,2025-12-19T00:00:00.000Z
MALARIA_EST_DEATHS,Estimated number of malaria deaths,text,AFR,Africa,Country,ETH,Ethiopia,Year,2000,false,,,,,,,,,,,,,22200,,,8900,,41400,22 200 [8900-41 400],,,EN,2025-12-19T00:00:00.000Z
MALARIA_EST_DEATHS,Estimated number of malaria deaths,text,AFR,Africa,Country,AGO,Angola,Year,2000,false,,,,,,,,,,,,,22365,,,20200,,25000,22 365 [20 200-25 000],,,EN,2025-12-19T00:00:00.000Z
MALARIA_EST_DEATHS,Estimated number of malaria deaths,text,AFR,Africa,Country,MLI,Mali,Year,2000,false,,,,,,,,,,,,,22690,,,21400,,24000,22 690 [21 400-24 000],,,EN,2025-12-19T00:00:00.000Z
MALARIA_EST_DEATHS,Estimated number of malaria deaths,text,AFR,Africa,Country,MDG,Madagascar,Year,2000,false,,,,,,,,,,,,,2239,,,140,,5720,2239 [140-5720],,,EN,2025-12-19T00:00:00.000Z
MALARIA_EST_DEATHS,Estimated number of malaria deaths,text,AFR,Africa,Country,NGA,Nigeria,Year,2000,false,,,,,,,,,,,,,226214,,,214000,,239000,226 214 [214 000-239 000],,,EN,2025-12-19T00:00:00.000Z
MALARIA_EST_DEATHS,Estimated number of malaria deaths,text,AMR,Americas,Country,HND,Honduras,Year,2000,false,,,,,,,,,,,,,23,,,9,,41,23 [9-41],,,EN,2025-12-19T00:00:00.000Z
MALARIA_EST_DEATHS,Estimated number of malaria deaths,text,AFR,Africa,Country,NER,Niger,Year,2000,false,,,,,,,,,,,,,23204,,,21800,,24800,23 204 [21 800-24 800],,,EN,2025-12-19T00:00:00.000Z
MALARIA_EST_DEATHS,Estimated number of malaria deaths,text,AMR,Americas,Country,SUR,Suriname,Year,2000,false,,,,,,,,,,,,,24,,,,,,24,,,EN,2025-12-19T00:00:00.000Z
MALARIA_EST_DEATHS,Estimated number of malaria deaths,text,AMR,Americas,Country,BOL,Bolivia (Plurinational State of),Year,2000,false,,,,,,,,,,,,,24,,,11,,41,24 [11-41],,,EN,2025-12-19T00:00:00.000Z
MALARIA_EST_DEATHS,Estimated number of malaria deaths,text,AMR,Americas,Country,BRA,Brazil,Year,2000,false,,,,,,,,,,,,,245,,,,,,245,,,EN,2025-12-19T00:00:00.000Z
MALARIA_EST_DEATHS,Estimated number of malaria deaths,text,AFR,Africa,Country,ZWE,Zimbabwe,Year,2000,false,,,,,,,,,,,,,2459,,,460,,7030,2459 [460-7030],,,EN,2025-12-19T00:00:00.000Z
MALARIA_EST_DEATHS,Estimated number of malaria deaths,text,SEAR,South-East Asia,Country,NPL,Nepal,Year,2000,false,,,,,,,,,,,,,25,,,9,,49,25 [9-49],,,EN,2025-12-19T00:00:00.000Z
MALARIA_EST_DEATHS,Estimated number of malaria deaths,text,AFR,Africa,Country,STP,Sao Tome and Principe,Year,2000,false,,,,,,,,,,,,,254,,,,,,254,,,EN,2025-12-19T00:00:00.000Z
MALARIA_EST_DEATHS,Estimated number of malaria deaths,text,AMR,Americas,Country,VEN,Venezuela (Bolivarian Republic of),Year,2000,false,,,,,,,,,,,,,26,,,13,,41,26 [13-41],,,EN,2025-12-19T00:00:00.000Z
MALARIA_EST_DEATHS,Estimated number of malaria deaths,text,EMR,Eastern Mediterranean,Country,YEM,Yemen,Year,2000,false,,,,,,,,,,,,,2633,,,800,,12400,2633 [800-12 400],,,EN,2025-12-19T00:00:00.000Z
MALARIA_EST_DEATHS,Estimated number of malaria deaths,text,AMR,Americas,Country,GTM,Guatemala,Year,2000,false,,,,,,,,,,,,,27,,,11,,45,27 [11-45],,,EN,2025-12-19T00:00:00.000Z
MALARIA_EST_DEATHS,Estimated number of malaria deaths,text,SEAR,South-East Asia,Country,MMR,Myanmar,Year,2000,false,,,,,,,,,,,,,2747,,,1210,,5060,2747 [1210-5060],,,EN,2025-12-19T00:00:00.000Z
MALARIA_EST_DEATHS,Estimated number of malaria deaths,text,AFR,Africa,Country,CIV,Cote d'Ivoire,Year,2000,false,,,,,,,,,,,,,30028,,,28200,,32100,30 028 [28 200-32 100],,,EN,2025-12-19T00:00:00.000Z
MALARIA_EST_DEATHS,Estimated number of malaria deaths,text,EMR,Eastern Mediterranean,Country,SOM,Somalia,Year,2000,false,,,,,,,,,,,,,3012,,,1120,,5890,3012 [1120-5890],,,EN,2025-12-19T00:00:00.000Z
MALARIA_EST_DEATHS,Estimated number of malaria deaths,text,WPR,Western Pacific,Country,PNG,Papua New Guinea,Year,2000,false,,,,,,,,,,,,,3142,,,760,,6880,3142 [760-6880],,,EN,2025-12-19T00:00:00.000Z
MALARIA_EST_DEATHS,Estimated number of malaria deaths,text,SEAR,South-East Asia,Country,IND,India,Year,2000,false,,,,,,,,,,,,,32354,,,15700,,52600,32 354 [15 700-52 600],,,EN,2025-12-19T00:00:00.000Z
MALARIA_EST_DEATHS,Estimated number of malaria deaths,text,WPR,Western Pacific,Country,VUT,Vanuatu,Year,2000,false,,,,,,,,,,,,,34,,,13,,67,34 [13-67],,,EN,2025-12-19T00:00:00.000Z
MALARIA_EST_DEATHS,Estimated number of malaria deaths,text,WPR,Western Pacific,Country,MYS,Malaysia,Year,2000,false,,,,,,,,,,,,,35,,,,,,35,,,EN,2025-12-19T00:00:00.000Z
MALARIA_EST_DEATHS,Estimated number of malaria deaths,text,WPR,Western Pacific,Country,LAO,Lao People's Democratic Republic,Year,2000,false,,,,,,,,,,,,,350,,,,,,350,,,EN,2025-12-19T00:00:00.000Z
MALARIA_EST_DEATHS,Estimated number of malaria deaths,text,AFR,Africa,Country,BWA,Botswana,Year,2000,false,,,,,,,,,,,,,36,,,,,,36,,,EN,2025-12-19T00:00:00.000Z
MALARIA_EST_DEATHS,Estimated number of malaria deaths,text,AFR,Africa,Country,GAB,Gabon,Year,2000,false,,,,,,,,,,,,,362,,,340,,390,362 [340-390],,,EN,2025-12-19T00:00:00.000Z
MALARIA_EST_DEATHS,Estimated number of malaria deaths,text,WPR,Western Pacific,Country,CHN,China,Year,2000,false,,,,,,,,,,,,,39,,,,,,39,,,EN,2025-12-19T00:00:00.000Z
MALARIA_EST_DEATHS,Estimated number of malaria deaths,text,EMR,Eastern Mediterranean,Country,IRN,Iran (Islamic Republic of),Year,2000,false,,,,,,,,,,,,,4,,,,,,4,,,EN,2025-12-19T00:00:00.000Z
MALARIA_EST_DEATHS,Estimated number of malaria deaths,text,AMR,Americas,Country,NIC,Nicaragua,Year,2000,false,,,,,,,,,,,,,4,,,,,,4,,,EN,2025-12-19T00:00:00.000Z
MALARIA_EST_DEATHS,Estimated number of malaria deaths,text,EMR,Eastern Mediterranean,Country,DJI,Djibouti,Year,2000,false,,,,,,,,,,,,,4,,,1,,8,4 [1-8],,,EN,2025-12-19T00:00:00.000Z
MALARIA_EST_DEATHS,Estimated number of malaria deaths,text,AFR,Africa,Country,CAF,Central African Republic,Year,2000,false,,,,,,,,,,,,,4050,,,3730,,4440,4050 [3730-4440],,,EN,2025-12-19T00:00:00.000Z
MALARIA_EST_DEATHS,Estimated number of malaria deaths,text,AFR,Africa,Country,UGA,Uganda,Year,2000,false,,,,,,,,,,,,,42056,,,39900,,44300,42 056 [39 900-44 300],,,EN,2025-12-19T00:00:00.000Z
MALARIA_EST_DEATHS,Estimated number of malaria deaths,text,AFR,Africa,Country,MOZ,Mozambique,Year,2000,false,,,,,,,,,,,,,42536,,,39600,,45700,42 536 [39 600-45 700],,,EN,2025-12-19T00:00:00.000Z
MALARIA_EST_DEATHS,Estimated number of malaria deaths,text,WPR,Western Pacific,Country,VNM,Viet Nam,Year,2000,false,,,,,,,,,,,,,421,,,190,,720,421 [190-720],,,EN,2025-12-19T00:00:00.000Z
MALARIA_EST_DEATHS,Estimated number of malaria deaths,text,AFR,Africa,Country,ZAF,South Africa,Year,2000,false,,,,,,,,,,,,,424,,,,,,424,,,EN,2025-12-19T00:00:00.000Z
MALARIA_EST_DEATHS,Estimated number of malaria deaths,text,AFR,Africa,Country,SEN,Senegal,Year,2000,false,,,,,,,,,,,,,4360,,,4230,,4510,4360 [4230-4510],,,EN,2025-12-19T00:00:00.000Z
MALARIA_EST_DEATHS,Estimated number of malaria deaths,text,AFR,Africa,Country,TZA,United Republic of Tanzania,Year,2000,false,,,,,,,,,,,,,44280,,,42300,,46400,44 280 [42 300-46 400],,,EN,2025-12-19T00:00:00.000Z
MALARIA_EST_DEATHS,Estimated number of malaria deaths,text,AFR,Africa,Country,BFA,Burkina Faso,Year,2000,false,,,,,,,,,,,,,44696,,,41900,,47600,44 696 [41 900-47 600],,,EN,2025-12-19T00:00:00.000Z
MALARIA_EST_DEATHS,Estimated number of malaria deaths,text,AFR,Africa,Country,GMB,Gambia,Year,2000,false,,,,,,,,,,,,,456,,,440,,470,456 [440-470],,,EN,2025-12-19T00:00:00.000Z
MALARIA_EST_DEATHS,Estimated number of malaria deaths,text,WPR,Western Pacific,Country,SLB,Solomon Islands,Year,2000,false,,,,,,,,,,,,,476,,,180,,960,476 [180-960],,,EN,2025-12-19T00:00:00.000Z
MALARIA_EST_DEATHS,Estimated number of malaria deaths,text,SEAR,South-East Asia,Country,BGD,Bangladesh,Year,2000,false,,,,,,,,,,,,,484,,,,,,484,,,EN,2025-12-19T00:00:00.000Z
MALARIA_EST_DEATHS,Estimated number of malaria deaths,text,AFR,Africa,Country,GNQ,Equatorial Guinea,Year,2000,false,,,,,,,,,,,,,485,,,460,,520,485 [460-520],,,EN,2025-12-19T00:00:00.000Z
MALARIA_EST_DEATHS,Estimated number of malaria deaths,text,AFR,Africa,Country,TGO,Togo,Year,2000,false,,,,,,,,,,,,,4938,,,4670,,5240,4938 [4670-5240],,,EN,2025-12-19T00:00:00.000Z
MALARIA_EST_DEATHS,Estimated number of malaria deaths,text,AMR,Americas,Country,GUY,Guyana,Year,2000,false,,,,,,,,,,,,,50,,,23,,80,50 [23-80],,,EN,2025-12-19T00:00:00.000Z
MALARIA_EST_DEATHS,Estimated number of malaria deaths,text,WPR,Western Pacific,Country,PHL,Philippines,Year,2000,false,,,,,,,,,,,,,536,,,,,,536,,,EN,2025-12-19T00:00:00.000Z
MALARIA_EST_DEATHS,Estimated number of malaria deaths,text,AFR,Africa,Country,LBR,Liberia,Year,2000,false,,,,,,,,,,,,,5890,,,5530,,6270,5890 [5530-6270],,,EN,2025-12-19T00:00:00.000Z
MALARIA_EST_DEATHS,Estimated number of malaria deaths,text,AMR,Americas,Country,DOM,Dominican Republic,Year,2000,false,,,,,,,,,,,,,6,,,,,,6,,,EN,2025-12-19T00:00:00.000Z
MALARIA_EST_DEATHS,Estimated number of malaria deaths,text,AFR,Africa,Country,RWA,Rwanda,Year,2000,false,,,,,,,,,,,,,6177,,,5910,,6460,6177 [5910-6460],,,EN,2025-12-19T00:00:00.000Z
MALARIA_EST_DEATHS,Estimated number of malaria deaths,text,SEAR,South-East Asia,Country,THA,Thailand,Year,2000,false,,,,,,,,,,,,,625,,,,,,625,,,EN,2025-12-19T00:00:00.000Z
MALARIA_EST_DEATHS,Estimated number of malaria deaths,text,EMR,Eastern Mediterranean,Country,SDN,Sudan,Year,2000,false,,,,,,,,,,,,,6389,,,2750,,11300,6389 [2750-11 300],,,EN,2025-12-19T00:00:00.000Z
MALARIA_EST_DEATHS,Estimated number of malaria deaths,text,AFR,Africa,Country,BEN,Benin,Year,2000,false,,,,,,,,,,,,,6403,,,6060,,6770,6403 [6060-6770],,,EN,2025-12-19T00:00:00.000Z
MALARIA_EST_DEATHS,Estimated number of malaria deaths,text,AMR,Americas,Country,ECU,Ecuador,Year,2000,false,,,,,,,,,,,,,66,,,,,,66,,,EN,2025-12-19T00:00:00.000Z
MALARIA_EST_DEATHS,Estimated number of malaria deaths,text,AFR,Africa,Country,MRT,Mauritania,Year,2000,false,,,,,,,,,,,,,693,,,660,,730,693 [660-730],,,EN,2025-12-19T00:00:00.000Z
MALARIA_EST_DEATHS,Estimated number of malaria deaths,text,SEAR,South-East Asia,Country,LKA,Sri Lanka,Year,2000,false,,,,,,,,,,,,,77,,,,,,77,,,EN,2025-12-19T00:00:00.000Z
MALARIA_EST_DEATHS,Estimated number of malaria deaths,text,AFR,Africa,Country,SWZ,Eswatini,Year,2000,false,,,,,,,,,,,,,83,,,,,,83,,,EN,2025-12-19T00:00:00.000Z
MALARIA_EST_DEATHS,Estimated number of malaria deaths,text,AFR,Africa,Country,COM,Comoros,Year,2000,false,,,,,,,,,,,,,89,,,31,,180,89 [31-180],,,EN,2025-12-19T00:00:00.000Z
MALARIA_EST_DEATHS,Estimated number of malaria deaths,text,AFR,Africa,Country,COD,Democratic Republic of the Congo,Year,2000,false,,,,,,,,,,,,,93208,,,85300,,103000,93 208 [85 300-103 000],,,EN,2025-12-19T00:00:00.000Z
MALARIA_EST_DEATHS,Estimated number of malaria deaths,text,EMR,Eastern Mediterranean,Country,AFG,Afghanistan,Year,2000,false,,,,,,,,,,,,,965,,,410,,1880,965 [410-1880],,,EN,2025-12-19T00:00:00.000Z
MALARIA_EST_DEATHS,Estimated number of malaria deaths,text,AFR,Africa,Country,ERI,Eritrea,Year,2000,false,,,,,,,,,,,,,98,,,25,,240,98 [25-240],,,EN,2025-12-19T00:00:00.000Z
MALARIA_EST_DEATHS,Estimated number of malaria deaths,text,AFR,Africa,Country,TCD,Chad,Year,2000,false,,,,,,,,,,,,,9872,,,9280,,10500,9872 [9280-10 500],,,EN,2025-12-19T00:00:00.000Z
MALARIA_EST_DEATHS,Estimated number of malaria deaths,text,EMR,Eastern Mediterranean,Country,PAK,Pakistan,Year,2000,false,,,,,,,,,,,,,992,,,300,,2570,992 [300-2570],,,EN,2025-12-19T00:00:00.000Z
